0x006dd5b4,_dadd
0x006ddf48,_dcmp
0x006de1a0,_dcmp_reverse
0x006dd88c,_ddiv
0x006ddd58,_dfix
0x006dde08,_dfixu
0x006dde90,_dflt
0x006ddf3c,_dfltu
0x006d9938,_divmod_signed_int
0x006daf94,_divmod_unsigned_int
0x006ddfd0,_dmul
0x006de240,_drsb
0x006de3cc,_dsub
0x006de750,_f2d
0x006de8d4,_fdiv
0x006deab8,_ffix
0x006deb2c,_ffixu
0x006deb8c,_fflt
0x006debc0,_ffltu
0x006dec40,_fmul
0xff028804,_GetSystemTime
0x006dbd88,_log
0x006dc2c8,_log10
0x006dc440,_pow
0x006dd3f0,_safe_sqrt
0x006df140,_scalbn
0x006de258,_sqrt
0xff024a04,_uartr_req
0xff1aa9fc,AbortAEIntegralValue_FW
0xff039620,AcquireRecursiveLock
0xff02865c,AcquireRecursiveLockStrictly
0xff1ad16c,ActivateAdjLog_FW
0xff4415dc,ActivateImageDrive_FW
0xff11b374,ActivateImager_FW
0xff11b40c,ActivateImagerXOne_FW
0xff1518dc,add_ptp_handler
0xff2029a8,add_ui_to_dialog
0xff1ef22c,AdditionAgentRAM_FW
0xff31e8dc,AddTransparentMemory_FW
0xff443304,AdjAEWithAperturePriority_FW
0xff4432ac,AfAEWithAperturePriority_FW
0xff4434b4,AfAEWithCompensation_FW
0xff117c6c,AFTool.GetEVal_FW
0xff117e94,AFTool.SetAFLogType_FW
0xff117e9c,AFTool.SetDebugAFSequence_FW
0xff117e64,AFTool.StoreAFixPosition_FW
0xff35f230,AllocateMemory
0xff35f230,AllocateMemory_FW
0xff027fc8,AllocateUncacheableMemory
0xff2d30d0,apex2us
0xff03a5cc,atol_FW
0xff1ab804,AttachIntegCrawData_FW
0xff31e914,AttachToTransparentMemory_FW
0xff42a068,Bat_Calc_FW
0xff42a108,Bat_CalcSubCPU_FW
0xff444c98,Bat_Save_FW
0xff444c84,Bat_VIN_FW
0xff07438c,BeepDrive_FW
0xff0743ac,BeepDriveComp_FW
0x006d98e4,bzero
0xff442274,CalcLog10
0xff4422b0,CalcLog10_FW
0xff44bae8,CalcLoopGain_FW
0xff444cb0,CalcLowBatteryOffsetValue_FW
0xff4423a0,CalcSqrt_FW
0xff42a068,CalculateBatSenseOffset_FW
0xff42a108,CalculateBatSenseOffsetSubCPU_FW
0xff44a660,CalculateInterpolationByLS_FW
0xff442244,CalculateLog2ToApex_FW
0xff44221c,CalculatePeakFromLeastSquareResult_FW
0xff44a608,CalculatePeakPosByLS_FW
0xff442258,CalculatePow2FromApex_FW
0xff087770,CalculateTestRecYUVData_FW
0xff0613b8,cameracon_get_state
0xff05eabc,cameracon_set_state
0xff35ec0c,CamInfo_Debug_FW
0xff4430e4,CancelAdj_AEMode_FW
0xff447a34,CancelAdjCdsMode_FW
0xff449008,CancelBPFilterForBP_FW
0xff4429ac,CancelExStrobeMode_FW
0xff3589c4,CancelFocusLensMaxSpeedLimit_FW
0xff0aa38c,CancelHPTimer
0xff4413cc,CancelImageDrive_FW
0xff11b5e0,CancelImager_FW
0xff44bdb8,CancelLoopGainCalc_FW
0xff028a48,CancelTimer
0xff1e3e98,Capture.Create_FW
0xff4414c8,CaptureWithParam_FW
0xff31c608,ChangeAdjImgDrvMode_FW
0xff31c634,ChangeAEIntegDrvTypeToAdjImgDriveType_FW
0xff11b76c,ChangeAutoSlowShutterEnable_FW
0xff29d318,ChangeDefectRecParam_FW
0xff29d618,ChangeDefectSpecParam_FW
0xff444a14,ChangeDistortionSetForLiveImage_FW
0xff444a3c,ChangeElectronicRollISSetting_FW
0xff44b99c,ChangeFilterMode_FW
0xff358b24,ChangeFocusDistanceToPosition_FW
0xff35900c,ChangeFocusLensStopSettingType_FW
0xff441510,ChangeImageDrive_FW
0xff11b664,ChangeImagerToAlternateDraft_FW
0xff11b73c,ChangeImagerToAstroMetamorphose_FW
0xff11b624,ChangeImagerToCombiParallel_FW
0xff11b65c,ChangeImagerToDigiconMode_FW
0xff11b6d4,ChangeImagerToElectraGlide_FW
0xff11b724,ChangeImagerToElectraGlideNepal_FW
0xff11b71c,ChangeImagerToEsperRocketH_FW
0xff11b734,ChangeImagerToEsperRocketHNepal_FW
0xff11b6bc,ChangeImagerToFalconJump_FW
0xff11b69c,ChangeImagerToFantaJungle_FW
0xff11b634,ChangeImagerToFocusJet_FW
0xff11b68c,ChangeImagerToHarleyDavidson_FW
0xff11b6fc,ChangeImagerToHarleyDavidsonNepal_FW
0xff11b6ec,ChangeImagerToHarleySunshine_FW
0xff11b72c,ChangeImagerToHarleySunshineNepal_FW
0xff11b6cc,ChangeImagerToHealthyVegetable_FW
0xff11b64c,ChangeImagerToHoneyFlash_FW
0xff11b6a4,ChangeImagerToHoneyFlashDark_FW
0xff11b714,ChangeImagerToLasVegasMagic_FW
0xff11b6b4,ChangeImagerToLCWideDraft_FW
0xff11b694,ChangeImagerToMachDashV_FW
0xff11b63c,ChangeImagerToMangoPudding_FW
0xff11b654,ChangeImagerToMillefeAdjust_FW
0xff11b67c,ChangeImagerToMontblancMillefe_FW
0xff11b684,ChangeImagerToMontblancMovie_FW
0xff11b674,ChangeImagerToMontblancWhole_FW
0xff11b65c,ChangeImagerToOITA_XAVIER_FW
0xff11b604,ChangeImagerToRegularDrive_FW
0xff11b6ac,ChangeImagerToRoadKing_FW
0xff11b704,ChangeImagerToRoadKingNepal_FW
0xff11b6f4,ChangeImagerToRoadQueen_FW
0xff11b6c4,ChangeImagerToSpriteSunshine_FW
0xff11b644,ChangeImagerToSuperWideDraft_FW
0xff11b70c,ChangeImagerToSuperWideNepal_FW
0xff11b66c,ChangeImagerToUltraGhostQ_FW
0xff11b6e4,ChangeImagerToVeryFastMangoPudding_FW
0xff11b6dc,ChangeImagerToVeryFastWideDraft_FW
0xff11b60c,ChangeImagerToWholeParallel_FW
0xff11b614,ChangeImagerToWholeParallelBP_FW
0xff11b62c,ChangeImagerToWideDraft_FW
0xff11b61c,ChangeImagerToWideDraftFinancier_FW
0xff359744,ChangeIrisSpeed_FW
0xff35b4fc,ChangeParallelMode_FW
0xff44b9cc,ChangeToISCloseControl_FW
0xff359b98,ChangeZoomLensMagnificationToPoint_FW
0xff359b88,ChangeZoomLensPointToMagnification_FW
0xff359b78,ChangeZoomPointToPosition_FW
0xff4429fc,ChargeStrobe_FW
0xff442a34,ChargeStrobeForFA_FW
0xff038d9c,CheckAllEventFlag
0xff038d40,CheckAnyEventFlag
0xff31d124,CheckNFCExternalWrite_FW
0xff31d114,CheckNFCTagWithCount_FW
0xff0ac1f4,CheckSumAll_FW
0xff357a5c,ClearCzRecordingMovie_FW
0xff29d56c,ClearDefectTurnTable_FW
0xff02e084,ClearDUIDFixFlag_FW
0xff02e004,ClearDurianMode_FW
0xff039000,ClearEventFlag
0xff02e1b0,ClearFactoryMasterFlag_FW
0xff02e1c8,ClearFactoryMasterROMProtection_FW
0xff02e004,ClearFactoryMode_FW
0xff04da40,ClearImageDrive_FW
0xff44bda8,ClearISCalcZData_FW
0xff35ac0c,ClearISIComponent_FW
0xff35b580,ClearISZData_FW
0xff144034,ClearNFCOptUnitAssemblyAreaData_FW
0xff1434f0,ClearNFCSystemArea_FW
0xff46cbf4,ClearPMByFs_FW
0xff46cbe4,ClearPMByGpio_FW
0xff31cd34,ClearSoundDevForRecEvent_FW
0xff02db80,ClearWLANFactoryMode_FW
0xff31e450,ClearZoomCommonDriveParam_FW
0xff31db68,ClearZoomDriveParam_FW
0xff027414,Close
0xff027414,Close_FW
0xff0acfc8,CloseConsole_FW
0xff33cc1c,closedir
0xff359350,CloseMechaShutter_FW
0xff3593a8,CloseMechaShutterWithTiming_FW
0xff445d18,CloseMShutter_FW
0xff172214,ConnectPtpIPService_FW
0xff31c5a0,ConvertAdjImgDrvModeToAdjImgDriveType_FW
0xff31c554,ConvertAEIntegDrvTypeToAdjImgDriveType_FW
0xff442308,ConvertApexStdToApex_FW
0xff4422d8,ConvertApexToApexStd_FW
0xff4428bc,ConvertCxCyToWBGain_FW
0xff447ae8,ConvertToPositionWithDistance_FW
0xff447acc,ConvertToPositionWithDistanceAndZoomPoint_FW
0xff441700,ConvertTvToExposureTime_FW
0xff4416d4,CorrectMvFrMem2MemAfterDefMark_FW
0xff0acd28,CPrintf_FW
0xff0acd80,CPutChar_FW
0xff080f74,CreateAdjustmentTableMirror_FW
0xff0280ac,CreateBinarySemaphore
0xff0284cc,CreateBinarySemaphoreStrictly
0xff0af328,CreateController_FW
0xff028130,CreateCountingSemaphore
0xff028130,CreateCountingSemaphore_FW
0xff0284f4,CreateCountingSemaphoreStrictly
0xff080f84,CreateDefectTableMirror_FW
0xff1fdcb4,CreateDialogBox
0xff038c78,CreateEventFlag
0xff0284a4,CreateEventFlagStrictly
0xff1aca80,CreateFADBGSingalID_FW
0xff445f84,CreateJumptable
0xff0390d4,CreateMessageQueue
0xff02847c,CreateMessageQueueStrictly
0xff035db8,CreateProxyOfEventProcedure_FW
0xff039560,CreateRecursiveLock
0xff02851c,CreateRecursiveLockStrictly
0xff025140,CreateTask
0xff025140,CreateTask_FW
0xff028444,CreateTaskStrictly
0xff02840c,CreateTaskStrictly_alt
0xff081c04,CreateUserSettingMirror_FW
0xff29c83c,CrossDefDetect_FW
0xff29ca40,CrowdLineDetect_FW
0xff29cbc0,CrowdLineKizuCheck_FW
0xff0af5ac,CtrlMan_ChangeZOrder_FW
0xff3579d0,CzDebugPrint_FW
0xff3579c0,CzDebugPrintToFile_FW
0xff020234,dcache_clean_flush_and_disable
0xff020300,dcache_clean_flush_range
0xff0202a0,dcache_clean_range
0xff02020c,dcache_flush_and_enable
0xff020284,dcache_flush_range
0xff35a39c,DcmTfMeasure_FW
0xff35a458,DcmTfMeasureForSD_FW
0xff359f88,DcmWowFla_FW
0xff35a044,DcmWowFlaForSD_FW
0xff025500,DebugAssert
0xff0af408,DeleteController_FW
0xff026d64,DeleteDirectory_Fut
0xff038cd8,DeleteEventFlag
0xff039184,DeleteMessageQueue
0xff035e10,DeleteProxyOfEventProcedure_FW
0xff0395b8,DeleteRecursiveLock
0xff028190,DeleteSemaphore
0xff028190,DeleteSemaphore_FW
0xff445c38,DevelopStillPicture_FW
0xff2a2944,DevelopTool.DevelopTest_FW
0xff1ac344,DeviceUniqueIDCheckSum_FW
0xff1af9b8,DisableDebugLogMode_FW
0xff35af54,DisableDISModeChange_FW
0x006b1b10,DisableDispatch_low
0xff358a20,DisableFocusLens_FW
0xff358a9c,DisableFocusLensSilentMode_FW
0xff357690,DisableFocusPiCircuit_FW
0xff4416a4,DisableHeadDirectCapturePath_FW
0xff35b5d0,DisableISAutoGyroOffset_FW
0xff35ac94,DisableISDriveError
0xff35ac94,DisableISDriveError_FW
0xff359118,DisableLensError_FW
0xff35b690,DisableMacroIS_FW
0xff357670,DisableMechaCircuit_FW
0xff357784,DisableResetGpio_FW
0xff35a75c,DisableZoomActuatorSpeedLog_FW
0xff3576d8,DisableZoomEncoderCircuit_FW
0xff359b34,DisableZoomLensElectricControl_FW
0xff359b68,DisableZoomLensEncoderPowerControl_FW
0xff359b0c,DisableZoomLensSpeedControl_FW
0xff3576b4,DisableZoomPiCircuit_FW
0xff172220,DisconnectPtpIPService_FW
0xff0715dc,DispCon_GetLcdGainAdjParameter_FW
0xff0713f4,DispCon_GetVideoAdjParameter_FW
0xff071628,DispCon_SaveLcdGainAdjParameter_FW
0xff07147c,DispCon_SaveVideoAdjParameter_FW
0xff070f5c,DispCon_SetDisplayType_FW
0xff07158c,DispCon_SetLcdGainAdjParameter_FW
0xff0712ec,DispCon_SetMaxBackLightBrightness_FW
0xff07136c,DispCon_SetVideoAdjParameter_FW
0xff070eac,DispCon_ShowBitmapColorBar
0xff070eac,DispCon_ShowBitmapColorBar_FW
0xff070e90,DispCon_ShowBlackChart_FW
0xff070ce4,DispCon_ShowColorBar_FW
0xff070f7c,DispCon_ShowColorChart_FW
0xff070f08,DispCon_ShowCustomColorBar_FW
0xff070d50,DispCon_ShowFiveStep_FW
0xff071618,DispCon_ShowLcdGainAdjParameter_FW
0xff07116c,DispCon_ShowNStepsChart_FW
0xff071450,DispCon_ShowVideoAdjParameter_FW
0xff070e44,DispCon_ShowWhiteChart_FW
0xff070f98,DispCon_ShowWhiteLine_FW
0xff0712e4,DispCon_TurnOffBackLight_FW
0xff0712cc,DispCon_TurnOffDisplay_FW
0xff0712dc,DispCon_TurnOnBackLight_FW
0xff0712bc,DispCon_TurnOnDisplay_FW
0xff1e376c,DispDev.Create_FW
0xff1e239c,DispDev_EnableEventProc_FW
0xff0c45b4,DisplayBusyOnScreen
0xff1fe3d8,DisplayDialogBox
0xff02d4e0,DisplayFactoryMode_FW
0xff0633b0,DispSwCon_TurnOffDisplay_FW
0xff0333f0,DoAELock
0xff033030,DoAFLock
0xff441684,DoMemToMemDarkSubtraction_FW
0xff0d2000,DoMovieFrameCapture
0xff1e2514,Driver.Create_FW
0xff1e2514,Driver_EnableEventProc_FW
0x006d9800,dry_memcpy
0x006d97c0,dry_memzero
0xff034868,drysh_FW
0xff02dc1c,DummyUSBConnection_FW
0xff1e2a3c,Dump32_FW
0xff1e2a2c,Dump_FW
0xff080608,DumpAdjMirror_FW
0xff31e89c,DumpTransparentMemoryItem_FW
0xff11b260,E2LatOn_FW
0xff188a64,Edet.Create_FW
0xff188a48,Edet.Delete_FW
0xff2a5f5c,EF.AdjPreFlash_FW
0xff2a5f3c,EF.FlashForColorTempEvaluation_FW
0xff2a5f1c,EF.FlashWithoutSync_FW
0xff418ff4,EF.GetAdjustPreSvOffset_FW
0xff2a5e40,EF.GetEFModAddPixelGain_FW
0xff418ff8,EF.GetEFModExamDriveType_FW
0xff2a5e34,EF.GetEFY2_FW
0xff2a5d94,EF.GetEFY_FW
0xff0d7168,EF.IsChargeFull_FW
0xff41900c,EF.IsIrisTypeKosaiShibori_FW
0xff2a5f98,EF.SetChargeMode_FW
0xff2a5d7c,EF.SetChargeOnTime_FW
0xff2a5d60,EF.SetEFChargeTimeOut_FW
0xff2a5f44,EF.SetMainFlashTime_FW
0xff2a5cec,EF.StartEFCharge_FW
0xff2a5e94,EF.StartInternalMainFlash_FW
0xff2a5e54,EF.StartInternalPreFlash_FW
0xff2a5d50,EF.StopEFCharge_FW
0xff1af9a4,EnableDebugLogMode_FW
0xff35af64,EnableDISModeChange_FW
0x006b1b3c,EnableDispatch_low
0xff3589d4,EnableFocusLens_FW
0xff358a70,EnableFocusLensSilentMode_FW
0xff357680,EnableFocusPiCircuit_FW
0xff4416a0,EnableHeadDirectCapturePath_FW
0xff0250c8,EnableInterrupt
0xff35b5c0,EnableISAutoGyroOffset_FW
0xff35ac84,EnableISDriveError_FW
0xff359108,EnableLensError_FW
0xff35b5f0,EnableMacroIS_FW
0xff357660,EnableMechaCircuit_FW
0xff357768,EnableResetGpio_FW
0xff35a74c,EnableZoomActuatorSpeedLog_FW
0xff3576c8,EnableZoomEncoderCircuit_FW
0xff359b20,EnableZoomLensElectricControl_FW
0xff359b58,EnableZoomLensEncoderPowerControl_FW
0xff359af8,EnableZoomLensSpeedControl_FW
0xff3576a4,EnableZoomPiCircuit_FW
0xff18d110,EngApp.Create_FW
0xff1e3f24,EngApp.CreatePub_FW
0xff18d0bc,EngApp.Delete_FW
0xff02d220,EngDrvBits
0xff30846c,EngDrvBits_FW
0xff02d204,EngDrvIn
0xff30845c,EngDrvIn_FW
0xff02d1ec,EngDrvOut
0xff308440,EngDrvOut_FW
0xff02d20c,EngDrvRead
0xff308464,EngDrvRead_FW
0xff308488,EngDrvReadDump_FW
0xff1e3edc,EngineDriver.Create_FW
0xff033318,EnterToCompensationEVF
0xff0a7134,EpilogFile_FW
0xff0a71a0,EpilogMenu_FW
0xff0a6e3c,EpilogShow_FW
0xff0805cc,EraseAdjustmentArea_FW
0xff0a63b8,EraseLogSector_FW
0xff07688c,EraseRom_FW
0xff1e2508,EraseSignature_FW
0xff0248d0,err_init_task
0xff357ba4,EscapeFocusLens_FW
0xff35f27c,exec_FW
0xff08729c,Executedccd_FW
0xff29d370,ExecuteDefectRec_FW
0xff29d3ac,ExecuteDefectRecAndSaveImage_FW
0xff29d474,ExecuteDefectRecAndSaveImageWithGrade_FW
0xff29d430,ExecuteDefectRecWithGrade_FW
0xff086b7c,ExecuteDigicon_FW
0xff035474,ExecuteEventProcedure
0xff0354ec,ExecuteEventProcedure_FW
0xff174ff8,ExecuteInitFactorySetting_FW
0xff442aa0,ExecuteInternalPreFlash_FW
0xff0a8c80,ExecuteShutDownPropertyService_FW
0xff0875e0,ExecuteSubCameraTestRec_FW
0xff0875cc,ExecuteTestRec_FW
0xff0875e8,ExecuteTestRecCF_FW
0xff0877c4,ExecuteTestRecDevelopProcess_FW
0xff0875e8,ExecuteTestRecSD_FW
0xff087718,ExecuteTestRecSw1_FW
0xff087700,ExecuteTestRecWithInteg_FW
0xff03336c,ExitFromCompensationEVF
0xff0254b0,ExitTask
0xff0254b0,ExitTask_FW
0xff034978,ExMem.View_FW
0xff027c78,ExMem_FW
0xff0ec870,ExpCtrlTool.SetExpMode_FW
0xff0ec8c0,ExpCtrlTool.SoundDevTest_FW
0xff0458ac,ExpCtrlTool_StartContiAE
0xff045c2c,ExpCtrlTool_StopContiAE
0xff035dac,ExportToEventProcedure_FW
0xff1e3748,FA.Create_FW
0xff1e3734,FA.Delete_FW
0xff4457cc,FactoryPowerOffWithTimer_FW
0xff445888,FactoryResetWithShutdownTimer_FW
0xff1acb88,FADBGPrintf_FW
0xff1aca90,FADBGSingal_FW
0xff1acccc,FAPrintf_FW
0xff026dfc,Fclose_Fut
0xff026dfc,Fclose_Fut_FW
0xff026fe8,Feof_Fut
0xff027024,Fflush_Fut
0xff026f50,Fgets_Fut
0xff1c1f04,File.ClearExifInfo_FW
0xff1c27f0,File.Create_FW
0xff1c20bc,File.Delete_AllImg_FW
0xff1c2228,File.SetSACustomEffect_FW
0xff44302c,FixAEWithCompensation_FW
0xff35abcc,FixISStatus_FW
0xff21d928,FmtMenu_ExecuteQuickFormat_FW
0xff442ee4,FocusAEWithCompensation_FW
0xff358d08,FocusLensStopQuickly_FW
0xff026dbc,Fopen_Fut
0xff026dbc,Fopen_Fut_FW
0xff357a48,ForceCzRecordingMovie_FW
0xff026ea8,Fread_Fut
0xff026ea8,Fread_Fut_FW
0xff025840,free
0xff35f228,FreeMemory
0xff35f228,FreeMemory_FW
0xff028004,FreeUncacheableMemory
0xff026f9c,Fseek_Fut
0xff026f9c,Fseek_Fut_FW
0xff026efc,Fwrite_Fut
0xff026efc,Fwrite_Fut_FW
0xff1246dc,get_current_deltasv
0xff0f4360,get_current_exp
0xff34c548,get_current_nd_value
0xff031198,get_fstype
0xff34c5a8,get_nd_value
0xff141360,get_ptp_buf_size
0xff2e5e54,get_ptp_file_buf
0xff0a8e88,get_resource_pointer
0xff0234d8,get_self_task_errno_pointer
0x006b1b90,get_self_task_id
0xff2030dc,get_string_by_id
0x006b21d4,get_task_properties
0xff0724a8,GetAdChValue
0xff0724a8,GetAdChValue_FW
0xff4494ac,GetAdjAFInteg_FW
0xff081b80,GetAdjDataAreaAddress_FW
0xff081b88,GetAdjDurianFlagSize_FW
0xff080668,GetAdjTableMapVersion_FW
0xff080678,GetAdjTableValueVersion_FW
0xff080630,GetAdjTableVersion_FW
0xff081b5c,GetAdjustmentOffset_FW
0xff0724a0,GetAdVBattBottom_FW
0xff1ab3d0,GetAEIntegralServiceMode_FW
0xff1ab06c,GetAEIntegralValueWithFix_FW
0xff1ab3c4,GetAEIntegValueBit_FW
0xff1aaf6c,GetAEIntegWinData_FW
0xff1aaf80,GetAEIntegWinDataWithMode_FW
0xff1ab190,GetAllAEIntegralAllValueWithFix_FW
0xff2c667c,GetBaseSv
0xff02d09c,GetBatteryCoverClose_FW
0xff07a340,GetBatteryMilliTemperature_FW
0xff07a1a0,GetBatteryTemperature
0xff07a1a0,GetBatteryTemperature_FW
0xff31d3ac,GetBatteryVoltage_FW
0xff0ac0a8,GetBuildDate_FW
0xff0ac0bc,GetBuildTime_FW
0xff31ca74,GetCameraInformationData_FW
0xff07a2c0,GetCCDMilliTemperature_FW
0xff07a12c,GetCCDTemperature
0xff07a12c,GetCCDTemperature_FW
0xff447738,GetCdsGainValue_FW
0xff4478a0,GetCdsPreGainReg_FW
0xff0acda8,GetCh_FW
0xff0ac44c,GetChipVersion_FW
0xff44499c,GetContinuousMovieJpegVRAMData_FW
0xff44402c,GetContinuousVRAMData_FW
0xff4447a8,GetContinuousVRAMDataWithRingBuffer_FW
0xff1ab9c4,GetCrawDataAddr_FW
0xff441524,GetCrwImageInfo_FW
0xff441674,GetCrwInfoData_FW
0xff31c51c,GetCurrentAdjImgDriveType_FW
0xff1ac0d8,GetCurrentAvCoefficient_FW
0xff092160,GetCurrentAvValue
0xff092160,GetCurrentAvValue_FW
0xff0bc3dc,GetCurrentCaptureModeType_FW
0xff31ca24,GetCurrentCcdTemp_FW
0xff0d075c,GetCurrentDriveBaseSvValue
0xff4478c0,GetCurrentDriveBaseSvValue_FW
0xff1283f4,GetCurrentExposureTime_FW
0xff1d5218,GetCurrentFocusLensPosition_FW
0xff1d5218,GetCurrentFocusPosition_FW
0xff31c534,GetCurrentImgDrvMode_FW
0xff1ac0a8,GetCurrentIrisPosition_FW
0xff0a7cac,GetCurrentMachineTime
0xff1ad1b0,GetCurrentMaximumLogSize_FW
0xff31ca44,GetCurrentOptTemp_FW
0xff128038,GetCurrentShutterSpeed
0xff128038,GetCurrentShutterSpeed_FW
0xff1d51b0,GetCurrentTargetDistance_FW
0xff31d920,GetCurrentZoomLensDirection_FW
0xff1d8590,GetCurrentZoomLensPoint_FW
0xff1d84e0,GetCurrentZoomLensPosition_FW
0xff1d8590,GetCurrentZoomPoint_FW
0xff1d84e0,GetCurrentZoomPosition_FW
0xff091924,GetCzDebugFocusMode_FW
0xff357944,GetCZFramingAssistAutoHighSpeed_FW
0xff35794c,GetCZFramingAssistAutoLowSpeed_FW
0xff35793c,GetCZFramingAssistStillSpeed_FW
0xff35792c,GetCZMovieDefaultSpeed_FW
0xff357914,GetCZMovieHighSpeed_FW
0xff35791c,GetCZMovieLowSpeed_FW
0xff357924,GetCZStillDefaultSpeed_FW
0xff357904,GetCZStillHighSpeed_FW
0xff35790c,GetCZStillLowSpeed_FW
0xff117e48,GetDarkFixedFocusPosition_FW
0xff1e2974,GetDateAndTime_FW
0xff44511c,GetDay_FW
0xff0874cc,GetdccdFilterValue_FW
0xff087430,GetdccdImage_FW
0xff46cd38,GetDcmSpeedLog_FW
0xff081568,GetDCPAdjOffset_FW
0xff29ce90,GetDefectAllResultData_FW
0xff29ce0c,GetDefectCrawInfo_FW
0xff29d634,GetDefectErrorInfo_FW
0xff29d020,GetDefectHistgramInfo_FW
0xff29cedc,GetDefectPartResultData_FW
0xff29d0e4,GetDefectRecParamForCorrelationTest_FW
0xff29d57c,GetDefectTurnTableParam_FW
0xff29d05c,GetDefectTvAdj_FW
0xff02d08c,GetDialEventId_FW
0xff0968c4,GetDISModeParameter_FW
0xff35af34,GetDISModeParamType_FW
0xff35b1cc,GetDisSupportStatus_FW
0xff031220,GetDrive_ClusterSize
0xff031984,GetDrive_FreeClusters
0xff031958,GetDrive_TotalClusters
0xff186f40,GetDriverInfoEvent_FW
0xff445758,GetEFUSEData_FW
0xff03904c,GetEventFlagValue
0xff442984,GetExStrobeID_FW
0xff306ca8,GetFaceAuthBinAddr_FW
0xff306cb0,GetFaceAuthBinSize_FW
0xff0ac0d0,GetFirmwareVersion_FW
0xff096a5c,GetFixedPWMOutA_FW
0xff096a68,GetFixedPWMOutB_FW
0xff1d5738,GetFocusDefaultResetPosition_FW
0xff1d5654,GetFocusLensAvCoefficient_FW
0xff358d80,GetFocusLensCarrierFrequency_FW
0xff349278,GetFocusLensCurrentPosition_FW
0xff34927c,GetFocusLensCurrentPositionWithMotor_FW
0xff349280,GetFocusLensDriveVoltage_FW
0xff359020,GetFocusLensFinalStopSettingTime_FW
0xff349334,GetFocusLensGainSlope_FW
0xff3492ec,GetFocusLensHoldVoltage_FW
0xff357b28,GetFocusLensIrisCoefficient_FW
0xff358b84,GetFocusLensLoadCamTable_FW
0xff358b04,GetFocusLensLoadSubjectDistance_FW
0xff358c6c,GetFocusLensMoveMaxPosition_FW
0xff358c84,GetFocusLensMoveMinPosition_FW
0xff358ca0,GetFocusLensMoveRangeOfTelePoint_FW
0xff358afc,GetFocusLensPositionRatio_FW
0xff1d4dc0,GetFocusLensPullInMaxSpeed_FW
0xff34896c,GetFocusLensResetDefaultPosition_FW
0xff34895c,GetFocusLensResetPosition_FW
0xff466110,GetFocusLensResetVoltage_FW
0xff1d51b0,GetFocusLensSubjectDistance
0xff358ad8,GetFocusLensSubjectDistance_FW
0xff358af4,GetFocusLensSubjectDistanceNumber_FW
0xff1d6b08,GetFocusPiSensorLevel_FW
0xff1d56cc,GetFocusResetPosition_FW
0xff093288,GetFocusStartZoomPosition_FW
0xff441878,GetFrameRateWithApex_FW
0xff445220,GetFromCountOfRom_FW
0xff096518,GetGyro10BitDACPitch_FW
0xff096524,GetGyro10BitDACYaw_FW
0xff0964b0,GetGyroDataPitch_FW
0xff0964d8,GetGyroDataYaw_FW
0xff35b40c,GetGyroFilterCharge_FW
0xff44bbf4,GetGyroFilterChargeStatus_FW
0xff096530,GetGyroHPFINOffsetPitch_FW
0xff09653c,GetGyroHPFINOffsetYaw_FW
0xff096548,GetGyroHPFINPitch_FW
0xff096554,GetGyroHPFINYaw_FW
0xff445144,GetHour_FW
0xff321dc0,getImageDirName
0xff1b40cc,GetImageFolder
0xff078b6c,GetInputAverageLevel_FW
0xff0ac14c,GetInternalFirmwareVersion_FW
0xff092160,GetIrisAv_FW
0xff35b1d4,GetISCenterDrivebyAxisType_FW
0xff35afac,GetISCenterShiftA_FW
0xff35afc8,GetISCenterShiftB_FW
0xff35adcc,GetISCrossTalkComp_FW
0xff44bc30,GetISCrossTalkCompCoeff_FW
0xff35a920,GetISDriveAaxis_FW
0xff35a940,GetISDriveBaxis_FW
0xff35b42c,GetISFirmVersion_FW
0xff44ba5c,GetISGyro10BitDACPitch_FW
0xff44ba64,GetISGyro10BitDACYaw_FW
0xff44ba3c,GetISGyroData_FW
0xff44ba2c,GetISGyroDataPitch_FW
0xff44ba34,GetISGyroDataYaw_FW
0xff35b26c,GetISGyroGainAaxis_FW
0xff35b28c,GetISGyroGainBaxis_FW
0xff35b2ac,GetISGyroGainbyAxisType_FW
0xff44ba74,GetISGyroHPFINOffsetPitch_FW
0xff44ba7c,GetISGyroHPFINOffsetYaw_FW
0xff44ba44,GetISGyroHPFINPitch_FW
0xff44ba4c,GetISGyroHPFINYaw_FW
0xff44ba6c,GetISGyroOffset10BitDACData_FW
0xff44ba84,GetISGyroOffsetHPFINData_FW
0xff44bd44,GetISGyroPitchGain_FW
0xff44bd98,GetISGyroYawGain_FW
0xff35acbc,GetISHallAmpFirstGain_FW
0xff44bcfc,GetISHallDevicePitchGain_FW
0xff44bce4,GetISHallDevicePitchOffset_FW
0xff44bd04,GetISHallDeviceYawGain_FW
0xff44bcec,GetISHallDeviceYawOffset_FW
0xff35aa34,GetISHallGainAaxis_FW
0xff35aa54,GetISHallGainBaxis_FW
0xff35aa74,GetISHallGainbyAxisType_FW
0xff35a9a0,GetISHallOffsetAaxis_FW
0xff35a9c0,GetISHallOffsetBaxis_FW
0xff35a9e0,GetISHallOffsetbyAxisType_FW
0xff35aa14,GetISHallOffsetDacBitNum_FW
0xff44bdec,GetISHallOffsetDAConvertValue_FW
0xff44b90c,GetISHallOffsetDACValue_FW
0xff35ac1c,GetISHallOut1Amp_FW
0xff35ac40,GetISHallOut2Amp_FW
0xff44ba54,GetISHPFINGyroData_FW
0xff44b8f4,GetISLens1stHallAmpValue_FW
0xff44b92c,GetISLensCorrectedEViAaxis_FW
0xff44b938,GetISLensCorrectedEViBaxis_FW
0xff44b944,GetISLensDampAaxis_FW
0xff44b94c,GetISLensDampBaxis_FW
0xff44bd24,GetISLensDriveValue_FW
0xff44b914,GetISLensEViAaxis_FW
0xff44b920,GetISLensEViBaxis_FW
0xff44bda0,GetISLensGyroGain_FW
0xff44bd0c,GetISLensHallGain_FW
0xff44bcf4,GetISLensHallOffset_FW
0xff44bd3c,GetISLensPositionValue_FW
0xff35ad98,GetISLoopGainAdjValue_FW
0xff35ad1c,GetISLoopGainCalcData_FW
0xff35b47c,GetISParamVersion_FW
0xff44bd14,GetISPitchPWM_FW
0xff35a960,GetISPositionAaxis_FW
0xff35a980,GetISPositionBaxis_FW
0xff095e80,GetISPWMFreqData_FW
0xff095e80,GetISPWMFrequency_FW
0xff095e88,GetISPWMPeriod_FW
0xff44bd2c,GetISShiftLensPitchPosition_FW
0xff44bd34,GetISShiftLensYawPosition_FW
0xff44bd1c,GetISYawPWM_FW
0xff076610,GetKbdState
0xff445628,GetLastVBatADLevel_FW
0xff187770,GetLatestHVPosition_FW
0xff02d094,GetLcdPosition_FW
0xff1d610c,GetLensErrorStatus_FW
0xff1ad15c,GetLogData_FW
0xff1ad164,GetLogDataOnlyAddMemory_FW
0xff0afbdc,GetLogicalEventName_FW
0xff0a6380,GetLogToFile_FW
0xff44bbb4,GetLoopGain_FW
0xff44bb58,GetLoopGainCalcData_FW
0xff35b538,GetLPFParallelBest_FW
0xff4416f4,GetLvMagWindowInfo_FW
0xff35b788,GetMacroISAngleAndVelocityA_FW
0xff35b7b8,GetMacroISAngleAndVelocityB_FW
0xff44bc84,GetMacroISEstimateRadius_FW
0xff44bc8c,GetMacroISEstimateVelocity_FW
0xff35b6d0,GetMacroISEstimRadiusA_FW
0xff35b6ec,GetMacroISEstimRadiusB_FW
0xff44bc58,GetMacroISGain_FW
0xff35b718,GetMacroISGainA_FW
0xff35b734,GetMacroISGainB_FW
0xff04bd48,GetMacroSupportZoomPoint_FW
0xff1e20d0,GetMechaAdjParamData_FW
0xff093294,GetMechaCondition_FW
0xff35b454,GetMechaDSPVersion_FW
0xff35965c,GetMechaExtendTableReserveArea_FW
0xff359404,GetMechaShutterCloseDacSetting_FW
0xff1d7e70,GetMechaShutterMoveTime_FW
0xff359454,GetMechaShutterOpenDacSetting_FW
0xff1d7e98,GetMechaShutterStatus_FW
0xff023548,GetMemInfo
0xff44516c,GetMinute_FW
0xff31ce10,GetModeDialName_FW
0xff31cd54,GetModeDialState_FW
0xff04f860,GetMontblancVSize_FW
0xff4450f0,GetMonth_FW
0xff35b1ac,GetMoveEdgeWaitTime_FW
0xff05284c,GetMovieJpegVRAMHPixelsSize_FW
0xff052858,GetMovieJpegVRAMVPixelsSize_FW
0xff445da4,GetMShutterDacValue_FW
0xff445db4,GetMShutterStatus_FW
0xff34c874,GetNdMoveTime_FW
0xff31d218,GetNFCOptUnitAssemblyAreaData_FW
0xff31cf4c,GetNFCSystemAreaData_FW
0xff31d0d4,GetNFCUserAreaData_FW
0xff078b78,GetNowInputAverageLevel_FW
0xff0394b8,GetNumberOfPostedMessages
0xff4477b8,GetObClampValue_FW
0xff1ab260,GetOnlyAEIntegData_FW
0xff07a3c0,GetOpticalMilliTemperature_FW
0xff07a214,GetOpticalTemperature
0xff07a214,GetOpticalTemperature_FW
0xff1fa7bc,GetParameterData
0xff44470c,GetPixelsOfViewangle_FW
0xff081b64,GetProductID_FW
0xff0adcc4,GetPropertyCase
0xff1e28ec,GetPropertyCase_FW
0xff4415b0,GetRawBufferAdd_FW
0xff076990,GetRomID_FW
0xff02d060,GetSDDetect_FW
0xff02d068,GetSDProtect
0xff02d068,GetSDProtect_FW
0xff445194,GetSecond_FW
0xff0af644,GetSelfControllerHandle_FW
0xff028388,GetSemaphoreValue
0xff4478b8,GetSensorPreGain_FW
0xff441820,GetShutterSpeedRegularMaxLimit_FW
0xff44183c,GetShutterSpeedRegularMinLimit_FW
0xff35b10c,GetSlowWaitTime_FW
0xff0250a4,GetSRAndDisableInterrupt
0xff0acdf8,GetStringWithPrompt_FW
0xff443f28,GetSumYOfVRAMCenterLine_FW
0xff02cff4,GetSwitchStatus_FW
0xff35f268,GetSystemTime
0xff35f268,GetSystemTime_FW
0xff087764,GetTestRecCrawAddress_FW
0xff074544,GetTimeFromRTC
0xff1e24f4,GetTimeFromRTC_FW
0xff03a030,GetTimeOfSystem_FW
0xff31cab4,GetTotalShootCount_FW
0xff31e97c,GetTransparentMemory_FW
0xff31e9c0,GetTransparentMemoryPosition_FW
0xff31e96c,GetTransparentMemorySize_FW
0xff092200,GetUsableAvRange
0xff1ac084,GetUsableMaxAv
0xff1ac084,GetUsableMaxAv_FW
0xff1ac068,GetUsableMinAv
0xff1ac068,GetUsableMinAv_FW
0xff441810,GetUserSetShutterSPeed_FW
0xff039934,GetValidSystemCalender
0xff02be2c,GetVBatVoltage_FW
0xff4435b8,GetVideoOutType
0xff4435b8,GetVideoOutType_FW
0xff052834,GetVRAMHPixelsSize
0xff052834,GetVRAMHPixelsSize_FW
0xff052840,GetVRAMVPixelsSize
0xff052840,GetVRAMVPixelsSize_FW
0xff29d5ec,GetWaitTemperatureDriveType_FW
0xff35b0d0,GetWaitTime_FW
0xff31c918,GetWLANEepromNum_FW
0xff31c858,GetWLANMACAddress_FW
0xff4450c0,GetYear_FW
0xff34d104,GetZoomActuatorCurrentPosition_FW
0xff34d13c,GetZoomActuatorSpeedPPS_FW
0xff466c7c,GetZoomAmpereLimitOffTime_FW
0xff31e394,GetZoomDefaultCommonDriveParam_FW
0xff31e174,GetZoomDefaultDriveParam_FW
0xff1d9150,GetZoomDrivingTime_FW
0xff1d8590,GetZoomLensCurrentPoint
0xff1d8590,GetZoomLensCurrentPoint_FW
0xff34ec04,GetZoomLensCurrentPosition
0xff1d84e0,GetZoomLensCurrentPosition_FW
0xff359aa8,GetZoomLensDriveAmpereDac_FW
0xff1da1dc,GetZoomLensDriveResetAmpereDac_FW
0xff1d914c,GetZoomLensMechaEdgePosition_FW
0xff1d9178,GetZoomLensMinimumSpeedMoveLimitTime_FW
0xff31d608,GetZoomLensResetPlus_FW
0xff1d8168,GetZoomLensResetWidePosition_FW
0xff1da3ec,GetZoomLensSinkPosition_FW
0xff1d8a3c,GetZoomLensTelePoint_FW
0xff31e334,GetZoomNormalDriveParam_FW
0xff1da2d8,GetZoomPiChangePosition_FW
0xff1da0a0,GetZoomPiDefaultPosition_FW
0xff1d6ac0,GetZoomPiSensorLevel_FW
0xff31e2d4,GetZoomResetDriveParam_FW
0xff1da0c8,GetZoomResetSensorLevel_FW
0xff1d8a3c,GetZoomTelePoint_FW
0xff028338,GiveSemaphore
0xff028338,GiveSemaphore_FW
0xff0b3340,GUISrv_StartGUISystem
0xff0b3340,GUISrv_StartGUISystem_FW
0xff1585a4,handle_PTP_OC_0x9038
0xff158690,handle_PTP_OC_0x9039
0xff158784,handle_PTP_OC_0x903a
0xff158840,handle_PTP_OC_0x903b
0xff158880,handle_PTP_OC_0x904b
0xff157e90,handle_PTP_OC_0x904c
0xff1594cc,handle_PTP_OC_0x9062
0xff1543c8,handle_PTP_OC_CANON_ChangeUSBProtocol
0xff152ec0,handle_PTP_OC_CANON_CheckEvent
0xff15b43c,handle_PTP_OC_CANON_DeleteRootCertificateData
0xff14de9c,handle_PTP_OC_CANON_EOS_CancelTransfer
0xff14d1dc,handle_PTP_OC_CANON_EOS_DeleteObject
0xff14e06c,handle_PTP_OC_CANON_EOS_EndGetPartialObjectEx
0xff14d2b0,handle_PTP_OC_CANON_EOS_FormatStore
0xff148398,handle_PTP_OC_CANON_EOS_GetCameraSupport
0xff14e19c,handle_PTP_OC_CANON_EOS_GetCTGInfo
0xff14887c,handle_PTP_OC_CANON_EOS_GetEvent
0xff14d0fc,handle_PTP_OC_CANON_EOS_GetObjectInfo
0xff14d810,handle_PTP_OC_CANON_EOS_GetObjectInfoEx
0xff14d488,handle_PTP_OC_CANON_EOS_GetPartialObject
0xff14deec,handle_PTP_OC_CANON_EOS_GetPartialObjectEx
0xff14ce0c,handle_PTP_OC_CANON_EOS_GetStorageIDs
0xff14cf04,handle_PTP_OC_CANON_EOS_GetStorageInfo
0xff14daec,handle_PTP_OC_CANON_EOS_GetThumbEx
0xff150198,handle_PTP_OC_CANON_EOS_GetViewFinderData
0xff14cabc,handle_PTP_OC_CANON_EOS_KeepDeviceOn
0xff14e608,handle_PTP_OC_CANON_EOS_NotifyEstimateNumberofImport
0xff14e9b8,handle_PTP_OC_CANON_EOS_NotifyFinish
0xff14e6a0,handle_PTP_OC_CANON_EOS_NotifyNumberofImported
0xff14e750,handle_PTP_OC_CANON_EOS_NotifySizeOfPartialDataTransfer
0xff148348,handle_PTP_OC_CANON_EOS_PCHDDCapacity
0xff150100,handle_PTP_OC_CANON_EOS_RemoteReleaseOff
0xff14ff98,handle_PTP_OC_CANON_EOS_RemoteReleaseOn
0xff14864c,handle_PTP_OC_CANON_EOS_RequestDevicePropValue
0xff14ec88,handle_PTP_OC_CANON_EOS_RequestInnerDevelopEnd
0xff14ea88,handle_PTP_OC_CANON_EOS_RequestInnerDevelopStart
0xff14ca6c,handle_PTP_OC_CANON_EOS_ResetUILock
0xff1484b0,handle_PTP_OC_CANON_EOS_SetDevicePropValueEx
0xff14c93c,handle_PTP_OC_CANON_EOS_SetEventMode
0xff14dd84,handle_PTP_OC_CANON_EOS_SetObjectAttributes
0xff14e554,handle_PTP_OC_CANON_EOS_SetRating
0xff14fee4,handle_PTP_OC_CANON_EOS_SetRemoteMode
0xff14cb0c,handle_PTP_OC_CANON_EOS_SetRequestOLCInfoGroup
0xff14ca1c,handle_PTP_OC_CANON_EOS_SetUILock
0xff14de4c,handle_PTP_OC_CANON_EOS_TransferComplete
0xff146864,handle_PTP_OC_CANON_ExecuteEventProc
0xff146770,handle_PTP_OC_CANON_GetEventProcReturnData
0xff14ed4c,handle_PTP_OC_CANON_GetGpsMobilelinkObjectInfo
0xff14cb5c,handle_PTP_OC_CANON_GetMACAddress
0xff157a04,handle_PTP_OC_CANON_GetObjectAttributes
0xff158188,handle_PTP_OC_CANON_GetObjectHandleByName
0xff158d10,handle_PTP_OC_CANON_GetObjectInfoEx
0xff157754,handle_PTP_OC_CANON_GetPartialObjectEx
0xff1574d8,handle_PTP_OC_CANON_GetPartialObjectInfo
0xff15b1b8,handle_PTP_OC_CANON_GetRootCertificateData
0xff15b104,handle_PTP_OC_CANON_GetRootCertificateSpec
0xff14693c,handle_PTP_OC_CANON_InitiateEventProc0
0xff14693c,handle_PTP_OC_CANON_InitiateEventProc1
0xff14663c,handle_PTP_OC_CANON_IsEventProcRunning
0xff159428,handle_PTP_OC_CANON_IsNeoKabotanProcMode
0xff1462ac,handle_PTP_OC_CANON_LoadTransparentMemory
0xff14fe6c,handle_PTP_OC_CANON_PingRequest
0xff1463e0,handle_PTP_OC_CANON_QuerySizeOfTransparentMemory
0xff145fb4,handle_PTP_OC_CANON_QuickLoadTransparentMemory
0xff146134,handle_PTP_OC_CANON_SaveTransparentMemory
0xff14ef80,handle_PTP_OC_CANON_SendGpsTagInfo
0xff158ff8,handle_PTP_OC_CANON_SendObjectByPath
0xff157b34,handle_PTP_OC_CANON_SendObjectInfoByPath
0xff159238,handle_PTP_OC_CANON_SendPartialObject
0xff157aa0,handle_PTP_OC_CANON_SetObjectArchive
0xff1582c4,handle_PTP_OC_CANON_SetObjectTime
0xff15b2dc,handle_PTP_OC_CANON_SetRootCertificateData
0xff145eb0,handle_PTP_OC_CANON_TerminateEventProc_051
0xff145eb0,handle_PTP_OC_CANON_TerminateEventProc_05D
0xff056750,handle_PTP_OC_CloseSession
0xff15833c,handle_PTP_OC_DeleteObject
0xff1584b4,handle_PTP_OC_FormatStore
0xff1524ec,handle_PTP_OC_GetDevicePropDesc
0xff1523cc,handle_PTP_OC_GetDevicePropValue
0xff158a14,handle_PTP_OC_GetNumObjects
0xff156f50,handle_PTP_OC_GetObject
0xff158b04,handle_PTP_OC_GetObjectHandles
0xff1573f8,handle_PTP_OC_GetObjectInfo
0xff1571a8,handle_PTP_OC_GetPartialObject
0xff156558,handle_PTP_OC_GetStorageIDs
0xff156650,handle_PTP_OC_GetStorageInfo
0xff1570d8,handle_PTP_OC_GetThumb
0xff1450e4,handle_PTP_OC_MTP_GetObjectPropDesc
0xff145504,handle_PTP_OC_MTP_GetObjectPropsSupported
0xff144e6c,handle_PTP_OC_MTP_GetObjectPropValue
0xff144818,handle_PTP_OC_MTP_GetObjPropList
0xff144d48,handle_PTP_OC_MTP_SetObjectPropValue
0xff056804,handle_PTP_OC_OpenSession
0xff151ffc,handle_PTP_OC_ResetDevicePropValue
0xff158ff8,handle_PTP_OC_SendObject
0xff157b34,handle_PTP_OC_SendObjectInfo
0xff15224c,handle_PTP_OC_SetDevicePropValue
0xff157354,handle_PTP_OC_SetObjectProtection
0xff038918,HardwareDefect_FW
0xff44b5e0,HitISLensAgainstBottomEdge_FW
0xff44b5f8,HitISLensAgainstLeftEdge_FW
0xff44b610,HitISLensAgainstRightEdge_FW
0xff44b5c8,HitISLensAgainstTopEdge_FW
0xff44b628,HitISLensToMechaEdge_FW
0xff44b9b0,HitISMechaEdgeInOpenControl_FW
0xff1e993c,HwOcReadICAPCounter
0xff0201e4,icache_disable_and_flush
0xff0201bc,icache_flush_and_enable
0xff020384,icache_flush_range
0xff04d964,ImagerActivate
0xff1ad180,InactivateAdjLog_FW
0xff1e370c,InitializeAdjustmentFunction_FW
0xff1e369c,InitializeAdjustmentSystem_FW
0xff0869fc,Initializedccd_FW
0xff29d500,InitializeDefectRec_FW
0xff0869fc,InitializeDigicon_FW
0xff31f0f4,InitializeFAExtendFile_FW
0xff31f0cc,InitializeFAGeneralTest_FW
0xff445e20,InitializeMechaDevice_FW
0xff4676ec,InitializeMechaUnitExeTest_FW
0xff31ce7c,InitializeNFCAdjustment_FW
0xff172efc,InitializePTPIPTransportResponder_FW
0xff31ccd4,InitializeSoundDevForRecEvent_FW
0xff31ef1c,InitializeSoundRec_FW
0xff085f00,InitializeTestRec_FW
0xff05c340,InitializeWLAN_FW
0xff35b860,ISActive_FW
0xff447a50,IsAdjCdsMode_FW
0xff35a7cc,ISAutoCenter_FW
0xff357934,IsAvailableCZSpeed_FW
0xff07a4f4,IsBatteryTemperature_FW
0xff07a4c0,IsCCDTemperature_FW
0xff35a810,ISChangeOPENtoCLOSE_FW
0xff0b0294,IsControlEventActive_FW
0xff35b4bc,ISControlStart_FW
0xff35b4cc,ISControlStop_FW
0xff02e2bc,IsDUIDFixFlag_FW
0xff443694,IsEVFDrive_FW
0xff443c5c,IsEvfDriveMode_FW
0xff442994,IsExStrobeChargeComp_FW
0xff02d64c,IsFAConnectUSB_FW
0xff02e23c,IsFactoryMode_FW
0xff02d640,IsFAWLANRunning_FW
0xff35b020,ISFixedPWMOFF_FW
0xff35b00c,ISFixedPWMON_FW
0xff1d56a8,IsFocusLensOutSidePosition_FW
0xff02d0a4,IsHvSensorExist_FW
0xff095338,ISInitMotion_FW
0xff039954,IsInvalidTime
0xff093264,IsLensOutside_FW
0xff1ad1a4,IsLogOutType_FW
0xff35ac64,ISMDStart_FW
0xff35ac74,ISMDStop_FW
0xff35b838,ISMemoryWrite_FW
0xff02e210,IsMountLens_FW
0xff35a7f4,ISMoveToMechaEdgeOPEN_FW
0xff02e304,IsNormalCameraMode_FW
0xff306cb8,IsOKFaceAuthBinFile_FW
0xff07a48c,IsOpticalTemperature_FW
0xff35b4dc,ISPanModeStart_FW
0xff35b4ec,ISPanModeStop_FW
0xff0a63a4,IsRomLogAvailable_FW
0xff31ce24,IsSDDetect_FW
0xff0d7168,IsStrobeChargeCompleted
0xff34fa70,IsUnitFirmMode_FW
0xff06652c,IsWirelessConnect
0xff34d2d8,IsZoomActuatorResetSensorPlusSide_FW
0xff1d8de0,IsZoomLensOutSidePosition_FW
0xff1aaa30,j_AbortAEIntegralValue_FW
0xff1e2408,j_BeepDrive_FW
0xff1e240c,j_BeepDriveComp_FW
0xff31d158,j_CheckNFCExternalWrite_FW
0xff441670,j_ClearImageDrive_FW
0xff31d270,j_ClearNFCOptUnitAssemblyAreaData_FW
0xff31ce88,j_ClearNFCSystemArea_FW
0xff081044,j_CreateUserSettingMirror_FW
0xff11b768,j_E2LatOn_FW
0xff2a5e48,j_EF.GetAdjustPreSvOffset_FW
0xff2a5e4c,j_EF.GetEFModExamDriveType_FW
0xff2a5f58,j_EF.IsChargeFull_FW
0xff2a5e50,j_EF.IsIrisTypeKosaiShibori_FW
0xff1e2a9c,j_exec_FW
0xff08781c,j_Executedccd_FW
0xff087818,j_ExecuteDigicon_FW
0xff17502c,j_ExecuteShutDownPropertyService_FW
0xff027c74,j_ExMem.View_FW
0xff1e2404,j_GetAdChValue_FW
0xff080664,j_GetAdjTableVersion_FW
0xff1e2400,j_GetAdVBattBottom_FW
0xff1aaf7c,j_GetAEIntegWinData_FW
0xff11ca0c,j_GetBaseSv
0xff1e24e8,j_GetBatteryCoverClose_FW
0xff07a558,j_GetBatteryMilliTemperature_FW
0xff07a54c,j_GetBatteryTemperature_FW
0xff31d3cc,j_GetBatteryVoltage_FW
0xff31cab0,j_GetCameraInformationData_FW
0xff07a554,j_GetCCDMilliTemperature_FW
0xff07a548,j_GetCCDTemperature_FW
0xff447808,j_GetCdsGainValue_FW
0xff1ac0f0,j_GetCurrentAvCoefficient_FW
0xff1abe48,j_GetCurrentAvValue_FW
0xff31ca40,j_GetCurrentCcdTemp_FW
0xff4478e0,j_GetCurrentDriveBaseSvValue_FW
0xff441724,j_GetCurrentExposureTime_FW
0xff447b74,j_GetCurrentFocusLensPosition_FW
0xff447b74,j_GetCurrentFocusPosition_FW
0xff31ca70,j_GetCurrentOptTemp_FW
0xff441730,j_GetCurrentShutterSpeed_FW
0xff447b18,j_GetCurrentTargetDistance_FW
0xff31d93c,j_GetCurrentZoomLensDirection_FW
0xff31d91c,j_GetCurrentZoomLensPoint_FW
0xff31d914,j_GetCurrentZoomLensPosition_FW
0xff31d91c,j_GetCurrentZoomPoint_FW
0xff31d914,j_GetCurrentZoomPosition_FW
0xff357994,j_GetCzDebugFocusMode_FW
0xff087824,j_GetdccdFilterValue_FW
0xff087820,j_GetdccdImage_FW
0xff445740,j_GetDCPAdjOffset_FW
0xff1e24e0,j_GetDialEventId_FW
0xff44bc08,j_GetDISModeParameter_FW
0xff1e24f0,j_GetDriverInfoEvent_FW
0xff44576c,j_GetEFUSEData_FW
0xff35b06c,j_GetFixedPWMOutA_FW
0xff35b070,j_GetFixedPWMOutB_FW
0xff447b08,j_GetFocusDefaultResetPosition_FW
0xff358f04,j_GetFocusLensAvCoefficient_FW
0xff358ac8,j_GetFocusLensCurrentPosition_FW
0xff358acc,j_GetFocusLensCurrentPositionWithMotor_FW
0xff358bb4,j_GetFocusLensDriveVoltage_FW
0xff358c30,j_GetFocusLensGainSlope_FW
0xff358bf0,j_GetFocusLensHoldVoltage_FW
0xff358c9c,j_GetFocusLensPullInMaxSpeed_FW
0xff358ad4,j_GetFocusLensResetDefaultPosition_FW
0xff358ad0,j_GetFocusLensResetPosition_FW
0xff358c2c,j_GetFocusLensResetVoltage_FW
0xff3576a0,j_GetFocusPiSensorLevel_FW
0xff447b10,j_GetFocusResetPosition_FW
0xff359104,j_GetFocusStartZoomPosition_FW
0xff35b320,j_GetGyro10BitDACPitch_FW
0xff35b324,j_GetGyro10BitDACYaw_FW
0xff35b2e0,j_GetGyroDataPitch_FW
0xff35b2e4,j_GetGyroDataYaw_FW
0xff35b360,j_GetGyroHPFINOffsetPitch_FW
0xff35b364,j_GetGyroHPFINOffsetYaw_FW
0xff35b368,j_GetGyroHPFINPitch_FW
0xff35b36c,j_GetGyroHPFINYaw_FW
0xff359740,j_GetIrisAv_FW
0xff44be08,j_GetISPWMFreqData_FW
0xff35b09c,j_GetISPWMFrequency_FW
0xff35b0a0,j_GetISPWMPeriod_FW
0xff1e24e4,j_GetLcdPosition_FW
0xff359100,j_GetLensErrorStatus_FW
0xff117e24,j_GetMacroSupportZoomPoint_FW
0xff3591cc,j_GetMechaCondition_FW
0xff3594a0,j_GetMechaShutterMoveTime_FW
0xff35949c,j_GetMechaShutterStatus_FW
0xff444840,j_GetMovieJpegVRAMHPixelsSize_FW
0xff444848,j_GetMovieJpegVRAMVPixelsSize_FW
0xff445db8,j_GetMShutterStatus_FW
0xff3595fc,j_GetNdMoveTime_FW
0xff4477d8,j_GetObClampValue_FW
0xff07a550,j_GetOpticalMilliTemperature_FW
0xff07a544,j_GetOpticalTemperature_FW
0xff1e24c8,j_GetSDDetect_FW
0xff1e24cc,j_GetSDProtect_FW
0xff441838,j_GetShutterSpeedRegularMaxLimit_FW
0xff441854,j_GetShutterSpeedRegularMinLimit_FW
0xff1e24b4,j_GetSwitchStatus_FW
0xff31cb7c,j_GetTotalShootCount_FW
0xff1ac09c,j_GetUsableMaxAv_FW
0xff1ac080,j_GetUsableMinAv_FW
0xff445630,j_GetVBatVoltage_FW
0xff443640,j_GetVideoOutType_FW
0xff443f94,j_GetVRAMHPixelsSize_FW
0xff443f9c,j_GetVRAMVPixelsSize_FW
0xff35a744,j_GetZoomActuatorCurrentPosition_FW
0xff35a740,j_GetZoomActuatorSpeedPPS_FW
0xff359bc4,j_GetZoomAmpereLimitOffTime_FW
0xff31da50,j_GetZoomDrivingTime_FW
0xff359b48,j_GetZoomLensCurrentPoint_FW
0xff359b4c,j_GetZoomLensCurrentPosition_FW
0xff359ad0,j_GetZoomLensDriveResetAmpereDac_FW
0xff359b54,j_GetZoomLensMechaEdgePosition_FW
0xff359bdc,j_GetZoomLensMinimumSpeedMoveLimitTime_FW
0xff31e480,j_GetZoomLensResetPlus_FW
0xff359af0,j_GetZoomLensResetWidePosition_FW
0xff359af4,j_GetZoomLensSinkPosition_FW
0xff359b50,j_GetZoomLensTelePoint_FW
0xff31e720,j_GetZoomPiChangePosition_FW
0xff31e71c,j_GetZoomPiDefaultPosition_FW
0xff3576c4,j_GetZoomPiSensorLevel_FW
0xff31da10,j_GetZoomResetSensorLevel_FW
0xff31da08,j_GetZoomTelePoint_FW
0xff087810,j_Initializedccd_FW
0xff087810,j_InitializeDigicon_FW
0xff359654,j_InitializeMechaUnitExeTest_FW
0xff31ef98,j_InitializeSoundRec_FW
0xff0875c4,j_InitializeTestRec_FW
0xff31c680,j_InitializeWLAN_FW
0xff07a564,j_IsBatteryTemperature_FW
0xff07a560,j_IsCCDTemperature_FW
0xff4436bc,j_IsEVFDrive_FW
0xff4480a8,j_IsFocusLensOutSidePosition_FW
0xff1e24ec,j_IsHvSensorExist_FW
0xff3590fc,j_IsLensOutside_FW
0xff07a55c,j_IsOpticalTemperature_FW
0xff31ce74,j_IsSDDetect_FW
0xff357a80,j_IsUnitFirmMode_FW
0xff35a748,j_IsZoomActuatorResetSensorPlusSide_FW
0xff31ddf0,j_IsZoomLensOutSidePosition_FW
0xff31c838,j_LeaveWLANNetwork_FW
0xff2caf54,j_LiveImageTool.GetDzoomPosition_FW
0xff1ac800,j_LoadDUIDCheckSum_FW
0xff445534,j_LoadFactoryNumber_FW
0xff44561c,j_LoadSerialNumber_FW
0xff1e2a20,j_MemoryChecker_FW
0xff1e2a1c,j_MonSelEvent_FW
0xff027c70,j_NewTaskShell_FW
0xff036850,j_OpLog.WriteToROM_FW
0xff1e2a84,j_Peek16_FW
0xff1e2a80,j_Peek32_FW
0xff1e2a88,j_Peek8_FW
0xff1e2a18,j_Printf_FW
0xff0b1f74,j_PTM_AllReset_FW
0xff0b2518,j_PTM_BackupUIProperty_FW
0xff0b2464,j_PTM_GetWorkingCaptureMode_FW
0xff0b24f8,j_PTM_IsEnableItem_FW
0xff0b24e0,j_PTM_NextItem_FW
0xff0b24e4,j_PTM_PrevItem_FW
0xff0b2468,j_PTM_SetCurrentItem_FW
0xff0b2500,j_PTM_SetProprietyEnable_FW
0xff027bf0,j_PutsCameraLogEvent_FW
0xff0276c0,j_Read_FW
0xff442c3c,j_RegistColorMatrix_FW
0xff445838,j_RegistFirmVer_FW
0xff445db0,j_ReloadMechaShutterAdjustment_FW
0xff31ced0,j_ResetNFCSystemArea_FW
0xff1e2a28,j_SDump_FW
0xff027be4,j_ShowCameraLog_FW
0xff027be8,j_ShowCameraLogInfo_FW
0xff1e35d0,j_SS.GetDigitalZoomPosition_FW
0xff027be0,j_StartCameraLog_FW
0xff35a7f0,j_StartISLocalAutoCenter_FW
0xff35a7ec,j_StartISLocalHallAdjust_FW
0xff1ab540,j_StopAEIntegralService_FW
0xff027bec,j_StopCameraLog_FW
0xff0256bc,j_strcmp_FW
0xff087814,j_Terminatedccd_FW
0xff087814,j_TerminateDigicon_FW
0xff359658,j_TerminateMechaUnitExeTest_FW
0xff31ef9c,j_TerminateSoundRec_FW
0xff0875c8,j_TerminateTestRec_FW
0xff31c684,j_TerminateWLAN_FW
0xff1fb210,j_UIFS_CancelStoreLensTimer_FW
0xff1fae10,j_UIFS_Capture_FW
0xff1fae14,j_UIFS_CaptureNoneStop_FW
0xff1fae38,j_UIFS_GetMovieRecoadableNumber_FW
0xff1fb200,j_UIFS_GetNumberOfDisplayedImage_FW
0xff1fadcc,j_UIFS_GetNumOfOptZoomPos_FW
0xff1fae3c,j_UIFS_GetStillShotableNumber_FW
0xff1fb1bc,j_UIFS_IsAvailableShots_FW
0xff1fadc4,j_UIFS_MoveZoomTo_FW
0xff1fadc8,j_UIFS_MoveZoomToPositionWithTaskSwCtrlServ_FW
0xff1fb1fc,j_UIFS_StartMoviePlay_FW
0xff1fae18,j_UIFS_StartMovieRecord_FW
0xff1fae1c,j_UIFS_StopMovieRecord_FW
0xff1fb20c,j_UIFS_WirelessExecuteSendForever_FW
0xff1fae34,j_UIFS_WriteFirmInfoToFile_FW
0xff1e241c,j_VbattGet_FW
0xff1e2a24,j_VerifyByte_FW
0xff0276c4,j_Write_FW
0xff08110c,j_WRITEADJTABLETOFROM_FW
0xff31d370,j_WriteNFCSystemAreaForOptUnitAssembly_FW
0xff31cea4,j_WriteNFCUserArea_FW
0xff31c6b0,JoinWLANNetwork_FW
0xff02d0fc,kbd_p1_f
0xff02d108,kbd_p1_f_cont
0xff02c7b4,kbd_p2_f
0xff02d0ac,kbd_read_keys
0xff075fe0,kbd_read_keys_r2
0xff1842dc,LcdCon_GetLcdAdjParameter_FW
0xff183edc,LcdCon_GetLcdBackLightParameter_FW
0xff184518,LcdCon_GetLcdParameter_FW
0xff18436c,LcdCon_SaveLcdAdjParameter_FW
0xff183f68,LcdCon_SaveLcdBackLightParameter_FW
0xff1845a8,LcdCon_SaveLcdParameter_FW
0xff184218,LcdCon_SetLcdAdjParameter_FW
0xff183e40,LcdCon_SetLcdBackLightBrightness_FW
0xff183e78,LcdCon_SetLcdBackLightParameter_FW
0xff1841a4,LcdCon_SetLcdDriver_FW
0xff184388,LcdCon_SetLcdParameter_FW
0xff18432c,LcdCon_ShowLcdAdjParameter_FW
0xff183f28,LcdCon_ShowLcdBackLightParameter_FW
0xff184568,LcdCon_ShowLcdParameter_FW
0xff1846e8,LcdCon_StartLcdPeriodicalSetting_FW
0xff18471c,LcdCon_StopLcdPeriodicalSetting_FW
0xff254658,LCDMsg_ChangeColor_FW
0xff25488c,LCDMsg_Create_FW
0xff25473c,LCDMsg_Delete_FW
0xff254518,LCDMsg_Move_FW
0xff2545cc,LCDMsg_MoveRatio_FW
0xff2543c0,LCDMsg_SetNum_FW
0xff254278,LCDMsg_SetStr_FW
0xff254494,LCDMsg_SwDisp_FW
0xff254cf8,LCDRect_ChangeColor_FW
0xff254ed8,LCDRect_Create_FW
0xff254fbc,LCDRect_Delete_FW
0xff254994,LCDRect_Move_FW
0xff254a60,LCDRect_MoveRatio_FW
0xff254b54,LCDRect_Resize_FW
0xff254c08,LCDRect_ResizeRatio_FW
0xff254dcc,LCDRect_SwDisp_FW
0xff05c42c,LeaveWLANNetwork_FW
0xff1e2420,LEDDrive
0xff1e2420,LEDDrive_FW
0xff29c930,LineDefDetect_FW
0xff29ca00,LineKizuCheck_FW
0xff2caf1c,LiveImageTool.ChangeDzoom_FW
0xff2caf74,LiveImageTool.Dister_FW
0xff2caebc,LiveImageTool.DzoomTele_FW
0xff2caedc,LiveImageTool.DzoomWide_FW
0xff052410,LiveImageTool.GetDzoomPosition_FW
0xff2caf58,LiveImageTool.Jump_FW
0xff2caf0c,LiveImageTool.Pause_FW
0xff2caf14,LiveImageTool.Resume_FW
0xff2cadb0,LiveImageTool.StartEVF_FW
0xff2cadbc,LiveImageTool.StartEVFFocusJet_FW
0xff2cadc8,LiveImageTool.StartEVFMF_FW
0xff2cade8,LiveImageTool.StartEVFMovFULLHD30P_FW
0xff2cadfc,LiveImageTool.StartEVFMovFULLHD60P_FW
0xff2cadd4,LiveImageTool.StartEVFMovFULLHD_FW
0xff2cae24,LiveImageTool.StartEVFMovHD60P_FW
0xff2cae10,LiveImageTool.StartEVFMovHD_FW
0xff2cae38,LiveImageTool.StartEVFMovQVGA_FW
0xff2cae4c,LiveImageTool.StartEVFMovQVGA_HS_FW
0xff2cae54,LiveImageTool.StartEVFMovVGA_FW
0xff2cae68,LiveImageTool.StartEVFMovVGA_HS_FW
0xff2caefc,LiveImageTool.StopDzoom_FW
0xff2cae7c,LiveImageTool.StopEVF_FW
0xff08072c,LoadAdjustmentTable_FW
0xff080b94,LoadAdjustmentValue_FW
0xff1ac24c,LoadDataFromAdjTableBin_FW
0xff08073c,LoadDefectAdjTable_FW
0xff1ac7e4,LoadDUID_FW
0xff1ac7a4,LoadDUIDCheckSum_FW
0xff1ac820,LoadFactoryAdjData_FW
0xff1ac87c,LoadFactoryIDData_FW
0xff445454,LoadFactoryNumber_FW
0xff1ac84c,LoadHistoryAdjData_FW
0xff1ac134,LoadParamDataFromAdjTableBin_FW
0xff0a9250,LoadScript_FW
0xff445538,LoadSerialNumber_FW
0xff0c4ff0,LocalTime
0xff0b07a4,LockMainPower
0xff0b07a4,LockMainPower_FW
0xff0361e0,LogCameraEvent
0xff027724,Lseek
0xff027724,lseek
0xff027724,Lseek_FW
0xff35f3ac,MakeBootDisk_FW
0xff29d52c,MakeDefectTurnTable_FW
0xff35f3c0,MakeScriptDisk_FW
0xff031ee4,MakeSDCardBootable
0xff0257e8,malloc
0xff0389fc,malloc_strictly
0xff29d054,MarkPointDefData_FW
0xff1e1fe0,Mecha.Create_FW
0xff35b7e8,MechaCPUMemoryDump_FW
0xff35b80c,MechaCPUMemoryWrite_FW
0xff1e205c,MechaReset_FW
0xff1e2068,MechaTerminate_FW
0xff1e1f7c,MechaUnRegisterEventProcedure_FW
0xff0255c0,memcmp
0xff0255c0,memcmp_FW
0xff0c5aec,memcpy
0xff0c5aec,memcpy_FW
0xff35e254,MemoryChecker_FW
0xff28e6d4,memset
0xff28e6d4,memset_FW
0xff020c2c,memShow_FW
0xff033b4c,MenuIn
0xff033bbc,MenuOut
0xff29c538,MergeAndConvertDefect_FW
0xff29cc00,MixPixDetect_FW
0xff027988,mkdir
0xff0c527c,mktime_ext
0xff1e2958,mod_FW
0xff35f2e8,MonSelEvent_FW
0xff31df7c,MoveComputerZoomToPoint_FW
0xff31dfbc,MoveComputerZoomToPointWithSpeed_FW
0xff0af504,MoveControllerToTopOfZOrder_FW
0xff357970,MoveCzPeakPositon_FW
0xff357800,MoveCZToPoint_FW
0xff3578a0,MoveCZToPointByOVF_FW
0xff357870,MoveCZToTele_FW
0xff357840,MoveCZToWide_FW
0xff46cc84,MoveDCMotorCCW_FW
0xff46cc04,MoveDCMotorCW_FW
0xff358454,MoveFocusActuator_FW
0xff447ec0,MoveFocusDistance_FW
0xff358dd8,MoveFocusLensChangeCarrierFrequency_FW
0xff447ec0,MoveFocusLensToDistance
0xff447ec0,MoveFocusLensToDistance_FW
0xff447da4,MoveFocusLensToPosition_FW
0xff447c8c,MoveFocusLensToPositionWithMaxSpeed_FW
0xff447cd4,MoveFocusLensToPositionWithSpeed_FW
0xff357c1c,MoveFocusLensToTerminate_FW
0xff447ba4,MoveFocusLensToTerminatePosition_FW
0xff357c78,MoveFocusLensToTerminateWithKeepExciting_FW
0xff3582a8,MoveFocusLensTowardPosition_FW
0xff357cd4,MoveFocusLensWithDistance_FW
0xff357f18,MoveFocusLensWithFinalPosition_FW
0xff358120,MoveFocusLensWithFinalPositionWithNonStepOutWithoutBacklash_FW
0xff3581e4,MoveFocusLensWithFinalPositionWithoutBacklash_FW
0xff357d90,MoveFocusLensWithPosition_FW
0xff357fe8,MoveFocusLensWithPositionImmediateReturn_FW
0xff35836c,MoveFocusLensWithPositionWithCompBacklash_FW
0xff357e54,MoveFocusLensWithPositionWithNonStepOut_FW
0xff35805c,MoveFocusLensWithPositionWithoutBacklash_FW
0xff447df4,MoveFocusPosition_FW
0xff447ba4,MoveFocusToTerminate_FW
0xff1abf20,MoveIrisFullClose_FW
0xff1abee8,MoveIrisFullOpen_FW
0xff1abfc0,MoveIrisMechaPositionWithBacklash_FW
0xff1abff4,MoveIrisMechaPositionWithoutBacklash_FW
0xff1abdf8,MoveIrisToAv_FW
0xff1ac028,MoveIrisToAvWithoutBacklash_FW
0xff3596e0,MoveIrisWithAv
0xff3596e0,MoveIrisWithAv_FW
0xff359710,MoveIrisWithAvWithoutBacklash_FW
0xff1abf8c,MoveIrisWithTerminatePosition_FW
0xff44b670,MoveISLensToBottomLimitPosition_FW
0xff44bddc,MoveISLensToCentralPosition_FW
0xff44b658,MoveISLensToLeftLimitPosition_FW
0xff44b6a0,MoveISLensToLimitPosition_FW
0xff44b640,MoveISLensToRightLimitPosition_FW
0xff44b688,MoveISLensToTopLimitPosition_FW
0xff359074,MoveLensToFirstPoint_FW
0xff3590c4,MoveLensToTerminatePoint_FW
0xff032a0c,MoveOpticalZoomAt
0xff35a6d0,MoveZoomActuator_FW
0xff359a10,MoveZoomLensToMechaEdge_FW
0xff31e51c,MoveZoomLensToMechaEnd_FW
0xff31df3c,MoveZoomLensToPoint_FW
0xff31defc,MoveZoomLensToPosition_FW
0xff31e628,MoveZoomLensToPositionByManual_FW
0xff3599a0,MoveZoomLensToTerminatePosition_FW
0xff359894,MoveZoomLensWithPoint
0xff359894,MoveZoomLensWithPoint_FW
0xff3598e0,MoveZoomLensWithPointImmediateReturn_FW
0xff359930,MoveZoomLensWithPosition_FW
0xff359c50,MoveZoomLensWithPositionAndSpeedChange_FW
0xff35997c,MoveZoomLensWithPositionStart_FW
0xff31df3c,MoveZoomPoint_FW
0xff31defc,MoveZoomPosition_FW
0xff0fb580,MovieAF.Resume_FW
0xff0fb56c,MovieAF.Suspend_FW
0xff038084,NewTaskShell
0xff0380e4,NewTaskShell_FW
0xff054208,NFCEvt.Create_FW
0xff05415c,NFCEvt.IsExternalNfcWrite_FW
0xff054170,NFCEvt.IsNfcStart_FW
0xff44bcd4,NotifyISMacroDistance_FW
0xff29afd4,NR_SetDarkSubType
0xff1e411c,NR_SetDoubleNRType_FW
0xff29afd4,NRTBL.SetDarkSubType_FW
0xff29aff0,NRTBL.SetDefectCorrectType_FW
0xff29b00c,NRTBL.SetTassenType_FW
0xff1e24a4,OffPrintPhySw_FW
0xff442458,OneShotWhigeBalance_FW
0xff442458,OneTypeWhiteBalance_FW
0xff1e2494,OnPrintPhySw_FW
0xff0273b0,Open
0xff0273b0,Open_FW
0xff0ace98,OpenConsole_FW
0xff33cc6c,OpenFastDir
0xff027744,OpenForScrip_FW
0xff35937c,OpenMechaShutter_FW
0xff445d54,OpenMShutter_FW
0xff027bf4,OpLog.Create_FW
0xff037274,OpLog.Get_FW
0xff037294,OpLog.GetUsrSet_FW
0xff037354,OpLog.Play_FW
0xff036884,OpLog.ReadFromROM_FW
0xff0368ec,OpLog.ReadFromSD_FW
0xff03756c,OpLog.Start_FW
0xff0367f4,OpLog.Stop_FW
0xff037658,OpLog.Terminate_FW
0xff036820,OpLog.WriteToROM_FW
0xff036d24,OpLog.WriteToSD_FW
0xff1acd1c,OutputLogToFile_FW
0xff03996c,PauseTimeOfSystem
0xff05f3b4,PB2Rec
0xff35f258,Peek16_FW
0xff35f250,Peek32_FW
0xff35f260,Peek8_FW
0xff31c828,PingWLANNetwork_FW
0xff29c364,PointDefDetect_FW
0xff29c7b8,PointKizuCheck_FW
0xff1e2a60,Poke16_FW
0xff1e2a50,Poke32_FW
0xff1e2a70,Poke8_FW
0xff0afe70,PostEventShootSeqToUI_FW
0xff0afc38,PostLogicalEventForNotPowerType
0xff0afc38,PostLogicalEventForNotPowerType_FW
0xff0afc90,PostLogicalEventToUI
0xff0afc90,PostLogicalEventToUI_FW
0xff0393a0,PostMessageQueue
0xff0285c4,PostMessageQueueStrictly
0xff443120,PreFixAE_FW
0xff081048,PrintAdjKabotanInfo_FW
0xff080bb8,PrintAdjTableMap_FW
0xff1a9e40,PrintAllAEIntegData_FW
0xff0ac0b0,PrintBuildDate_FW
0xff0ac0c4,PrintBuildTime_FW
0xff1af2ec,PrintEFLensCompTestRecParam_FW
0xff0a9240,Printf_FW
0xff1aca70,PrintFaexeVersioin_FW
0xff1aca3c,PrintFirmVersion_FW
0xff0ac0d8,PrintFirmwareVersion_FW
0xff0ac154,PrintInternalFirmwareVersion_FW
0xff44aa6c,PrintMultiWinScanTable_FW
0xff1af324,PrintPictureStyleTestRecParam_FW
0xff44a780,PrintScanTable_FW
0xff1e3594,PT_MoveDigitalZoomToWide
0xff1e3564,PT_MoveOpticalZoomAt
0xff0bfc30,PT_PlaySound
0xff1f9944,PTM_AllReset_FW
0xff0b1f64,PTM_AllResetToFactorySetting_FW
0xff1fa71c,PTM_BackupUIProperty_FW
0xff0b2474,PTM_GetCurrentItem
0xff0b2474,PTM_GetCurrentItem_FW
0xff1f9c14,PTM_GetWorkingCaptureMode_FW
0xff1fa5c0,PTM_IsEnableItem_FW
0xff1f9f7c,PTM_NextItem
0xff1f9f7c,PTM_NextItem_FW
0xff1f9f84,PTM_PrevItem
0xff1f9f84,PTM_PrevItem_FW
0xff0b251c,PTM_RestoreUIProperty_FW
0xff0b22dc,PTM_SetCurrentCaptureMode_FW
0xff1f9c2c,PTM_SetCurrentItem
0xff1f9c2c,PTM_SetCurrentItem_FW
0xff1fa354,PTM_SetPropertyEnable
0xff1fa354,PTM_SetProprietyEnable_FW
0xff359544,PutInNdFilter
0xff31e7ac,PutInNdFilter_FW
0xff359568,PutOutNdFilter
0xff31e7e8,PutOutNdFilter_FW
0xff035e9c,PutsCameraLogEvent_FW
0xff28e674,qsort
0xff441634,QuietImageDrive_FW
0xff11b4f4,QuietImager_FW
0xff0c5abc,rand
0xff024004,Read
0xff024004,Read_FW
0xff33cdc0,ReadFastDir
0xff28e750,realloc
0xff35dd9c,reboot_fw_update
0xff05f414,Rec2PB
0xff35770c,ReceiveMechaCircuitData_FW
0xff357734,ReceiveMechaCircuitDataAll_FW
0xff039224,ReceiveMessageQueue
0xff028598,ReceiveMessageQueueStrictly
0xff31ccf4,RecSoundForNCAdjEvent_FW
0xff080f7c,RefreshAdjustmentTableMirror_FW
0xff08103c,RefreshDefectTableMirror_FW
0xff029e9c,RegComEventProc_FW
0xff442c04,RegistColorMatrix_FW
0xff03534c,RegisterEventProcedure
0xff024ec0,RegisterInterruptHandler
0xff172e10,RegisterNotifyConnectPTPIP_FW
0xff172e10,RegisterNotifyPTPIP_FW
0xff172e38,RegisterResponseConnectPTPIP_FW
0xff172e38,RegisterResponsePTPIP_FW
0xff359d78,RegisterZoomLensPositionPassedCBR_FW
0xff087838,RegistFirmScanNoticeCBR_FW
0xff4457e0,RegistFirmVer_FW
0xff03978c,ReleaseRecursiveLock
0xff44a6a4,ReloadAFAdjustment_FW
0xff4477a8,ReloadCdsAdjustment_FW
0xff442b40,ReloadColorAdjustment_FW
0xff445af4,ReloadDefectAdjustmentData_FW
0xff4429b8,ReloadEfAdjustment_FW
0xff447af4,ReloadFocusLensAdjustment_FW
0xff445b04,ReloadFROMDefectAdjustmentData_FW
0xff1ac0c8,ReloadGetaAdjustment_FW
0xff1ac0b4,ReloadIrisAdjustment_FW
0xff44bdc8,ReloadISAdjustment_FW
0xff1d7eb0,ReloadMechaShutterAdjustment_FW
0xff31e788,ReloadNdFilterAdjustment_FW
0xff445b18,ReloadShadingAdjustmentData_FW
0xff44258c,ReloadWBAdjustment_FW
0xff31d944,ReloadZoomAdjustment_FW
0xff31cd14,ReloadZoomNCProfileEvent_FW
0xff027638,Remove
0xff31e94c,RemoveTransparentMemory_FW
0xff026c5c,RenameFile_Fut
0xff172d24,RequestConnectPTPIP_FW
0xff172d60,RequestConnectPTPIPDef_FW
0xff172c2c,RequestDisconnectPTPIP_FW
0xff1fb220,RequestShutdown_FW
0xff447f2c,ResetFocus_FW
0xff357b48,ResetFocusLens
0xff357b48,ResetFocusLens_FW
0xff3596bc,ResetIris_FW
0xff1abf58,ResetIrisPosition_FW
0xff14392c,ResetNFCSystemArea_FW
0xff087828,ResetRegistNoticeCBR_FW
0xff31de54,ResetZoom_FW
0xff3597e8,ResetZoomLens
0xff3597e8,ResetZoomLens_FW
0xff359814,ResetZoomLensToFirst_FW
0xff359854,ResetZoomLensToTerminate_FW
0xff31e068,ResetZoomToAdjFirstPoint_FW
0xff31e0b0,ResetZoomToAdjTerminatePoint_FW
0xff31de8c,ResetZoomToFirst_FW
0xff31de8c,ResetZoomToFirstPoint_FW
0xff31dec4,ResetZoomToTerminate_FW
0xff31dec4,ResetZoomToTerminatePoint_FW
0xff0384fc,Restart
0xff03997c,ResumeTimeOfSystem
0xff0ac454,RomCheckSum_FW
0xff0ac080,RomIntegrityCheck_FW
0xff0acb18,RotateConsoleZOder_FW
0xff080ad4,SaveAdjustmentTable_FW
0xff080b5c,SaveAdjustmentValue_FW
0xff444c98,SaveBatSenseOffsetAdjustmentTable_FW
0xff1e38d8,SaveBmpVRAMData_FW
0xff080b40,SaveDefectAdjTable_FW
0xff1ac7c8,SaveDUID_FW
0xff1ac7ec,SaveDUIDCheckSum_FW
0xff1ac804,SaveFactoryAdjData_FW
0xff1ac85c,SaveFactoryIDData_FW
0xff445634,SaveFactoryReserveData_FW
0xff4481ac,SaveFocusResetPulse_FW
0xff445210,SaveFromImage_FW
0xff1ac830,SaveHistoryAdjData_FW
0xff1e3ccc,SavePaletteData
0xff1e3ccc,SavePaletteData_FW
0xff18c7ac,Scene.ForbidContiSceneDetect_FW
0xff18c840,Scene.TestBabySleep_FW
0xff18c80c,Scene.TestBabySmile_FW
0xff18c8a8,Scene.TestHumanSleep_FW
0xff18c874,Scene.TestHumanSmile_FW
0xff18c8dc,Scene.TestKidMove_FW
0xff18c7dc,Scene.TestSunset_FW
0xff0b4484,ScreenLock
0xff0b44d8,ScreenUnlock
0xff35efe8,SDump_FW
0xff44b6b8,SearchBCentralPosition_FW
0xff44b6b8,SearchISLensCentralPosition_FW
0xff448f30,SelectAdjBPFilter_FW
0xff35abf4,SelectPositionSignal_FW
0xff3576e8,SendMechaCircuitData_FW
0xff29c80c,SensDefCrowdCheck_FW
0xff0affc4,set_control_event
0xff443090,SetAdj_AEMode_FW
0xff1ab7cc,SetAdjAEIntegSmearLimitter_FW
0xff44957c,SetAdjAFIntegCrwAdd_FW
0xff448f5c,SetAdjAFWinPos_FW
0xff447a08,SetAdjCdsMode_FW
0xff442f68,SetAE_CdsGainValue_FW
0xff442e20,SetAE_ShutterSpeed
0xff442e20,SetAE_ShutterSpeed_FW
0xff1ab730,SetAEIntegAverageOBData_FW
0xff1aaadc,SetAEIntegCorrectProperty_FW
0xff1aab64,SetAEIntegralGetaTime_FW
0xff1aab30,SetAEIntegralValueProperty_FW
0xff1aaa50,SetAEIntegStrobeProperty_FW
0xff1ab3a4,SetAEIntegValueBit_FW
0xff1ab344,SetAEIntegWindowsMode_FW
0xff0b0818,SetAutoShutdownTime
0xff0b0818,SetAutoShutdownTime_FW
0xff448fd0,SetBPFilterForBP_FW
0xff44780c,SetCDSGain_FW
0xff4479d4,SetCDSGainStep_FW
0xff44780c,SetCdsGainValue_FW
0xff447858,SetCdsPreGainReg_FW
0xff0bc3b0,SetCurrentCaptureModeType
0xff0bc3b0,SetCurrentCaptureModeType_FW
0xff357998,SetCzDebugFocusMode_FW
0xff3579ac,SetCzDebugSoundMeasurementMode_FW
0xff357980,SetCzDebugSubjectDistance_FW
0xff444ce8,SetDate
0xff444ce8,SetDate_FW
0xff444f2c,SetDay_FW
0xff46cd04,SetDCMotorWaitTime_FW
0xff1ab7f0,SetDefaultAEIntegSmearLimitter_FW
0xff1af224,SetDefaultRecParameter_FW
0xff29cf64,SetDefectDebugInfo_FW
0xff29d1a0,SetDefectRecParam_FW
0xff447760,SetDeltaCDSGain_FW
0xff35af1c,SetDISModeParam_FW
0xff44bbd0,SetDISModeParameter_FW
0xff02e0bc,SetDUIDFixFlag_FW
0xff02dfc4,SetDurianMode_FW
0xff1af2dc,SetEFLensChromatismCompTestRecParam_FW
0xff1af2e4,SetEFLensDefaultCompTestRecParam_FW
0xff1af2d4,SetEFLensLightFalloffCompTestRecParam_FW
0xff081b90,SetErasingSensorCleaningArea_FW
0xff038fb8,SetEventFlag
0xff4429a0,SetExStrobeMode_FW
0xff02e1bc,SetFactoryMasterFlag_FW
0xff02e1ec,SetFactoryMasterROMProtection_FW
0xff02e044,SetFactoryMode_FW
0xff4453dc,SetFactorySerialNumber_FW
0xff31d460,SetFaexeEventTableActivation_FW
0xff0278f0,SetFileAttributes
0xff027878,SetFileTimeStamp
0xff35b034,SetFixedPWMOutA_FW
0xff35b050,SetFixedPWMOutB_FW
0xff35855c,SetFocusActuatorHoldVoltage_FW
0xff358570,SetFocusActuatorSlopeHoldVoltage_FW
0xff3586c4,SetFocusLensAccelerationTable_FW
0xff358da0,SetFocusLensCarrierFrequency_FW
0xff358860,SetFocusLensCondition_FW
0xff35884c,SetFocusLensDefaultPullOutTable_FW
0xff358bb8,SetFocusLensDriveVoltage_FW
0xff358c34,SetFocusLensGainSlope_FW
0xff358bf4,SetFocusLensHoldVoltage_FW
0xff3589b4,SetFocusLensMaxSpeedLimit_FW
0xff3587d0,SetFocusLensSlowdownTable_FW
0xff35858c,SetFocusLensSpeed_FW
0xff35860c,SetFocusLensSpeedTable_FW
0xff4480e4,SetFocusResetState_FW
0xff35b2e8,SetGyro10BitDACPitch_FW
0xff35b304,SetGyro10BitDACYaw_FW
0xff35b388,SetGyroFilterChargeStart_FW
0xff35b390,SetGyroFilterChargeStop_FW
0xff35b328,SetGyroHPFINOffsetPitch_FW
0xff35b344,SetGyroHPFINOffsetYaw_FW
0xff444f94,SetHour_FW
0xff0aa284,SetHPTimerAfterNow
0xff0aa304,SetHPTimerAfterTimeout
0xff1e24d0,SetIgnoreAVJACK_FW
0xff444bd8,SetImageMode
0xff444ca8,SetImageMode_FW
0xff444c84,SetInputVoltage_FW
0xff35b5e0,SetISAdjData_FW
0xff35af74,SetISCenterShiftA_FW
0xff35af90,SetISCenterShiftB_FW
0xff44b6f8,SetISControllMode_FW
0xff35abb4,SetISControlType_FW
0xff35aeac,SetISCrossTalkCompA1_FW
0xff35aec8,SetISCrossTalkCompA2_FW
0xff35aee4,SetISCrossTalkCompB1_FW
0xff35af00,SetISCrossTalkCompB2_FW
0xff44bc0c,SetISCrossTalkCompCoeff_FW
0xff44b988,SetISCutOffFreqIndex_FW
0xff35a820,SetISDriveAaxis_FW
0xff35a83c,SetISDriveBaxis_FW
0xff35b708,SetISFocusLensDistance_FW
0xff44ba04,SetISGyro10BitDACPitch_FW
0xff44ba10,SetISGyro10BitDACYaw_FW
0xff44bacc,SetISGyroCompensationMode_FW
0xff44ba8c,SetISGyroFilterCharge_FW
0xff35b208,SetISGyroGainAaxis_FW
0xff35b224,SetISGyroGainBaxis_FW
0xff35b240,SetISGyroGainbyAxisType_FW
0xff44b9dc,SetISGyroHPFINOffsetPitch_FW
0xff44b9e8,SetISGyroHPFINOffsetYaw_FW
0xff44ba1c,SetISGyroOffset10BitDACData_FW
0xff44b9f4,SetISGyroOffsetHPFINData_FW
0xff44b80c,SetISGyroPitchGain_FW
0xff44b7f8,SetISGyroYawGain_FW
0xff35aca4,SetISHallAmpFirstGain_FW
0xff44b84c,SetISHallDevicePitchGain_FW
0xff44b88c,SetISHallDevicePitchOffset_FW
0xff44b838,SetISHallDeviceYawGain_FW
0xff44b878,SetISHallDeviceYawOffset_FW
0xff35a8bc,SetISHallGainAaxis_FW
0xff35a8d8,SetISHallGainBaxis_FW
0xff35a8f4,SetISHallGainbyAxisType_FW
0xff35a858,SetISHallOffsetAaxis_FW
0xff35a874,SetISHallOffsetBaxis_FW
0xff35a890,SetISHallOffsetbyAxisType_FW
0xff35b568,SetISHPFCutoff_FW
0xff44b988,SetISHPFCutOffFreqIndex_FW
0xff44b7e0,SetISLensDriveValue_FW
0xff44b820,SetISLensGyroGain_FW
0xff44b860,SetISLensHallGain_FW
0xff44b8a0,SetISLensHallOffset_FW
0xff44bbbc,SetISLensPWMMode_FW
0xff35ad74,SetISLoopGainAdjValue_FW
0xff35b590,SetISLPFAaxis_FW
0xff35b5a8,SetISLPFBaxis_FW
0xff44b954,SetISLPFCutOffFreqAaxis_FW
0xff44b960,SetISLPFCutOffFreqBaxis_FW
0xff44bcc0,SetISMacroMode_FW
0xff44b7b8,SetISPitchPWM_FW
0xff35b074,SetISPWMFreqAndFixed_FW
0xff44bdf4,SetISPWMFreqData_FW
0xff35b088,SetISPWMFrequency_FW
0xff35abe4,SetISStillStatus_FW
0xff35b370,SetISTuningFlag_FW
0xff44baa0,SetISTuningMode_FW
0xff44bab8,SetISTuningOff_FW
0xff44b7cc,SetISYawPWM_FW
0xff4451bc,SetLangMenuType_FW
0xff359128,SetLensOutsideFlag_FW
0xff1ab700,SetLineDefMarkThroughMode_FW
0xff117e28,SetLockPosNonCorrectFlag_FW
0xff0b0304,SetLogicalEventActive
0xff44bb90,SetLoopGain_FW
0xff44b96c,SetLPFForParallelFilter_FW
0xff35b514,SetLPFParallelBest_FW
0xff4416ac,SetLtkidsCorrectThroughMode_FW
0xff4416b0,SetLtkidsRealtimeCorrectThroughMode_FW
0xff4416e4,SetLvMagCenterWindow_FW
0xff4416dc,SetLvMagSkipNum_FW
0xff44bc60,SetMacroISGain_FW
0xff35b750,SetMacroISGainA_FW
0xff35b76c,SetMacroISGainB_FW
0xff3593e8,SetMechaShutterCloseDacSetting_FW
0xff3594a4,SetMechaShutterMoveTime_FW
0xff359438,SetMechaShutterOpenDacSetting_FW
0xff359488,SetMechaShutterWaitTimeSetting_FW
0xff444ff8,SetMinute_FW
0xff04f84c,SetMontblancVSize_FW
0xff444ed0,SetMonth_FW
0xff35b190,SetMoveEdgeWaitTime_FW
0xff445d94,SetMShutterDacValue_FW
0xff31cce4,SetNCParamForAdjEvent_FW
0xff359614,SetNdDacSetting_FW
0xff359600,SetNdMoveTime_FW
0xff31cd04,SetNoiseAddParamForZoomNCEvent_FW
0xff447800,SetObClamp_FW
0xff447800,SetObClampValue_FW
0xff4423cc,SetOneShotWBParam_FW
0xff4423cc,SetOneTypeWBParam_FW
0xff1fa71c,SetParameterData
0xff1af314,SetPictureStyleColortoneTestRecParam_FW
0xff1af304,SetPictureStyleContrastTestRecParam_FW
0xff1af31c,SetPictureStyleDefaultTestRecParam_FW
0xff1af30c,SetPictureStyleSaturationTestRecParam_FW
0xff1af2fc,SetPictureStyleSharpnessTestRecParam_FW
0xff1af2f4,SetPictureStyleTypeTestRecParam_FW
0xff46cbd4,SetPMByGpio_FW
0xff35aff8,SetPoweredISOFF_FW
0xff35afe4,SetPoweredISON_FW
0xff0adaf0,SetPropertyCase
0xff1e28d4,SetPropertyCase_FW
0xff2c7f50,SetPTGDefaultData_FW
0xff1e2484,SetRawSWCheckMode_FW
0xff4424ec,SetReferenceWBGainForCalibration_FW
0xff4416d0,SetSafFPGABypassMode_FW
0xff441690,SetSafImagePredictMode_FW
0xff44168c,SetSafImageReadOutType_FW
0xff441698,SetSafImageWindowHArea_FW
0xff4416b4,SetSafPPPBypassMode_FW
0xff448bc8,SetScanLensIndex_FW
0xff448cd8,SetScanWindowMode_FW
0xff0b0358,SetScriptMode
0xff0b0358,SetScriptMode_FW
0xff1e23e0,SetSDPwrPort_FW
0xff44505c,SetSecond_FW
0xff4478a8,SetSensorPreGain_FW
0xff4417b8,SetShutterSpeed_FW
0xff44175c,SetShutterSpeedWithMecha_FW
0xff35b0f0,SetSlowWaitTime_FW
0xff0250a8,SetSR
0xff02dbc0,SetSSIDForFAWLAN_FW
0xff1e2410,SetStereoSeparation_FW
0xff2c7f64,SetTassenAdjSGMode_FW
0xff087600,SetTestRecMasterCxCy_FW
0xff087780,SetTestRecSkimmingYUV_FW
0xff028978,SetTimerAfter
0xff0289e4,SetTimerWhen
0xff442514,SetToolCorrectCoefficient_FW
0xff039924,SetValidSystemCalender
0xff443644,SetVideoOutType
0xff443680,SetVideoOutType_FW
0xff35b0b4,SetWaitTime_FW
0xff445b28,SetWBTemperature_FW
0xff4424ac,SetWBYlStandardWidth_FW
0xff1ab2d0,SetWhiteCoefficient_FW
0xff445744,SetWindowSystemDrawSetting_FW
0xff02db40,SetWLANFactoryMode_FW
0xff444e70,SetYear_FW
0xff35a724,SetZoomActuatorSpeedPPS_FW
0xff359ba8,SetZoomAmpereLimitOffTime_FW
0xff31e708,SetZoomAmpereLimitOffTimeForAdjustZoom_FW
0xff31e3c0,SetZoomCommonDriveParam_FW
0xff31e198,SetZoomDriveParam_FW
0xff359be0,SetZoomLensCurrentPosition_FW
0xff359ab0,SetZoomLensDriveAmpereDac_FW
0xff359ad4,SetZoomLensDriveResetAmpereDac_FW
0xff31e0f8,SetZoomLensEncoderPowerControl_FW
0xff359bc8,SetZoomLensMoveTimeLimit_FW
0xff359bfc,SetZoomLensResetMoveTimeLimit_FW
0xff359c1c,SetZoomLensSpeedChangeMaxTime_FW
0xff359c30,SetZoomLensSpeedChangeRate_FW
0xff359a94,SetZoomLensSpeedMode_FW
0xff31cd24,SetZoomNCEffectiveEvent_FW
0xff31e358,SetZoomNormalDriveParam_FW
0xff35a788,SetZoomPermitTargetMaxSpeedPPS_FW
0xff44b8b8,SetZoomPointToIS_FW
0xff35b4a4,SetZoomPosition_FW
0xff31e2f8,SetZoomResetDriveParam_FW
0xff31de08,SetZoomResetState_FW
0xff35a76c,SetZoomSpeedCheckStopTime_FW
0xff31e10c,SetZoomSpeedMode_FW
0xff1e2aa0,ShowAllTaskInfo_FW
0xff035f68,ShowCameraLog_FW
0xff035efc,ShowCameraLogInfo_FW
0xff442dd0,ShowCurrentExp_FW
0xff08068c,ShowDefaultAdjTableVersion_FW
0xff35894c,ShowFocusLensCurrentSpeedTable_FW
0xff358f08,ShowFocusLensIrisCoefficientCheckSum_FW
0xff0afec4,ShowLogicalEventName_FW
0xff35913c,ShowMechaCondition_FW
0xff1e2074,ShowMechaMacro_FW
0xff1e2474,ShowPhySwStatus_FW
0xff1e24b8,ShowSDStatus_FW
0xff31e87c,ShowTransparentMemory_FW
0xff0b4f68,ShutdownPlayModeMenu_FW
0xff0b5038,ShutdownPlayModeMenuWithoutPbRedraw_FW
0xff0b4c8c,ShutdownRecModeMenu_FW
0xff2d37e8,ShutterTool.CheckExpTime_FW
0xff2d3808,ShutterTool.CheckExpTimeWithErrMode_FW
0xff2d3574,ShutterTool.CheckTv_FW
0xff2d35b0,ShutterTool.CheckTvWithErrMode_FW
0xff2d3880,ShutterTool.GetCurExpTime_FW
0xff2d3824,ShutterTool.GetCurTv_FW
0xff2d3900,ShutterTool.GetLimOfExpTime_FW
0xff2d3930,ShutterTool.GetLimOfExpTimeRegular_FW
0xff2d38a0,ShutterTool.GetLimOfTv_FW
0xff2d39b0,ShutterTool.GetLimOfTvForFix_FW
0xff2d39cc,ShutterTool.GetLimOfTvForFixWithAv_FW
0xff2d38d0,ShutterTool.GetLimOfTvRegular_FW
0xff2d3678,ShutterTool.SetExpTime_FW
0xff2d3694,ShutterTool.SetExpTimeAndFrameRateType_FW
0xff2d398c,ShutterTool.SetExpTimeForFix_FW
0xff2d3684,ShutterTool.SetExpTimeWithErrMode_FW
0xff2d3354,ShutterTool.SetTv_FW
0xff2d3380,ShutterTool.SetTvAfterDriveChange_FW
0xff2d33b0,ShutterTool.SetTvAndFrameRateType_FW
0xff2d3960,ShutterTool.SetTvForFix_FW
0xff2d3368,ShutterTool.SetTvWithErrMode_FW
0xff44335c,SleepAE_FW
0xff039bd0,SleepTask
0xff039bd0,SleepTask_FW
0xff02558c,sprintf_FW
0xff0c5ab0,srand
0xff1e35d4,SS.ChangeZoomSpeed_FW
0xff1e3648,SS.Create_FW
0xff1e3608,SS.DoAELock_FW
0xff1e35e8,SS.DoAFLock_FW
0xff032c94,SS.GetDigitalZoomPosition_FW
0xff1e35bc,SS.GetDigitalZoomTele_FW
0xff1e3638,SS.MFOff_FW
0xff1e3628,SS.MFOn_FW
0xff1e35a4,SS.MoveDigitalZoomAt_FW
0xff1e3584,SS.MoveDigitalZoomToTele_FW
0xff1e3594,SS.MoveDigitalZoomToWide_FW
0xff1e3564,SS.MoveOpticalZoomAt_FW
0xff1e353c,SS.MoveOpticalZoomToTele_FW
0xff1e3550,SS.MoveOpticalZoomToWide_FW
0xff034634,SS.SetAvailShot_FW
0xff034664,SS.TSMonShootOut_FW
0xff1e3618,SS.UnlockAE_FW
0xff1e35f8,SS.UnlockAF_FW
0xff1e3638,SS_MFOff
0xff1e3628,SS_MFOn
0xff28e01c,sscanf_FW
0xff0a39ac,SSFS_CompleteCaptModeChange_FW
0xff0a39ac,SSFS_CompleteFileWrite_FW
0xff0a39ac,SSFS_CompletePreCapt_FW
0xff0a39ac,SSFS_CompleteShootPicture_FW
0xff0a39ac,SSFS_CompleteStopDigZoom_FW
0xff0a39ac,SSFS_CompleteStopZoom_FW
0xff0a39ac,SSFS_CompleteSynchroWrite_FW
0xff0a39ac,SSFS_ShootPicture_FW
0xff449560,StartAdjAFInteg_FW
0xff4491ec,StartAdjAFService_FW
0xff1ab6f4,StartAEIntegralService_FW
0xff44b6d8,StartBDrive_FW
0xff44b710,StartBPanDrive_FW
0xff035fb8,StartCameraLog_FW
0xff4414c0,StartCaptureDrive_FW
0xff449d10,StartCrwCustomScan_FW
0xff449ca0,StartCustomScan_FW
0xff3579e4,StartCzLog_FW
0xff357954,StartCzTuning_FW
0xff46cd18,StartDCMDriveTimeCounter_FW
0xff443c00,StartEVFDrive_FW
0xff443bbc,StartEVFDriveWithMode_FW
0xff02e31c,StartFactoryModeController_FW
0xff31c83c,StartFAWLANService_FW
0xff35b874,StartImStEventProc_FW
0xff44bc38,StartISAdjustMacro_FW
0xff44b6d8,StartISAdjustmentDrive_FW
0xff44b6d8,StartISDrive_FW
0xff35a7dc,StartISLocalAdjust_FW
0xff095f38,StartISLocalAutoCenter_FW
0xff095f80,StartISLocalHallAdjust_FW
0xff35ace8,StartISLoopGainCalc_FW
0xff44b710,StartISPanDrive_FW
0xff35b0a4,StartISPWMFreqChangeTest_FW
0xff1ad194,StartLogOut_FW
0xff35b6b0,StartMacroISAdjust_FW
0xff35b6a0,StartMacroISContiMode_FW
0xff0b4ba4,StartPlayModeMenu_FW
0xff0b4bd0,StartRecModeMenu
0xff0b4bd0,StartRecModeMenu_FW
0xff024c48,StartRedirectUART_FW
0xff31efd4,StartSoundPlay_FW
0xff31efa0,StartSoundRecord_FW
0xff31f298,StartTestRecLog_FW
0xff0abf10,StartWDT_FW
0xff35a594,StartZoomLensSpeedLog_FW
0xff02776c,stat
0xff449550,StopAdjAFInteg_FW
0xff449330,StopAdjAFService_FW
0xff1ab3dc,StopAEIntegralService_FW
0xff3579f8,StopAndSaveCzLog_FW
0xff35a5b8,StopAndSaveZoomLensSpeedLog_FW
0xff44b6c8,StopBDrive_FW
0xff44b6e8,StopBPanDrive_FW
0xff036180,StopCameraLog_FW
0xff440874,StopCaptureDrive_FW
0xff443fa4,StopContinuousVRAMData_FW
0xff449c90,StopCustomScan_FW
0xff3578d8,StopCZ_FW
0xff46cd28,StopDCMDriveTimeCounter_FW
0xff4436f4,StopEVFDrive_FW
0xff31c844,StopFAWLANService_FW
0xff44bc48,StopISAdjustMacro_FW
0xff44b6c8,StopISAdjustmentDrive_FW
0xff44b6c8,StopISDrive_FW
0xff35adbc,StopISLoopGainCalc_FW
0xff44b6e8,StopISPanDrive_FW
0xff35b0ac,StopISPWMFreqChangeTest_FW
0xff1ace28,StopLogOut_FW
0xff35b6c0,StopMacroISAdjust_FW
0xff02d688,StopPtpipServiceForFAWLAN_FW
0xff024d5c,StopRedirectUART_FW
0xff442a80,StopStrobeChargeForFA_FW
0xff31f2b0,StopTestRecLog_FW
0xff0abf70,StopWDT_FW
0xff31ddfc,StopZoomEmergency_FW
0xff359a78,StopZoomLens_FW
0xff03a7e8,strcat
0xff03a870,strchr
0xff0256bc,strcmp
0xff0256e4,strcmp_FW
0xff0255a8,strcpy
0xff0255a8,strcpy_FW
0xff0c52fc,strftime
0xff025700,strlen
0xff025700,strlen_FW
0xff03a824,strncmp
0xff028c34,strncpy
0xff0c5c38,strrchr
0xff03a7d4,strtol
0xff03a5d8,strtolx
0xff4435f8,SwitchOffDisplay_FW
0xff443630,SwitchOnDisplay_FW
0xff1e3178,System.Create_FW
0xff1e2ab0,System.Delete_FW
0xff028254,TakeSemaphore
0xff028254,TakeSemaphore_FW
0xff02856c,TakeSemaphoreStrictly
0xff2a392c,task__cntFlashTask
0xff04effc,task__imageSensorTask
0xff1225ec,task__tgTask
0xff2f8bc4,task_AACDrvTask
0xff1879d8,task_AACTask
0x000e2aa4,task_AdditionAgent
0xff0fd6fc,task_AfIntSrvTask
0xff04a69c,task_AFTask
0xff18821c,task_ASIF
0xff076c90,task_AudioTsk
0xff02b900,task_BatteryTask
0xff074004,task_BeepTask
0xff02d658,task_bomStopPTPIPTask
0xff0e11ac,task_BrtCalcTask
0xff0dda3c,task_BrtMsrTask
0xff038328,task_Bye
0xff09a174,task_CaptSeq
0xff09a174,task_CaptSeqTask
0xff188f00,task_ChaseFrame
0xff18ef9c,task_ChaseTask
0xff022b20,task_ClockSave
0xff0624b0,task_CommonDrivers
0xff165d74,task_ComWireless
0xff0ac50c,task_ConsoleSvr
0xff1d6258,task_ControlLog
0xff199784,task_CorctTask
0xff309118,task_CorrectLiveTassenTask
0xff35c0ac,task_CreateHeaderTask
0xff44ea6c,task_CtgTotalTask
0xff0aea50,task_CtrlSrv
0xff1b1b10,task_dccdCalcTask
0xff33e58c,task_DecJpgRd
0xff19a308,task_DefMarkRomCopyTask
0xff0d401c,task_DetectMoveTask
0xff0d64d4,task_DevelopModule
0xff18b474,task_DispFace
0xff35c438,task_DistTask
0xff1bffb0,task_DPOFTask
0xff272c94,task_DSITask
0xff1e741c,task_DvlpSeqTask
0xff0d6e08,task_EFChargeT
0xff1dd68c,task_EISMainTask
0xff18ce9c,task_EncRemoteEVFJpgTask
0xff0a7160,task_Epilog
0xff037fd0,task_EvShel
0xff0f1f5c,task_ExpDrv
0xff2ad0e4,task_ExpDrvSubTask
0xff0f1f5c,task_ExpDrvTask
0xff24c09c,task_FaceFrame
0xff445784,task_FAPowerOff
0xff19cd18,task_Fencing
0xff32ecf0,task_FileManMarkAllTask
0xff1c74d4,task_FileScheduleTask
0xff3384d0,task_FileWrite
0xff3384d0,task_FileWriteTask
0xff33d7bc,task_FilYuvMaker
0xff345efc,task_FocusEvent
0xff32fcd0,task_FORMAT_TASK_NAME
0xff32fad0,task_FORMAT_TASK_PROGRESS
0xff05e1ec,task_fprintRCTask
0xff05dd7c,task_fprintSNRTask
0xff07c408,task_FrameTask
0xff02e53c,task_FsIoNotifyTask
0xff1194dc,task_GapMan
0xff35f3d4,task_ImagePlaySysConTask
0xff361654,task_ImageRetryConTask
0xff1c5b38,task_ImageStoreTask
0xff16c584,task_ImageSyncController
0xff341cd0,task_ImgPlyDC
0xff341e84,task_ImgPlyDCLow
0xff1d2500,task_ImgPlyTask
0xff16a0d4,task_IMLApp
0xff062470,task_InitFileModules
0xff094fe4,task_ISMainTask
0xff35d648,task_JpegEncTask
0xff05e6e0,task_LachesisTest
0xff1845f8,task_LcdConTask
0xff075550,task_LEDCon
0xff0926b0,task_LensController
0xff127158,task_LiveImageTask
0xff0acba8,task_LowConsole
0xff34aa44,task_MechaAlarm
0xff1d7444,task_MechaCPUTransfer
0xff1da600,task_MechaNCTask
0xff34b064,task_MechaShutter
0xff08bb58,task_MediaStatusMngr
0xff1b8934,task_MetaCtg
0xff327ad8,task_MetaCtgPrsTask
0xff194628,task_MotionVector
0xff352ae4,task_MoviePlay
0xff4695b8,task_MovieRead
0xff1e15d0,task_MovieRecord
0xff355cb4,task_MovieWriter
0xff3c7ec4,task_MrkSetTask
0xff34bd14,task_Nd
0xff054184,task_NfcCon_EvtTask
0xff14287c,task_NfcConTask
0xff155f98,task_NormalThumbCache
0xff0d3860,task_OBCtrlTask
0xff0366a0,task_OpePlay
0xff02cb84,task_PhySw
0xff2ebd6c,task_PingManager
0xff171680,task_PtpipController
0xff171bd4,task_PtpipPacketDetector
0xff1539f4,task_PTPSessionTASK
0xff1473bc,task_PTPtoFAPI_EventProcTask_Block
0xff147314,task_PTPtoFAPI_EventProcTask_Try
0xff45f850,task_ReadFileTask
0xff3c3d6c,task_ReadMultiConTask
0xff339700,task_ReadScheduleTask
0xff08d1e0,task_RedEyeCapt
0xff05db34,task_RedirectUARTTask
0xff44583c,task_ResetFactoryWithShutdownTimer
0xff35c9d8,task_ResizeTask
0xff18e7ac,task_SceneDetectTask
0x006b89b4,task_SD1stInit
0xff32ef90,task_SetGeoTagExecution
0xff1e5f9c,task_ShutterSoundTask
0xff11d878,task_SsgMainTask
0xff11da48,task_SsgPeriodTask
0xff098cb4,task_SsStartupTask
0xff0a3a2c,task_SsTask
0xff027ed0,task_Startup
0xff02a460,task_StartupImage
0xff128868,task_SynchTask
0xff1287c4,task_SyncPeriod
0xff079f34,task_Thermometer
0xff1413d8,task_TimerUtility
0xff1df874,task_TmgGen
0xff15a3ac,task_TrnsCtrlTask
0xff024aa4,task_UartLog
0xff052a30,task_WBCtrl
0xff12c90c,task_WBIntegTask
0xff13c92c,task_WBLPFace
0xff1e6cb4,task_WbSeqTask
0xff0abd68,task_WdtPrint
0xff0abe50,task_WdtReset
0xff173ab4,task_WebServiceApp
0xff2f184c,task_WSSAPP
0xff34c9d0,task_ZoomEvent
0xff34cca8,task_ZoomSpeedLog
0xff1e36d4,TerminateAdjustmentSystem_FW
0xff086b10,Terminatedccd_FW
0xff29d51c,TerminateDefectRec_FW
0xff086b10,TerminateDigicon_FW
0xff31f104,TerminateFAExtendFile_FW
0xff31f0e0,TerminateFAGeneralTest_FW
0xff445e5c,TerminateMechaDevice_FW
0xff46773c,TerminateMechaUnitExeTest_FW
0xff172e60,TerminatePTPIPTransportResponder_FW
0xff31ef6c,TerminateSoundRec_FW
0xff085f68,TerminateTestRec_FW
0xff05c35c,TerminateWLAN_FW
0xff039f7c,time
0xff039464,TryPostMessageQueue
0xff039318,TryReceiveMessageQueue
0xff028204,TryTakeSemaphore
0xff445774,TurnOffCamera_FW
0xff0712cc,TurnOffDisplay
0xff038284,TurnOffE1_FW
0xff359568,TurnOffNdFilter_FW
0xff3595c4,TurnOffNdFilterWithTiming_FW
0xff078108,TurnOffVideoOutMode_FW
0xff0712bc,TurnOnDisplay
0xff359544,TurnOnNdFilter_FW
0xff35958c,TurnOnNdFilterWithTiming_FW
0xff0780d0,TurnOnVideoOutMode_FW
0xff1fbf00,UI.Create_FW
0xff1fb250,UI.CreatePublic_FW
0xff1fbf00,UI_RegistDebugEventProc_FW
0xff1fbeec,UI_ShowStateOfRecMode_FW
0xff0b0304,UiEvnt_SetLogicalEventActive_FW
0xff0b04c8,UiEvnt_StartDisguiseCradleStatus_FW
0xff0b04d8,UiEvnt_StopDisguiseCradleStatus_FW
0xff0614c8,UIFS_CancelStoreLensTimer_FW
0xff17e380,UIFS_Capture_FW
0xff17e478,UIFS_CaptureNoneStop_FW
0xff1fae40,UIFS_ChangeShootState_FW
0xff1facd4,UIFS_ClosePopupStrobe_FW
0xff1fad64,UIFS_ConnectVideo_FW
0xff1faaac,UIFS_CtrlManControllerAnytimeTop_FW
0xff1fad94,UIFS_DisconnectVideo_FW
0xff1fb214,UIFS_DisplayFirmUpdateView_FW
0xff1fae28,UIFS_EndClockMode_FW
0xff1faf80,UIFS_GetAvItem_FW
0xff1fae9c,UIFS_GetAvItemCount_FW
0xff1fb0b8,UIFS_GetCurrentAvString_FW
0xff1fb138,UIFS_GetCurrentTvString_FW
0xff1fae64,UIFS_GetLastPath_FW
0xff06dc9c,UIFS_GetMovieRecoadableNumber_FW
0xff23da38,UIFS_GetNumberOfDisplayedImage_FW
0xff06a1b0,UIFS_GetNumOfOptZoomPos_FW
0xff06dc98,UIFS_GetStillShotableNumber_FW
0xff1fb080,UIFS_GetTvItem_FW
0xff1faf0c,UIFS_GetTvItemCount_FW
0xff1faad4,UIFS_IsAutoPopupDownStrobe_FW
0xff1faadc,UIFS_IsAvailableAvTvMode_FW
0xff1faabc,UIFS_IsAvailableMovieRecDigZoom_FW
0xff1faab4,UIFS_IsAvailableMovieRecOptZoom_FW
0xff1faae4,UIFS_IsAvailablePowerZoom_FW
0xff1faacc,UIFS_IsAvailableRecMenuAFMode_FW
0xff1faac4,UIFS_IsAvailableServoAF_FW
0xff06d768,UIFS_IsAvailableShots_FW
0xff1fb1c0,UIFS_IsOperationEvent_FW
0xff1fb244,UIFS_LockMainPowerAndDisplayOff_FW
0xff1fad04,UIFS_MountExtFlash_FW
0xff069cd0,UIFS_MoveZoomTo_FW
0xff06a2e8,UIFS_MoveZoomToPositionWithTaskSwCtrlServ_FW
0xff1faca4,UIFS_OpenPopupStrobe_FW
0xff1fb204,UIFS_PlayTrimExecuteAllImageSize_FW
0xff1fadd8,UIFS_PostModeDial_FW
0xff1fadd4,UIFS_RestartPostingUIEvent_FW
0xff1fae30,UIFS_SetCradleSetting_FW
0xff1fac4c,UIFS_SetDialMovieRec_FW
0xff1fac84,UIFS_SetDialPlay_FW
0xff1fac2c,UIFS_SetDialStillRec_FW
0xff1fae20,UIFS_StartClockMode_FW
0xff239900,UIFS_StartMoviePlay_FW
0xff067fc0,UIFS_StartMovieRecord_FW
0xff067fe4,UIFS_StopMovieRecord_FW
0xff1fadd0,UIFS_StopPostingUIEvent_FW
0xff1fad34,UIFS_UnmountExtFlash_FW
0xff247ed4,UIFS_WirelessExecuteSendForever_FW
0xff21a280,UIFS_WriteFirmInfoToFile
0xff21a280,UIFS_WriteFirmInfoToFile_FW
0xff066ee8,UiToCom_SetDebug_FW
0xff02a248,UndisplayBusyOnScreen
0xff02d4ec,UndisplayFactoryMode_FW
0xff0a9154,UnLoadScript_FW
0xff033480,UnlockAE
0xff033060,UnlockAF
0xff0b06fc,UnlockMainPower
0xff0b06fc,UnlockMainPower_FW
0xff442c4c,UnregistColorMatrix_FW
0xff024f5c,UnregisterInterruptHandler
0xff359d9c,UnRegisterZoomLensPositionPassedCBR_FW
0xff02be2c,VbattGet
0xff02be2c,VbattGet_FW
0xff35e288,VerifyByte_FW
0xff028bf4,vsprintf
0xff29d654,VStripeCheck_FW
0xff29d728,VStripeTassenThrough_FW
0xff1e2a8c,Wait_FW
0xff038eec,WaitForAllEventFlag
0xff028630,WaitForAllEventFlagStrictly
0xff038df8,WaitForAnyEventFlag
0xff0285f0,WaitForAnyEventFlagStrictly
0xff359904,WaitMoveZoomLensComplete_FW
0xff027b80,Write
0xff027b80,Write_FW
0xff0810d8,WRITEADJTABLETOFROM_FW
0xff081110,WRITEADJUSTMENTDATATOFROM_FW
0xff44b730,WriteGyroAdjustment_FW
0xff44b720,WriteHallDeviceAdjustment_FW
0xff3592e0,WriteMechaLogToFile_FW
0xff3592d0,WriteMechaLogToRom_FW
0xff31d25c,WriteNFCOptUnitAssemblyAreaData_FW
0xff31ce90,WriteNFCSystemArea_FW
0xff31d27c,WriteNFCSystemAreaForOptUnitAssembly_FW
0xff143c7c,WriteNFCUserArea_FW
0xff31cec4,WriteNFCUserAreaWithInitNFCAdj_FW
0xff44b7a8,WritePWMAdjustment_FW
0x006b8324,WriteSDCard
0xff0767d8,WriteToRom_FW
0xff081144,WRITEUSERSETTINGDATATOFROM_FW
0xff31c880,WriteWLANMACAddressToFROM_FW
