0x000e2aa4,task_AdditionAgent
0x006b1b10,DisableDispatch_low
0x006b1b3c,EnableDispatch_low
0x006b1b90,get_self_task_id
0x006b21d4,get_task_properties
0x006b8324,WriteSDCard
0x006b89b4,task_SD1stInit
0x006d9a58,dry_memzero
0x006d9a98,dry_memcpy
0x006d9b7c,bzero
0x006d9bd0,_divmod_signed_int
0x006db22c,_divmod_unsigned_int
0x006dc020,_log
0x006dc560,_log10
0x006dc6d8,_pow
0x006dd688,_safe_sqrt
0x006dd84c,_dadd
0x006ddb24,_ddiv
0x006ddff0,_dfix
0x006de0a0,_dfixu
0x006de128,_dflt
0x006de1d4,_dfltu
0x006de1e0,_dcmp
0x006de268,_dmul
0x006de438,_dcmp_reverse
0x006de4d8,_drsb
0x006de4f0,_sqrt
0x006de664,_dsub
0x006de9e8,_f2d
0x006deb6c,_fdiv
0x006ded50,_ffix
0x006dedc4,_ffixu
0x006dee24,_fflt
0x006dee58,_ffltu
0x006deed8,_fmul
0x006df3d8,_scalbn
0xff0201bc,icache_flush_and_enable
0xff0201e4,icache_disable_and_flush
0xff02020c,dcache_flush_and_enable
0xff020234,dcache_clean_flush_and_disable
0xff020284,dcache_flush_range
0xff0202a0,dcache_clean_range
0xff020300,dcache_clean_flush_range
0xff020384,icache_flush_range
0xff020c2c,memShow_FW
0xff022b20,task_ClockSave
0xff0234d8,get_self_task_errno_pointer
0xff023548,GetMemInfo
0xff024004,Read
0xff024004,Read_FW
0xff0248d0,err_init_task
0xff024a04,_uartr_req
0xff024aa4,task_UartLog
0xff024c48,StartRedirectUART_FW
0xff024d5c,StopRedirectUART_FW
0xff024ec0,RegisterInterruptHandler
0xff024f5c,UnregisterInterruptHandler
0xff0250a4,GetSRAndDisableInterrupt
0xff0250a8,SetSR
0xff0250c8,EnableInterrupt
0xff025140,CreateTask
0xff025140,CreateTask_FW
0xff0254b0,ExitTask
0xff0254b0,ExitTask_FW
0xff025500,DebugAssert
0xff02558c,sprintf_FW
0xff0255a8,strcpy
0xff0255a8,strcpy_FW
0xff0255c0,memcmp
0xff0255c0,memcmp_FW
0xff0256bc,j_strcmp_FW
0xff0256bc,strcmp
0xff0256e4,strcmp_FW
0xff025700,strlen
0xff025700,strlen_FW
0xff0257e8,malloc
0xff025840,free
0xff026c5c,RenameFile_Fut
0xff026d64,DeleteDirectory_Fut
0xff026dbc,Fopen_Fut
0xff026dbc,Fopen_Fut_FW
0xff026dfc,Fclose_Fut
0xff026dfc,Fclose_Fut_FW
0xff026ea8,Fread_Fut
0xff026ea8,Fread_Fut_FW
0xff026efc,Fwrite_Fut
0xff026efc,Fwrite_Fut_FW
0xff026f50,Fgets_Fut
0xff026f9c,Fseek_Fut
0xff026f9c,Fseek_Fut_FW
0xff026fe8,Feof_Fut
0xff027024,Fflush_Fut
0xff0273b0,Open
0xff0273b0,Open_FW
0xff027414,Close
0xff027414,Close_FW
0xff027638,Remove
0xff0276c0,j_Read_FW
0xff0276c4,j_Write_FW
0xff027724,Lseek
0xff027724,lseek
0xff027724,Lseek_FW
0xff027744,OpenForScrip_FW
0xff02776c,stat
0xff027878,SetFileTimeStamp
0xff0278f0,SetFileAttributes
0xff027988,mkdir
0xff027b80,Write
0xff027b80,Write_FW
0xff027be0,j_StartCameraLog_FW
0xff027be4,j_ShowCameraLog_FW
0xff027be8,j_ShowCameraLogInfo_FW
0xff027bec,j_StopCameraLog_FW
0xff027bf0,j_PutsCameraLogEvent_FW
0xff027bf4,OpLog.Create_FW
0xff027c70,j_NewTaskShell_FW
0xff027c74,j_ExMem.View_FW
0xff027c78,ExMem_FW
0xff027ed0,task_Startup
0xff027fc8,AllocateUncacheableMemory
0xff028004,FreeUncacheableMemory
0xff0280ac,CreateBinarySemaphore
0xff028130,CreateCountingSemaphore
0xff028130,CreateCountingSemaphore_FW
0xff028190,DeleteSemaphore
0xff028190,DeleteSemaphore_FW
0xff028204,TryTakeSemaphore
0xff028254,TakeSemaphore
0xff028254,TakeSemaphore_FW
0xff028338,GiveSemaphore
0xff028338,GiveSemaphore_FW
0xff028388,GetSemaphoreValue
0xff02840c,CreateTaskStrictly_alt
0xff028444,CreateTaskStrictly
0xff02847c,CreateMessageQueueStrictly
0xff0284a4,CreateEventFlagStrictly
0xff0284cc,CreateBinarySemaphoreStrictly
0xff0284f4,CreateCountingSemaphoreStrictly
0xff02851c,CreateRecursiveLockStrictly
0xff02856c,TakeSemaphoreStrictly
0xff028598,ReceiveMessageQueueStrictly
0xff0285c4,PostMessageQueueStrictly
0xff0285f0,WaitForAnyEventFlagStrictly
0xff028630,WaitForAllEventFlagStrictly
0xff02865c,AcquireRecursiveLockStrictly
0xff028804,_GetSystemTime
0xff028978,SetTimerAfter
0xff0289e4,SetTimerWhen
0xff028a48,CancelTimer
0xff028bf4,vsprintf
0xff028c34,strncpy
0xff029e9c,RegComEventProc_FW
0xff02a248,UndisplayBusyOnScreen
0xff02a460,task_StartupImage
0xff02b900,task_BatteryTask
0xff02be2c,GetVBatVoltage_FW
0xff02be2c,VbattGet
0xff02be2c,VbattGet_FW
0xff02c7b4,kbd_p2_f
0xff02cb84,task_PhySw
0xff02cff4,GetSwitchStatus_FW
0xff02d060,GetSDDetect_FW
0xff02d068,GetSDProtect
0xff02d068,GetSDProtect_FW
0xff02d08c,GetDialEventId_FW
0xff02d094,GetLcdPosition_FW
0xff02d09c,GetBatteryCoverClose_FW
0xff02d0a4,IsHvSensorExist_FW
0xff02d0ac,kbd_read_keys
0xff02d0fc,kbd_p1_f
0xff02d108,kbd_p1_f_cont
0xff02d1ec,EngDrvOut
0xff02d204,EngDrvIn
0xff02d20c,EngDrvRead
0xff02d220,EngDrvBits
0xff02d4e0,DisplayFactoryMode_FW
0xff02d4ec,UndisplayFactoryMode_FW
0xff02d640,IsFAWLANRunning_FW
0xff02d64c,IsFAConnectUSB_FW
0xff02d658,task_bomStopPTPIPTask
0xff02d688,StopPtpipServiceForFAWLAN_FW
0xff02db40,SetWLANFactoryMode_FW
0xff02db80,ClearWLANFactoryMode_FW
0xff02dbc0,SetSSIDForFAWLAN_FW
0xff02dc1c,DummyUSBConnection_FW
0xff02dfc4,SetDurianMode_FW
0xff02e004,ClearDurianMode_FW
0xff02e004,ClearFactoryMode_FW
0xff02e044,SetFactoryMode_FW
0xff02e084,ClearDUIDFixFlag_FW
0xff02e0bc,SetDUIDFixFlag_FW
0xff02e1b0,ClearFactoryMasterFlag_FW
0xff02e1bc,SetFactoryMasterFlag_FW
0xff02e1c8,ClearFactoryMasterROMProtection_FW
0xff02e1ec,SetFactoryMasterROMProtection_FW
0xff02e210,IsMountLens_FW
0xff02e23c,IsFactoryMode_FW
0xff02e2bc,IsDUIDFixFlag_FW
0xff02e304,IsNormalCameraMode_FW
0xff02e31c,StartFactoryModeController_FW
0xff02e53c,task_FsIoNotifyTask
0xff031198,get_fstype
0xff031220,GetDrive_ClusterSize
0xff031958,GetDrive_TotalClusters
0xff031984,GetDrive_FreeClusters
0xff031ee4,MakeSDCardBootable
0xff032a0c,MoveOpticalZoomAt
0xff032c94,SS.GetDigitalZoomPosition_FW
0xff033030,DoAFLock
0xff033060,UnlockAF
0xff033318,EnterToCompensationEVF
0xff03336c,ExitFromCompensationEVF
0xff0333f0,DoAELock
0xff033480,UnlockAE
0xff033b4c,MenuIn
0xff033bbc,MenuOut
0xff034634,SS.SetAvailShot_FW
0xff034664,SS.TSMonShootOut_FW
0xff034868,drysh_FW
0xff034978,ExMem.View_FW
0xff03534c,RegisterEventProcedure
0xff035474,ExecuteEventProcedure
0xff0354ec,ExecuteEventProcedure_FW
0xff035dac,ExportToEventProcedure_FW
0xff035db8,CreateProxyOfEventProcedure_FW
0xff035e10,DeleteProxyOfEventProcedure_FW
0xff035e9c,PutsCameraLogEvent_FW
0xff035efc,ShowCameraLogInfo_FW
0xff035f68,ShowCameraLog_FW
0xff035fb8,StartCameraLog_FW
0xff036180,StopCameraLog_FW
0xff0361e0,LogCameraEvent
0xff0366a0,task_OpePlay
0xff0367f4,OpLog.Stop_FW
0xff036820,OpLog.WriteToROM_FW
0xff036850,j_OpLog.WriteToROM_FW
0xff036884,OpLog.ReadFromROM_FW
0xff0368ec,OpLog.ReadFromSD_FW
0xff036d24,OpLog.WriteToSD_FW
0xff037274,OpLog.Get_FW
0xff037294,OpLog.GetUsrSet_FW
0xff037354,OpLog.Play_FW
0xff03756c,OpLog.Start_FW
0xff037658,OpLog.Terminate_FW
0xff037fd0,task_EvShel
0xff038084,NewTaskShell
0xff0380e4,NewTaskShell_FW
0xff038284,TurnOffE1_FW
0xff038328,task_Bye
0xff0384fc,Restart
0xff038918,HardwareDefect_FW
0xff0389fc,malloc_strictly
0xff038c78,CreateEventFlag
0xff038cd8,DeleteEventFlag
0xff038d40,CheckAnyEventFlag
0xff038d9c,CheckAllEventFlag
0xff038df8,WaitForAnyEventFlag
0xff038eec,WaitForAllEventFlag
0xff038fb8,SetEventFlag
0xff039000,ClearEventFlag
0xff03904c,GetEventFlagValue
0xff0390d4,CreateMessageQueue
0xff039184,DeleteMessageQueue
0xff039224,ReceiveMessageQueue
0xff039318,TryReceiveMessageQueue
0xff0393a0,PostMessageQueue
0xff039464,TryPostMessageQueue
0xff0394b8,GetNumberOfPostedMessages
0xff039560,CreateRecursiveLock
0xff0395b8,DeleteRecursiveLock
0xff039620,AcquireRecursiveLock
0xff03978c,ReleaseRecursiveLock
0xff039924,SetValidSystemCalender
0xff039934,GetValidSystemCalender
0xff039954,IsInvalidTime
0xff03996c,PauseTimeOfSystem
0xff03997c,ResumeTimeOfSystem
0xff039bd0,SleepTask
0xff039bd0,SleepTask_FW
0xff039f7c,time
0xff03a030,GetTimeOfSystem_FW
0xff03a5cc,atol_FW
0xff03a5d8,strtolx
0xff03a7d4,strtol
0xff03a7e8,strcat
0xff03a824,strncmp
0xff03a870,strchr
0xff0458ac,ExpCtrlTool_StartContiAE
0xff045c2c,ExpCtrlTool_StopContiAE
0xff04a69c,task_AFTask
0xff04bd48,GetMacroSupportZoomPoint_FW
0xff04d964,ImagerActivate
0xff04da40,ClearImageDrive_FW
0xff04effc,task__imageSensorTask
0xff04f84c,SetMontblancVSize_FW
0xff04f860,GetMontblancVSize_FW
0xff052410,LiveImageTool.GetDzoomPosition_FW
0xff052834,GetVRAMHPixelsSize
0xff052834,GetVRAMHPixelsSize_FW
0xff052840,GetVRAMVPixelsSize
0xff052840,GetVRAMVPixelsSize_FW
0xff05284c,GetMovieJpegVRAMHPixelsSize_FW
0xff052858,GetMovieJpegVRAMVPixelsSize_FW
0xff052a30,task_WBCtrl
0xff05415c,NFCEvt.IsExternalNfcWrite_FW
0xff054170,NFCEvt.IsNfcStart_FW
0xff054184,task_NfcCon_EvtTask
0xff054208,NFCEvt.Create_FW
0xff056750,handle_PTP_OC_CloseSession
0xff056804,handle_PTP_OC_OpenSession
0xff05c340,InitializeWLAN_FW
0xff05c35c,TerminateWLAN_FW
0xff05c42c,LeaveWLANNetwork_FW
0xff05db34,task_RedirectUARTTask
0xff05dd7c,task_fprintSNRTask
0xff05e1ec,task_fprintRCTask
0xff05e6e0,task_LachesisTest
0xff05eabc,cameracon_set_state
0xff05f3b4,PB2Rec
0xff05f414,Rec2PB
0xff0613b8,cameracon_get_state
0xff0614c8,UIFS_CancelStoreLensTimer_FW
0xff062470,task_InitFileModules
0xff0624b0,task_CommonDrivers
0xff0633b0,DispSwCon_TurnOffDisplay_FW
0xff06652c,IsWirelessConnect
0xff066ee8,UiToCom_SetDebug_FW
0xff067fc0,UIFS_StartMovieRecord_FW
0xff067fe4,UIFS_StopMovieRecord_FW
0xff069cd0,UIFS_MoveZoomTo_FW
0xff06a1b0,UIFS_GetNumOfOptZoomPos_FW
0xff06a2e8,UIFS_MoveZoomToPositionWithTaskSwCtrlServ_FW
0xff06d768,UIFS_IsAvailableShots_FW
0xff06dc98,UIFS_GetStillShotableNumber_FW
0xff06dc9c,UIFS_GetMovieRecoadableNumber_FW
0xff070ce4,DispCon_ShowColorBar_FW
0xff070d50,DispCon_ShowFiveStep_FW
0xff070e44,DispCon_ShowWhiteChart_FW
0xff070e90,DispCon_ShowBlackChart_FW
0xff070eac,DispCon_ShowBitmapColorBar
0xff070eac,DispCon_ShowBitmapColorBar_FW
0xff070f08,DispCon_ShowCustomColorBar_FW
0xff070f5c,DispCon_SetDisplayType_FW
0xff070f7c,DispCon_ShowColorChart_FW
0xff070f98,DispCon_ShowWhiteLine_FW
0xff07116c,DispCon_ShowNStepsChart_FW
0xff0712bc,DispCon_TurnOnDisplay_FW
0xff0712bc,TurnOnDisplay
0xff0712cc,DispCon_TurnOffDisplay_FW
0xff0712cc,TurnOffDisplay
0xff0712dc,DispCon_TurnOnBackLight_FW
0xff0712e4,DispCon_TurnOffBackLight_FW
0xff0712ec,DispCon_SetMaxBackLightBrightness_FW
0xff07136c,DispCon_SetVideoAdjParameter_FW
0xff0713f4,DispCon_GetVideoAdjParameter_FW
0xff071450,DispCon_ShowVideoAdjParameter_FW
0xff07147c,DispCon_SaveVideoAdjParameter_FW
0xff07158c,DispCon_SetLcdGainAdjParameter_FW
0xff0715dc,DispCon_GetLcdGainAdjParameter_FW
0xff071618,DispCon_ShowLcdGainAdjParameter_FW
0xff071628,DispCon_SaveLcdGainAdjParameter_FW
0xff0724a0,GetAdVBattBottom_FW
0xff0724a8,GetAdChValue
0xff0724a8,GetAdChValue_FW
0xff074004,task_BeepTask
0xff07438c,BeepDrive_FW
0xff0743ac,BeepDriveComp_FW
0xff074544,GetTimeFromRTC
0xff075550,task_LEDCon
0xff075fe0,kbd_read_keys_r2
0xff076610,GetKbdState
0xff0767d8,WriteToRom_FW
0xff07688c,EraseRom_FW
0xff076990,GetRomID_FW
0xff076c90,task_AudioTsk
0xff0780d0,TurnOnVideoOutMode_FW
0xff078108,TurnOffVideoOutMode_FW
0xff078b6c,GetInputAverageLevel_FW
0xff078b78,GetNowInputAverageLevel_FW
0xff079f34,task_Thermometer
0xff07a12c,GetCCDTemperature
0xff07a12c,GetCCDTemperature_FW
0xff07a1a0,GetBatteryTemperature
0xff07a1a0,GetBatteryTemperature_FW
0xff07a214,GetOpticalTemperature
0xff07a214,GetOpticalTemperature_FW
0xff07a2c0,GetCCDMilliTemperature_FW
0xff07a340,GetBatteryMilliTemperature_FW
0xff07a3c0,GetOpticalMilliTemperature_FW
0xff07a48c,IsOpticalTemperature_FW
0xff07a4c0,IsCCDTemperature_FW
0xff07a4f4,IsBatteryTemperature_FW
0xff07a544,j_GetOpticalTemperature_FW
0xff07a548,j_GetCCDTemperature_FW
0xff07a54c,j_GetBatteryTemperature_FW
0xff07a550,j_GetOpticalMilliTemperature_FW
0xff07a554,j_GetCCDMilliTemperature_FW
0xff07a558,j_GetBatteryMilliTemperature_FW
0xff07a55c,j_IsOpticalTemperature_FW
0xff07a560,j_IsCCDTemperature_FW
0xff07a564,j_IsBatteryTemperature_FW
0xff07c408,task_FrameTask
0xff0805cc,EraseAdjustmentArea_FW
0xff080608,DumpAdjMirror_FW
0xff080630,GetAdjTableVersion_FW
0xff080664,j_GetAdjTableVersion_FW
0xff080668,GetAdjTableMapVersion_FW
0xff080678,GetAdjTableValueVersion_FW
0xff08068c,ShowDefaultAdjTableVersion_FW
0xff08072c,LoadAdjustmentTable_FW
0xff08073c,LoadDefectAdjTable_FW
0xff080ad4,SaveAdjustmentTable_FW
0xff080b40,SaveDefectAdjTable_FW
0xff080b5c,SaveAdjustmentValue_FW
0xff080b94,LoadAdjustmentValue_FW
0xff080bb8,PrintAdjTableMap_FW
0xff080f74,CreateAdjustmentTableMirror_FW
0xff080f7c,RefreshAdjustmentTableMirror_FW
0xff080f84,CreateDefectTableMirror_FW
0xff08103c,RefreshDefectTableMirror_FW
0xff081044,j_CreateUserSettingMirror_FW
0xff081048,PrintAdjKabotanInfo_FW
0xff0810d8,WRITEADJTABLETOFROM_FW
0xff08110c,j_WRITEADJTABLETOFROM_FW
0xff081110,WRITEADJUSTMENTDATATOFROM_FW
0xff081144,WRITEUSERSETTINGDATATOFROM_FW
0xff081568,GetDCPAdjOffset_FW
0xff081b5c,GetAdjustmentOffset_FW
0xff081b64,GetProductID_FW
0xff081b80,GetAdjDataAreaAddress_FW
0xff081b88,GetAdjDurianFlagSize_FW
0xff081b90,SetErasingSensorCleaningArea_FW
0xff081c04,CreateUserSettingMirror_FW
0xff085f00,InitializeTestRec_FW
0xff085f68,TerminateTestRec_FW
0xff0869fc,Initializedccd_FW
0xff0869fc,InitializeDigicon_FW
0xff086b10,Terminatedccd_FW
0xff086b10,TerminateDigicon_FW
0xff086b7c,ExecuteDigicon_FW
0xff08729c,Executedccd_FW
0xff087430,GetdccdImage_FW
0xff0874cc,GetdccdFilterValue_FW
0xff0875c4,j_InitializeTestRec_FW
0xff0875c8,j_TerminateTestRec_FW
0xff0875cc,ExecuteTestRec_FW
0xff0875e0,ExecuteSubCameraTestRec_FW
0xff0875e8,ExecuteTestRecCF_FW
0xff0875e8,ExecuteTestRecSD_FW
0xff087600,SetTestRecMasterCxCy_FW
0xff087700,ExecuteTestRecWithInteg_FW
0xff087718,ExecuteTestRecSw1_FW
0xff087764,GetTestRecCrawAddress_FW
0xff087770,CalculateTestRecYUVData_FW
0xff087780,SetTestRecSkimmingYUV_FW
0xff0877c4,ExecuteTestRecDevelopProcess_FW
0xff087810,j_Initializedccd_FW
0xff087810,j_InitializeDigicon_FW
0xff087814,j_Terminatedccd_FW
0xff087814,j_TerminateDigicon_FW
0xff087818,j_ExecuteDigicon_FW
0xff08781c,j_Executedccd_FW
0xff087820,j_GetdccdImage_FW
0xff087824,j_GetdccdFilterValue_FW
0xff087828,ResetRegistNoticeCBR_FW
0xff087838,RegistFirmScanNoticeCBR_FW
0xff08bb58,task_MediaStatusMngr
0xff08d1e0,task_RedEyeCapt
0xff091924,GetCzDebugFocusMode_FW
0xff092160,GetCurrentAvValue
0xff092160,GetCurrentAvValue_FW
0xff092160,GetIrisAv_FW
0xff092200,GetUsableAvRange
0xff0926b0,task_LensController
0xff093264,IsLensOutside_FW
0xff093288,GetFocusStartZoomPosition_FW
0xff093294,GetMechaCondition_FW
0xff094fe4,task_ISMainTask
0xff095338,ISInitMotion_FW
0xff095e80,GetISPWMFreqData_FW
0xff095e80,GetISPWMFrequency_FW
0xff095e88,GetISPWMPeriod_FW
0xff095f38,StartISLocalAutoCenter_FW
0xff095f80,StartISLocalHallAdjust_FW
0xff0964b0,GetGyroDataPitch_FW
0xff0964d8,GetGyroDataYaw_FW
0xff096518,GetGyro10BitDACPitch_FW
0xff096524,GetGyro10BitDACYaw_FW
0xff096530,GetGyroHPFINOffsetPitch_FW
0xff09653c,GetGyroHPFINOffsetYaw_FW
0xff096548,GetGyroHPFINPitch_FW
0xff096554,GetGyroHPFINYaw_FW
0xff0968c4,GetDISModeParameter_FW
0xff096a5c,GetFixedPWMOutA_FW
0xff096a68,GetFixedPWMOutB_FW
0xff098cb4,task_SsStartupTask
0xff09a174,task_CaptSeq
0xff09a174,task_CaptSeqTask
0xff0a39ac,SSFS_CompleteCaptModeChange_FW
0xff0a39ac,SSFS_CompleteFileWrite_FW
0xff0a39ac,SSFS_CompletePreCapt_FW
0xff0a39ac,SSFS_CompleteShootPicture_FW
0xff0a39ac,SSFS_CompleteStopDigZoom_FW
0xff0a39ac,SSFS_CompleteStopZoom_FW
0xff0a39ac,SSFS_CompleteSynchroWrite_FW
0xff0a39ac,SSFS_ShootPicture_FW
0xff0a3a2c,task_SsTask
0xff0a6380,GetLogToFile_FW
0xff0a63a4,IsRomLogAvailable_FW
0xff0a63b8,EraseLogSector_FW
0xff0a6e3c,EpilogShow_FW
0xff0a7134,EpilogFile_FW
0xff0a7160,task_Epilog
0xff0a71a0,EpilogMenu_FW
0xff0a7cac,GetCurrentMachineTime
0xff0a8c80,ExecuteShutDownPropertyService_FW
0xff0a8e88,get_resource_pointer
0xff0a9154,UnLoadScript_FW
0xff0a9240,Printf_FW
0xff0a9250,LoadScript_FW
0xff0aa284,SetHPTimerAfterNow
0xff0aa304,SetHPTimerAfterTimeout
0xff0aa38c,CancelHPTimer
0xff0abd68,task_WdtPrint
0xff0abe50,task_WdtReset
0xff0abf10,StartWDT_FW
0xff0abf70,StopWDT_FW
0xff0ac080,RomIntegrityCheck_FW
0xff0ac0a8,GetBuildDate_FW
0xff0ac0b0,PrintBuildDate_FW
0xff0ac0bc,GetBuildTime_FW
0xff0ac0c4,PrintBuildTime_FW
0xff0ac0d0,GetFirmwareVersion_FW
0xff0ac0d8,PrintFirmwareVersion_FW
0xff0ac14c,GetInternalFirmwareVersion_FW
0xff0ac154,PrintInternalFirmwareVersion_FW
0xff0ac1f4,CheckSumAll_FW
0xff0ac44c,GetChipVersion_FW
0xff0ac454,RomCheckSum_FW
0xff0ac50c,task_ConsoleSvr
0xff0acb18,RotateConsoleZOder_FW
0xff0acba8,task_LowConsole
0xff0acd28,CPrintf_FW
0xff0acd80,CPutChar_FW
0xff0acda8,GetCh_FW
0xff0acdf8,GetStringWithPrompt_FW
0xff0ace98,OpenConsole_FW
0xff0acfc8,CloseConsole_FW
0xff0adaf0,SetPropertyCase
0xff0adcc4,GetPropertyCase
0xff0aea50,task_CtrlSrv
0xff0af328,CreateController_FW
0xff0af408,DeleteController_FW
0xff0af504,MoveControllerToTopOfZOrder_FW
0xff0af5ac,CtrlMan_ChangeZOrder_FW
0xff0af644,GetSelfControllerHandle_FW
0xff0afbdc,GetLogicalEventName_FW
0xff0afc38,PostLogicalEventForNotPowerType
0xff0afc38,PostLogicalEventForNotPowerType_FW
0xff0afc90,PostLogicalEventToUI
0xff0afc90,PostLogicalEventToUI_FW
0xff0afe70,PostEventShootSeqToUI_FW
0xff0afec4,ShowLogicalEventName_FW
0xff0affc4,set_control_event
0xff0b0294,IsControlEventActive_FW
0xff0b0304,SetLogicalEventActive
0xff0b0304,UiEvnt_SetLogicalEventActive_FW
0xff0b0358,SetScriptMode
0xff0b0358,SetScriptMode_FW
0xff0b04c8,UiEvnt_StartDisguiseCradleStatus_FW
0xff0b04d8,UiEvnt_StopDisguiseCradleStatus_FW
0xff0b06fc,UnlockMainPower
0xff0b06fc,UnlockMainPower_FW
0xff0b07a4,LockMainPower
0xff0b07a4,LockMainPower_FW
0xff0b0818,SetAutoShutdownTime
0xff0b0818,SetAutoShutdownTime_FW
0xff0b1f64,PTM_AllResetToFactorySetting_FW
0xff0b1f74,j_PTM_AllReset_FW
0xff0b22dc,PTM_SetCurrentCaptureMode_FW
0xff0b2464,j_PTM_GetWorkingCaptureMode_FW
0xff0b2468,j_PTM_SetCurrentItem_FW
0xff0b2474,PTM_GetCurrentItem
0xff0b2474,PTM_GetCurrentItem_FW
0xff0b24e0,j_PTM_NextItem_FW
0xff0b24e4,j_PTM_PrevItem_FW
0xff0b24f8,j_PTM_IsEnableItem_FW
0xff0b2500,j_PTM_SetProprietyEnable_FW
0xff0b2518,j_PTM_BackupUIProperty_FW
0xff0b251c,PTM_RestoreUIProperty_FW
0xff0b3340,GUISrv_StartGUISystem
0xff0b3340,GUISrv_StartGUISystem_FW
0xff0b4484,ScreenLock
0xff0b44d8,ScreenUnlock
0xff0b4ba4,StartPlayModeMenu_FW
0xff0b4bd0,StartRecModeMenu
0xff0b4bd0,StartRecModeMenu_FW
0xff0b4c8c,ShutdownRecModeMenu_FW
0xff0b4f68,ShutdownPlayModeMenu_FW
0xff0b5038,ShutdownPlayModeMenuWithoutPbRedraw_FW
0xff0bc3b0,SetCurrentCaptureModeType
0xff0bc3b0,SetCurrentCaptureModeType_FW
0xff0bc3dc,GetCurrentCaptureModeType_FW
0xff0bfc30,PT_PlaySound
0xff0c45b4,DisplayBusyOnScreen
0xff0c4ff0,LocalTime
0xff0c527c,mktime_ext
0xff0c52fc,strftime
0xff0c5ab0,srand
0xff0c5abc,rand
0xff0c5aec,memcpy
0xff0c5aec,memcpy_FW
0xff0c5c38,strrchr
0xff0d075c,GetCurrentDriveBaseSvValue
0xff0d2000,DoMovieFrameCapture
0xff0d3860,task_OBCtrlTask
0xff0d401c,task_DetectMoveTask
0xff0d64d4,task_DevelopModule
0xff0d6e08,task_EFChargeT
0xff0d7168,EF.IsChargeFull_FW
0xff0d7168,IsStrobeChargeCompleted
0xff0dda3c,task_BrtMsrTask
0xff0e11ac,task_BrtCalcTask
0xff0ec870,ExpCtrlTool.SetExpMode_FW
0xff0ec8c0,ExpCtrlTool.SoundDevTest_FW
0xff0f1f5c,task_ExpDrv
0xff0f1f5c,task_ExpDrvTask
0xff0f4360,get_current_exp
0xff0fb56c,MovieAF.Suspend_FW
0xff0fb580,MovieAF.Resume_FW
0xff0fd6fc,task_AfIntSrvTask
0xff117c6c,AFTool.GetEVal_FW
0xff117e24,j_GetMacroSupportZoomPoint_FW
0xff117e28,SetLockPosNonCorrectFlag_FW
0xff117e48,GetDarkFixedFocusPosition_FW
0xff117e64,AFTool.StoreAFixPosition_FW
0xff117e94,AFTool.SetAFLogType_FW
0xff117e9c,AFTool.SetDebugAFSequence_FW
0xff1194dc,task_GapMan
0xff11b260,E2LatOn_FW
0xff11b374,ActivateImager_FW
0xff11b40c,ActivateImagerXOne_FW
0xff11b4f4,QuietImager_FW
0xff11b5e0,CancelImager_FW
0xff11b604,ChangeImagerToRegularDrive_FW
0xff11b60c,ChangeImagerToWholeParallel_FW
0xff11b614,ChangeImagerToWholeParallelBP_FW
0xff11b61c,ChangeImagerToWideDraftFinancier_FW
0xff11b624,ChangeImagerToCombiParallel_FW
0xff11b62c,ChangeImagerToWideDraft_FW
0xff11b634,ChangeImagerToFocusJet_FW
0xff11b63c,ChangeImagerToMangoPudding_FW
0xff11b644,ChangeImagerToSuperWideDraft_FW
0xff11b64c,ChangeImagerToHoneyFlash_FW
0xff11b654,ChangeImagerToMillefeAdjust_FW
0xff11b65c,ChangeImagerToDigiconMode_FW
0xff11b65c,ChangeImagerToOITA_XAVIER_FW
0xff11b664,ChangeImagerToAlternateDraft_FW
0xff11b66c,ChangeImagerToUltraGhostQ_FW
0xff11b674,ChangeImagerToMontblancWhole_FW
0xff11b67c,ChangeImagerToMontblancMillefe_FW
0xff11b684,ChangeImagerToMontblancMovie_FW
0xff11b68c,ChangeImagerToHarleyDavidson_FW
0xff11b694,ChangeImagerToMachDashV_FW
0xff11b69c,ChangeImagerToFantaJungle_FW
0xff11b6a4,ChangeImagerToHoneyFlashDark_FW
0xff11b6ac,ChangeImagerToRoadKing_FW
0xff11b6b4,ChangeImagerToLCWideDraft_FW
0xff11b6bc,ChangeImagerToFalconJump_FW
0xff11b6c4,ChangeImagerToSpriteSunshine_FW
0xff11b6cc,ChangeImagerToHealthyVegetable_FW
0xff11b6d4,ChangeImagerToElectraGlide_FW
0xff11b6dc,ChangeImagerToVeryFastWideDraft_FW
0xff11b6e4,ChangeImagerToVeryFastMangoPudding_FW
0xff11b6ec,ChangeImagerToHarleySunshine_FW
0xff11b6f4,ChangeImagerToRoadQueen_FW
0xff11b6fc,ChangeImagerToHarleyDavidsonNepal_FW
0xff11b704,ChangeImagerToRoadKingNepal_FW
0xff11b70c,ChangeImagerToSuperWideNepal_FW
0xff11b714,ChangeImagerToLasVegasMagic_FW
0xff11b71c,ChangeImagerToEsperRocketH_FW
0xff11b724,ChangeImagerToElectraGlideNepal_FW
0xff11b72c,ChangeImagerToHarleySunshineNepal_FW
0xff11b734,ChangeImagerToEsperRocketHNepal_FW
0xff11b73c,ChangeImagerToAstroMetamorphose_FW
0xff11b768,j_E2LatOn_FW
0xff11b76c,ChangeAutoSlowShutterEnable_FW
0xff11ca0c,j_GetBaseSv
0xff11d878,task_SsgMainTask
0xff11da48,task_SsgPeriodTask
0xff1225ec,task__tgTask
0xff1246dc,get_current_deltasv
0xff127158,task_LiveImageTask
0xff128038,GetCurrentShutterSpeed
0xff128038,GetCurrentShutterSpeed_FW
0xff1283f4,GetCurrentExposureTime_FW
0xff1287c4,task_SyncPeriod
0xff128868,task_SynchTask
0xff12c90c,task_WBIntegTask
0xff13c92c,task_WBLPFace
0xff141360,get_ptp_buf_size
0xff1413d8,task_TimerUtility
0xff14287c,task_NfcConTask
0xff1434f0,ClearNFCSystemArea_FW
0xff14392c,ResetNFCSystemArea_FW
0xff143c7c,WriteNFCUserArea_FW
0xff144034,ClearNFCOptUnitAssemblyAreaData_FW
0xff144818,handle_PTP_OC_MTP_GetObjPropList
0xff144d48,handle_PTP_OC_MTP_SetObjectPropValue
0xff144e6c,handle_PTP_OC_MTP_GetObjectPropValue
0xff1450e4,handle_PTP_OC_MTP_GetObjectPropDesc
0xff145504,handle_PTP_OC_MTP_GetObjectPropsSupported
0xff145eb0,handle_PTP_OC_CANON_TerminateEventProc_051
0xff145eb0,handle_PTP_OC_CANON_TerminateEventProc_05D
0xff145fb4,handle_PTP_OC_CANON_QuickLoadTransparentMemory
0xff146134,handle_PTP_OC_CANON_SaveTransparentMemory
0xff1462ac,handle_PTP_OC_CANON_LoadTransparentMemory
0xff1463e0,handle_PTP_OC_CANON_QuerySizeOfTransparentMemory
0xff14663c,handle_PTP_OC_CANON_IsEventProcRunning
0xff146770,handle_PTP_OC_CANON_GetEventProcReturnData
0xff146864,handle_PTP_OC_CANON_ExecuteEventProc
0xff14693c,handle_PTP_OC_CANON_InitiateEventProc0
0xff14693c,handle_PTP_OC_CANON_InitiateEventProc1
0xff147314,task_PTPtoFAPI_EventProcTask_Try
0xff1473bc,task_PTPtoFAPI_EventProcTask_Block
0xff148348,handle_PTP_OC_CANON_EOS_PCHDDCapacity
0xff148398,handle_PTP_OC_CANON_EOS_GetCameraSupport
0xff1484b0,handle_PTP_OC_CANON_EOS_SetDevicePropValueEx
0xff14864c,handle_PTP_OC_CANON_EOS_RequestDevicePropValue
0xff14887c,handle_PTP_OC_CANON_EOS_GetEvent
0xff14c93c,handle_PTP_OC_CANON_EOS_SetEventMode
0xff14ca1c,handle_PTP_OC_CANON_EOS_SetUILock
0xff14ca6c,handle_PTP_OC_CANON_EOS_ResetUILock
0xff14cabc,handle_PTP_OC_CANON_EOS_KeepDeviceOn
0xff14cb0c,handle_PTP_OC_CANON_EOS_SetRequestOLCInfoGroup
0xff14cb5c,handle_PTP_OC_CANON_GetMACAddress
0xff14ce0c,handle_PTP_OC_CANON_EOS_GetStorageIDs
0xff14cf04,handle_PTP_OC_CANON_EOS_GetStorageInfo
0xff14d0fc,handle_PTP_OC_CANON_EOS_GetObjectInfo
0xff14d1dc,handle_PTP_OC_CANON_EOS_DeleteObject
0xff14d2b0,handle_PTP_OC_CANON_EOS_FormatStore
0xff14d488,handle_PTP_OC_CANON_EOS_GetPartialObject
0xff14d810,handle_PTP_OC_CANON_EOS_GetObjectInfoEx
0xff14daec,handle_PTP_OC_CANON_EOS_GetThumbEx
0xff14dd84,handle_PTP_OC_CANON_EOS_SetObjectAttributes
0xff14de4c,handle_PTP_OC_CANON_EOS_TransferComplete
0xff14de9c,handle_PTP_OC_CANON_EOS_CancelTransfer
0xff14deec,handle_PTP_OC_CANON_EOS_GetPartialObjectEx
0xff14e06c,handle_PTP_OC_CANON_EOS_EndGetPartialObjectEx
0xff14e19c,handle_PTP_OC_CANON_EOS_GetCTGInfo
0xff14e554,handle_PTP_OC_CANON_EOS_SetRating
0xff14e608,handle_PTP_OC_CANON_EOS_NotifyEstimateNumberofImport
0xff14e6a0,handle_PTP_OC_CANON_EOS_NotifyNumberofImported
0xff14e750,handle_PTP_OC_CANON_EOS_NotifySizeOfPartialDataTransfer
0xff14e9b8,handle_PTP_OC_CANON_EOS_NotifyFinish
0xff14ea88,handle_PTP_OC_CANON_EOS_RequestInnerDevelopStart
0xff14ec88,handle_PTP_OC_CANON_EOS_RequestInnerDevelopEnd
0xff14ed4c,handle_PTP_OC_CANON_GetGpsMobilelinkObjectInfo
0xff14ef80,handle_PTP_OC_CANON_SendGpsTagInfo
0xff14fe6c,handle_PTP_OC_CANON_PingRequest
0xff14fee4,handle_PTP_OC_CANON_EOS_SetRemoteMode
0xff14ff98,handle_PTP_OC_CANON_EOS_RemoteReleaseOn
0xff150100,handle_PTP_OC_CANON_EOS_RemoteReleaseOff
0xff150198,handle_PTP_OC_CANON_EOS_GetViewFinderData
0xff1518dc,add_ptp_handler
0xff151ffc,handle_PTP_OC_ResetDevicePropValue
0xff15224c,handle_PTP_OC_SetDevicePropValue
0xff1523cc,handle_PTP_OC_GetDevicePropValue
0xff1524ec,handle_PTP_OC_GetDevicePropDesc
0xff152ec0,handle_PTP_OC_CANON_CheckEvent
0xff1539f4,task_PTPSessionTASK
0xff1543c8,handle_PTP_OC_CANON_ChangeUSBProtocol
0xff155f98,task_NormalThumbCache
0xff156558,handle_PTP_OC_GetStorageIDs
0xff156650,handle_PTP_OC_GetStorageInfo
0xff156f50,handle_PTP_OC_GetObject
0xff1570d8,handle_PTP_OC_GetThumb
0xff1571a8,handle_PTP_OC_GetPartialObject
0xff157354,handle_PTP_OC_SetObjectProtection
0xff1573f8,handle_PTP_OC_GetObjectInfo
0xff1574d8,handle_PTP_OC_CANON_GetPartialObjectInfo
0xff157754,handle_PTP_OC_CANON_GetPartialObjectEx
0xff157a04,handle_PTP_OC_CANON_GetObjectAttributes
0xff157aa0,handle_PTP_OC_CANON_SetObjectArchive
0xff157b34,handle_PTP_OC_CANON_SendObjectInfoByPath
0xff157b34,handle_PTP_OC_SendObjectInfo
0xff157e90,handle_PTP_OC_0x904c
0xff158188,handle_PTP_OC_CANON_GetObjectHandleByName
0xff1582c4,handle_PTP_OC_CANON_SetObjectTime
0xff15833c,handle_PTP_OC_DeleteObject
0xff1584b4,handle_PTP_OC_FormatStore
0xff1585a4,handle_PTP_OC_0x9038
0xff158690,handle_PTP_OC_0x9039
0xff158784,handle_PTP_OC_0x903a
0xff158840,handle_PTP_OC_0x903b
0xff158880,handle_PTP_OC_0x904b
0xff158a14,handle_PTP_OC_GetNumObjects
0xff158b04,handle_PTP_OC_GetObjectHandles
0xff158d10,handle_PTP_OC_CANON_GetObjectInfoEx
0xff158ff8,handle_PTP_OC_CANON_SendObjectByPath
0xff158ff8,handle_PTP_OC_SendObject
0xff159238,handle_PTP_OC_CANON_SendPartialObject
0xff159428,handle_PTP_OC_CANON_IsNeoKabotanProcMode
0xff1594cc,handle_PTP_OC_0x9062
0xff15a3ac,task_TrnsCtrlTask
0xff15b104,handle_PTP_OC_CANON_GetRootCertificateSpec
0xff15b1b8,handle_PTP_OC_CANON_GetRootCertificateData
0xff15b2dc,handle_PTP_OC_CANON_SetRootCertificateData
0xff15b43c,handle_PTP_OC_CANON_DeleteRootCertificateData
0xff165d74,task_ComWireless
0xff16a0d4,task_IMLApp
0xff16c584,task_ImageSyncController
0xff171604,task_PtpipController
0xff171b58,task_PtpipPacketDetector
0xff172198,ConnectPtpIPService_FW
0xff1721a4,DisconnectPtpIPService_FW
0xff172bb0,RequestDisconnectPTPIP_FW
0xff172ca8,RequestConnectPTPIP_FW
0xff172ce4,RequestConnectPTPIPDef_FW
0xff172d94,RegisterNotifyConnectPTPIP_FW
0xff172d94,RegisterNotifyPTPIP_FW
0xff172dbc,RegisterResponseConnectPTPIP_FW
0xff172dbc,RegisterResponsePTPIP_FW
0xff172de4,TerminatePTPIPTransportResponder_FW
0xff172e80,InitializePTPIPTransportResponder_FW
0xff173a14,task_WebServiceApp
0xff174f54,ExecuteInitFactorySetting_FW
0xff174f88,j_ExecuteShutDownPropertyService_FW
0xff17e2dc,UIFS_Capture_FW
0xff17e3d4,UIFS_CaptureNoneStop_FW
0xff183d9c,LcdCon_SetLcdBackLightBrightness_FW
0xff183dd4,LcdCon_SetLcdBackLightParameter_FW
0xff183e38,LcdCon_GetLcdBackLightParameter_FW
0xff183e84,LcdCon_ShowLcdBackLightParameter_FW
0xff183ec4,LcdCon_SaveLcdBackLightParameter_FW
0xff184100,LcdCon_SetLcdDriver_FW
0xff184174,LcdCon_SetLcdAdjParameter_FW
0xff184238,LcdCon_GetLcdAdjParameter_FW
0xff184288,LcdCon_ShowLcdAdjParameter_FW
0xff1842c8,LcdCon_SaveLcdAdjParameter_FW
0xff1842e4,LcdCon_SetLcdParameter_FW
0xff184474,LcdCon_GetLcdParameter_FW
0xff1844c4,LcdCon_ShowLcdParameter_FW
0xff184504,LcdCon_SaveLcdParameter_FW
0xff184554,task_LcdConTask
0xff184644,LcdCon_StartLcdPeriodicalSetting_FW
0xff184678,LcdCon_StopLcdPeriodicalSetting_FW
0xff186e9c,GetDriverInfoEvent_FW
0xff1876cc,GetLatestHVPosition_FW
0xff187934,task_AACTask
0xff188178,task_ASIF
0xff1889a4,Edet.Delete_FW
0xff1889c0,Edet.Create_FW
0xff188e5c,task_ChaseFrame
0xff18b3d0,task_DispFace
0xff18c708,Scene.ForbidContiSceneDetect_FW
0xff18c738,Scene.TestSunset_FW
0xff18c768,Scene.TestBabySmile_FW
0xff18c79c,Scene.TestBabySleep_FW
0xff18c7d0,Scene.TestHumanSmile_FW
0xff18c804,Scene.TestHumanSleep_FW
0xff18c838,Scene.TestKidMove_FW
0xff18cdf8,task_EncRemoteEVFJpgTask
0xff18d018,EngApp.Delete_FW
0xff18d06c,EngApp.Create_FW
0xff18e708,task_SceneDetectTask
0xff18eef8,task_ChaseTask
0xff194584,task_MotionVector
0xff1996e0,task_CorctTask
0xff19a264,task_DefMarkRomCopyTask
0xff19cc74,task_Fencing
0xff1a9d9c,PrintAllAEIntegData_FW
0xff1aa958,AbortAEIntegralValue_FW
0xff1aa98c,j_AbortAEIntegralValue_FW
0xff1aa9ac,SetAEIntegStrobeProperty_FW
0xff1aaa38,SetAEIntegCorrectProperty_FW
0xff1aaa8c,SetAEIntegralValueProperty_FW
0xff1aaac0,SetAEIntegralGetaTime_FW
0xff1aaec8,GetAEIntegWinData_FW
0xff1aaed8,j_GetAEIntegWinData_FW
0xff1aaedc,GetAEIntegWinDataWithMode_FW
0xff1aafc8,GetAEIntegralValueWithFix_FW
0xff1ab0ec,GetAllAEIntegralAllValueWithFix_FW
0xff1ab1bc,GetOnlyAEIntegData_FW
0xff1ab22c,SetWhiteCoefficient_FW
0xff1ab2a0,SetAEIntegWindowsMode_FW
0xff1ab300,SetAEIntegValueBit_FW
0xff1ab320,GetAEIntegValueBit_FW
0xff1ab32c,GetAEIntegralServiceMode_FW
0xff1ab338,StopAEIntegralService_FW
0xff1ab49c,j_StopAEIntegralService_FW
0xff1ab650,StartAEIntegralService_FW
0xff1ab65c,SetLineDefMarkThroughMode_FW
0xff1ab68c,SetAEIntegAverageOBData_FW
0xff1ab728,SetAdjAEIntegSmearLimitter_FW
0xff1ab74c,SetDefaultAEIntegSmearLimitter_FW
0xff1ab760,AttachIntegCrawData_FW
0xff1ab920,GetCrawDataAddr_FW
0xff1abd54,MoveIrisToAv_FW
0xff1abda4,j_GetCurrentAvValue_FW
0xff1abe44,MoveIrisFullOpen_FW
0xff1abe7c,MoveIrisFullClose_FW
0xff1abeb4,ResetIrisPosition_FW
0xff1abee8,MoveIrisWithTerminatePosition_FW
0xff1abf1c,MoveIrisMechaPositionWithBacklash_FW
0xff1abf50,MoveIrisMechaPositionWithoutBacklash_FW
0xff1abf84,MoveIrisToAvWithoutBacklash_FW
0xff1abfc4,GetUsableMinAv
0xff1abfc4,GetUsableMinAv_FW
0xff1abfdc,j_GetUsableMinAv_FW
0xff1abfe0,GetUsableMaxAv
0xff1abfe0,GetUsableMaxAv_FW
0xff1abff8,j_GetUsableMaxAv_FW
0xff1ac004,GetCurrentIrisPosition_FW
0xff1ac010,ReloadIrisAdjustment_FW
0xff1ac024,ReloadGetaAdjustment_FW
0xff1ac034,GetCurrentAvCoefficient_FW
0xff1ac04c,j_GetCurrentAvCoefficient_FW
0xff1ac090,LoadParamDataFromAdjTableBin_FW
0xff1ac1a8,LoadDataFromAdjTableBin_FW
0xff1ac2a0,DeviceUniqueIDCheckSum_FW
0xff1ac700,LoadDUIDCheckSum_FW
0xff1ac724,SaveDUID_FW
0xff1ac740,LoadDUID_FW
0xff1ac748,SaveDUIDCheckSum_FW
0xff1ac75c,j_LoadDUIDCheckSum_FW
0xff1ac760,SaveFactoryAdjData_FW
0xff1ac77c,LoadFactoryAdjData_FW
0xff1ac78c,SaveHistoryAdjData_FW
0xff1ac7a8,LoadHistoryAdjData_FW
0xff1ac7b8,SaveFactoryIDData_FW
0xff1ac7d8,LoadFactoryIDData_FW
0xff1ac998,PrintFirmVersion_FW
0xff1ac9cc,PrintFaexeVersioin_FW
0xff1ac9dc,CreateFADBGSingalID_FW
0xff1ac9ec,FADBGSingal_FW
0xff1acae4,FADBGPrintf_FW
0xff1acc28,FAPrintf_FW
0xff1acc78,OutputLogToFile_FW
0xff1acd84,StopLogOut_FW
0xff1ad0b8,GetLogData_FW
0xff1ad0c0,GetLogDataOnlyAddMemory_FW
0xff1ad0c8,ActivateAdjLog_FW
0xff1ad0dc,InactivateAdjLog_FW
0xff1ad0f0,StartLogOut_FW
0xff1ad100,IsLogOutType_FW
0xff1ad10c,GetCurrentMaximumLogSize_FW
0xff1af180,SetDefaultRecParameter_FW
0xff1af230,SetEFLensLightFalloffCompTestRecParam_FW
0xff1af238,SetEFLensChromatismCompTestRecParam_FW
0xff1af240,SetEFLensDefaultCompTestRecParam_FW
0xff1af248,PrintEFLensCompTestRecParam_FW
0xff1af250,SetPictureStyleTypeTestRecParam_FW
0xff1af258,SetPictureStyleSharpnessTestRecParam_FW
0xff1af260,SetPictureStyleContrastTestRecParam_FW
0xff1af268,SetPictureStyleSaturationTestRecParam_FW
0xff1af270,SetPictureStyleColortoneTestRecParam_FW
0xff1af278,SetPictureStyleDefaultTestRecParam_FW
0xff1af280,PrintPictureStyleTestRecParam_FW
0xff1af900,EnableDebugLogMode_FW
0xff1af914,DisableDebugLogMode_FW
0xff1b1a6c,task_dccdCalcTask
0xff1b4028,GetImageFolder
0xff1b8890,task_MetaCtg
0xff1bff0c,task_DPOFTask
0xff1c1e60,File.ClearExifInfo_FW
0xff1c2018,File.Delete_AllImg_FW
0xff1c2184,File.SetSACustomEffect_FW
0xff1c274c,File.Create_FW
0xff1c5a94,task_ImageStoreTask
0xff1c7430,task_FileScheduleTask
0xff1d245c,task_ImgPlyTask
0xff1d4d1c,GetFocusLensPullInMaxSpeed_FW
0xff1d510c,GetCurrentTargetDistance_FW
0xff1d510c,GetFocusLensSubjectDistance
0xff1d5174,GetCurrentFocusLensPosition_FW
0xff1d5174,GetCurrentFocusPosition_FW
0xff1d55b0,GetFocusLensAvCoefficient_FW
0xff1d5604,IsFocusLensOutSidePosition_FW
0xff1d5628,GetFocusResetPosition_FW
0xff1d5694,GetFocusDefaultResetPosition_FW
0xff1d6068,GetLensErrorStatus_FW
0xff1d61b4,task_ControlLog
0xff1d6a1c,GetZoomPiSensorLevel_FW
0xff1d6a64,GetFocusPiSensorLevel_FW
0xff1d73a0,task_MechaCPUTransfer
0xff1d7dcc,GetMechaShutterMoveTime_FW
0xff1d7df4,GetMechaShutterStatus_FW
0xff1d7e0c,ReloadMechaShutterAdjustment_FW
0xff1d80c4,GetZoomLensResetWidePosition_FW
0xff1d843c,GetCurrentZoomLensPosition_FW
0xff1d843c,GetCurrentZoomPosition_FW
0xff1d843c,GetZoomLensCurrentPosition_FW
0xff1d84ec,GetCurrentZoomLensPoint_FW
0xff1d84ec,GetCurrentZoomPoint_FW
0xff1d84ec,GetZoomLensCurrentPoint
0xff1d84ec,GetZoomLensCurrentPoint_FW
0xff1d8998,GetZoomLensTelePoint_FW
0xff1d8998,GetZoomTelePoint_FW
0xff1d8d3c,IsZoomLensOutSidePosition_FW
0xff1d90a8,GetZoomLensMechaEdgePosition_FW
0xff1d90ac,GetZoomDrivingTime_FW
0xff1d90d4,GetZoomLensMinimumSpeedMoveLimitTime_FW
0xff1d9ffc,GetZoomPiDefaultPosition_FW
0xff1da024,GetZoomResetSensorLevel_FW
0xff1da138,GetZoomLensDriveResetAmpereDac_FW
0xff1da234,GetZoomPiChangePosition_FW
0xff1da348,GetZoomLensSinkPosition_FW
0xff1da55c,task_MechaNCTask
0xff1dd5e8,task_EISMainTask
0xff1df7d0,task_TmgGen
0xff1e152c,task_MovieRecord
0xff1e1ed8,MechaUnRegisterEventProcedure_FW
0xff1e1f3c,Mecha.Create_FW
0xff1e1fb8,MechaReset_FW
0xff1e1fc4,MechaTerminate_FW
0xff1e1fd0,ShowMechaMacro_FW
0xff1e202c,GetMechaAdjParamData_FW
0xff1e22f8,DispDev_EnableEventProc_FW
0xff1e233c,SetSDPwrPort_FW
0xff1e235c,j_GetAdVBattBottom_FW
0xff1e2360,j_GetAdChValue_FW
0xff1e2364,j_BeepDrive_FW
0xff1e2368,j_BeepDriveComp_FW
0xff1e236c,SetStereoSeparation_FW
0xff1e2378,j_VbattGet_FW
0xff1e237c,LEDDrive
0xff1e237c,LEDDrive_FW
0xff1e23d0,ShowPhySwStatus_FW
0xff1e23e0,SetRawSWCheckMode_FW
0xff1e23f0,OnPrintPhySw_FW
0xff1e2400,OffPrintPhySw_FW
0xff1e2410,j_GetSwitchStatus_FW
0xff1e2414,ShowSDStatus_FW
0xff1e2424,j_GetSDDetect_FW
0xff1e2428,j_GetSDProtect_FW
0xff1e242c,SetIgnoreAVJACK_FW
0xff1e243c,j_GetDialEventId_FW
0xff1e2440,j_GetLcdPosition_FW
0xff1e2444,j_GetBatteryCoverClose_FW
0xff1e2448,j_IsHvSensorExist_FW
0xff1e244c,j_GetDriverInfoEvent_FW
0xff1e2450,GetTimeFromRTC_FW
0xff1e2464,EraseSignature_FW
0xff1e2470,Driver.Create_FW
0xff1e2470,Driver_EnableEventProc_FW
0xff1e2830,SetPropertyCase_FW
0xff1e2848,GetPropertyCase_FW
0xff1e28b4,mod_FW
0xff1e28d0,GetDateAndTime_FW
0xff1e2974,j_Printf_FW
0xff1e2978,j_MonSelEvent_FW
0xff1e297c,j_MemoryChecker_FW
0xff1e2980,j_VerifyByte_FW
0xff1e2984,j_SDump_FW
0xff1e2988,Dump_FW
0xff1e2998,Dump32_FW
0xff1e29ac,Poke32_FW
0xff1e29bc,Poke16_FW
0xff1e29cc,Poke8_FW
0xff1e29dc,j_Peek32_FW
0xff1e29e0,j_Peek16_FW
0xff1e29e4,j_Peek8_FW
0xff1e29e8,Wait_FW
0xff1e29f8,j_exec_FW
0xff1e29fc,ShowAllTaskInfo_FW
0xff1e2a0c,System.Delete_FW
0xff1e30d4,System.Create_FW
0xff1e3498,SS.MoveOpticalZoomToTele_FW
0xff1e34ac,SS.MoveOpticalZoomToWide_FW
0xff1e34c0,PT_MoveOpticalZoomAt
0xff1e34c0,SS.MoveOpticalZoomAt_FW
0xff1e34e0,SS.MoveDigitalZoomToTele_FW
0xff1e34f0,PT_MoveDigitalZoomToWide
0xff1e34f0,SS.MoveDigitalZoomToWide_FW
0xff1e3500,SS.MoveDigitalZoomAt_FW
0xff1e3518,SS.GetDigitalZoomTele_FW
0xff1e352c,j_SS.GetDigitalZoomPosition_FW
0xff1e3530,SS.ChangeZoomSpeed_FW
0xff1e3544,SS.DoAFLock_FW
0xff1e3554,SS.UnlockAF_FW
0xff1e3564,SS.DoAELock_FW
0xff1e3574,SS.UnlockAE_FW
0xff1e3584,SS.MFOn_FW
0xff1e3584,SS_MFOn
0xff1e3594,SS.MFOff_FW
0xff1e3594,SS_MFOff
0xff1e35a4,SS.Create_FW
0xff1e35f8,InitializeAdjustmentSystem_FW
0xff1e3630,TerminateAdjustmentSystem_FW
0xff1e3668,InitializeAdjustmentFunction_FW
0xff1e3690,FA.Delete_FW
0xff1e36a4,FA.Create_FW
0xff1e36c8,DispDev.Create_FW
0xff1e3834,SaveBmpVRAMData_FW
0xff1e3c28,SavePaletteData
0xff1e3c28,SavePaletteData_FW
0xff1e3df4,Capture.Create_FW
0xff1e3e38,EngineDriver.Create_FW
0xff1e3e80,EngApp.CreatePub_FW
0xff1e4078,NR_SetDoubleNRType_FW
0xff1e5ef8,task_ShutterSoundTask
0xff1e6c10,task_WbSeqTask
0xff1e7378,task_DvlpSeqTask
0xff1e9898,HwOcReadICAPCounter
0xff1ef188,AdditionAgentRAM_FW
0xff1f98a0,PTM_AllReset_FW
0xff1f9b70,PTM_GetWorkingCaptureMode_FW
0xff1f9b88,PTM_SetCurrentItem
0xff1f9b88,PTM_SetCurrentItem_FW
0xff1f9ed8,PTM_NextItem
0xff1f9ed8,PTM_NextItem_FW
0xff1f9ee0,PTM_PrevItem
0xff1f9ee0,PTM_PrevItem_FW
0xff1fa2b0,PTM_SetPropertyEnable
0xff1fa2b0,PTM_SetProprietyEnable_FW
0xff1fa51c,PTM_IsEnableItem_FW
0xff1fa678,PTM_BackupUIProperty_FW
0xff1fa678,SetParameterData
0xff1fa718,GetParameterData
0xff1faa08,UIFS_CtrlManControllerAnytimeTop_FW
0xff1faa10,UIFS_IsAvailableMovieRecOptZoom_FW
0xff1faa18,UIFS_IsAvailableMovieRecDigZoom_FW
0xff1faa20,UIFS_IsAvailableServoAF_FW
0xff1faa28,UIFS_IsAvailableRecMenuAFMode_FW
0xff1faa30,UIFS_IsAutoPopupDownStrobe_FW
0xff1faa38,UIFS_IsAvailableAvTvMode_FW
0xff1faa40,UIFS_IsAvailablePowerZoom_FW
0xff1fab88,UIFS_SetDialStillRec_FW
0xff1faba8,UIFS_SetDialMovieRec_FW
0xff1fabe0,UIFS_SetDialPlay_FW
0xff1fac00,UIFS_OpenPopupStrobe_FW
0xff1fac30,UIFS_ClosePopupStrobe_FW
0xff1fac60,UIFS_MountExtFlash_FW
0xff1fac90,UIFS_UnmountExtFlash_FW
0xff1facc0,UIFS_ConnectVideo_FW
0xff1facf0,UIFS_DisconnectVideo_FW
0xff1fad20,j_UIFS_MoveZoomTo_FW
0xff1fad24,j_UIFS_MoveZoomToPositionWithTaskSwCtrlServ_FW
0xff1fad28,j_UIFS_GetNumOfOptZoomPos_FW
0xff1fad2c,UIFS_StopPostingUIEvent_FW
0xff1fad30,UIFS_RestartPostingUIEvent_FW
0xff1fad34,UIFS_PostModeDial_FW
0xff1fad6c,j_UIFS_Capture_FW
0xff1fad70,j_UIFS_CaptureNoneStop_FW
0xff1fad74,j_UIFS_StartMovieRecord_FW
0xff1fad78,j_UIFS_StopMovieRecord_FW
0xff1fad7c,UIFS_StartClockMode_FW
0xff1fad84,UIFS_EndClockMode_FW
0xff1fad8c,UIFS_SetCradleSetting_FW
0xff1fad90,j_UIFS_WriteFirmInfoToFile_FW
0xff1fad94,j_UIFS_GetMovieRecoadableNumber_FW
0xff1fad98,j_UIFS_GetStillShotableNumber_FW
0xff1fad9c,UIFS_ChangeShootState_FW
0xff1fadc0,UIFS_GetLastPath_FW
0xff1fadf8,UIFS_GetAvItemCount_FW
0xff1fae68,UIFS_GetTvItemCount_FW
0xff1faedc,UIFS_GetAvItem_FW
0xff1fafdc,UIFS_GetTvItem_FW
0xff1fb014,UIFS_GetCurrentAvString_FW
0xff1fb094,UIFS_GetCurrentTvString_FW
0xff1fb118,j_UIFS_IsAvailableShots_FW
0xff1fb11c,UIFS_IsOperationEvent_FW
0xff1fb158,j_UIFS_StartMoviePlay_FW
0xff1fb15c,j_UIFS_GetNumberOfDisplayedImage_FW
0xff1fb160,UIFS_PlayTrimExecuteAllImageSize_FW
0xff1fb168,j_UIFS_WirelessExecuteSendForever_FW
0xff1fb16c,j_UIFS_CancelStoreLensTimer_FW
0xff1fb170,UIFS_DisplayFirmUpdateView_FW
0xff1fb17c,RequestShutdown_FW
0xff1fb1a0,UIFS_LockMainPowerAndDisplayOff_FW
0xff1fb1ac,UI.CreatePublic_FW
0xff1fbe48,UI_ShowStateOfRecMode_FW
0xff1fbe5c,UI.Create_FW
0xff1fbe5c,UI_RegistDebugEventProc_FW
0xff1fdc10,CreateDialogBox
0xff1fe334,DisplayDialogBox
0xff202904,add_ui_to_dialog
0xff203038,get_string_by_id
0xff21a1dc,UIFS_WriteFirmInfoToFile
0xff21a1dc,UIFS_WriteFirmInfoToFile_FW
0xff21d884,FmtMenu_ExecuteQuickFormat_FW
0xff23985c,UIFS_StartMoviePlay_FW
0xff23d994,UIFS_GetNumberOfDisplayedImage_FW
0xff247e30,UIFS_WirelessExecuteSendForever_FW
0xff24bff8,task_FaceFrame
0xff2541d4,LCDMsg_SetStr_FW
0xff25431c,LCDMsg_SetNum_FW
0xff2543f0,LCDMsg_SwDisp_FW
0xff254474,LCDMsg_Move_FW
0xff254528,LCDMsg_MoveRatio_FW
0xff2545b4,LCDMsg_ChangeColor_FW
0xff254698,LCDMsg_Delete_FW
0xff2547e8,LCDMsg_Create_FW
0xff2548f0,LCDRect_Move_FW
0xff2549bc,LCDRect_MoveRatio_FW
0xff254ab0,LCDRect_Resize_FW
0xff254b64,LCDRect_ResizeRatio_FW
0xff254c54,LCDRect_ChangeColor_FW
0xff254d28,LCDRect_SwDisp_FW
0xff254e34,LCDRect_Create_FW
0xff254f18,LCDRect_Delete_FW
0xff272bf0,task_DSITask
0xff28df78,sscanf_FW
0xff28e5d0,qsort
0xff28e630,memset
0xff28e630,memset_FW
0xff28e6ac,realloc
0xff29ac90,NR_SetDarkSubType
0xff29ac90,NRTBL.SetDarkSubType_FW
0xff29acac,NRTBL.SetDefectCorrectType_FW
0xff29acc8,NRTBL.SetTassenType_FW
0xff29c020,PointDefDetect_FW
0xff29c1f4,MergeAndConvertDefect_FW
0xff29c474,PointKizuCheck_FW
0xff29c4c8,SensDefCrowdCheck_FW
0xff29c4f8,CrossDefDetect_FW
0xff29c5ec,LineDefDetect_FW
0xff29c6bc,LineKizuCheck_FW
0xff29c6fc,CrowdLineDetect_FW
0xff29c87c,CrowdLineKizuCheck_FW
0xff29c8bc,MixPixDetect_FW
0xff29cac8,GetDefectCrawInfo_FW
0xff29cb4c,GetDefectAllResultData_FW
0xff29cb98,GetDefectPartResultData_FW
0xff29cc20,SetDefectDebugInfo_FW
0xff29ccdc,GetDefectHistgramInfo_FW
0xff29cd10,MarkPointDefData_FW
0xff29cd18,GetDefectTvAdj_FW
0xff29cda0,GetDefectRecParamForCorrelationTest_FW
0xff29ce5c,SetDefectRecParam_FW
0xff29cfd4,ChangeDefectRecParam_FW
0xff29d02c,ExecuteDefectRec_FW
0xff29d068,ExecuteDefectRecAndSaveImage_FW
0xff29d0ec,ExecuteDefectRecWithGrade_FW
0xff29d130,ExecuteDefectRecAndSaveImageWithGrade_FW
0xff29d1bc,InitializeDefectRec_FW
0xff29d1d8,TerminateDefectRec_FW
0xff29d1e8,MakeDefectTurnTable_FW
0xff29d228,ClearDefectTurnTable_FW
0xff29d238,GetDefectTurnTableParam_FW
0xff29d2a8,GetWaitTemperatureDriveType_FW
0xff29d2d4,ChangeDefectSpecParam_FW
0xff29d2f0,GetDefectErrorInfo_FW
0xff29d310,VStripeCheck_FW
0xff29d3e4,VStripeTassenThrough_FW
0xff2a2600,DevelopTool.DevelopTest_FW
0xff2a35e8,task__cntFlashTask
0xff2a59a8,EF.StartEFCharge_FW
0xff2a5a0c,EF.StopEFCharge_FW
0xff2a5a1c,EF.SetEFChargeTimeOut_FW
0xff2a5a38,EF.SetChargeOnTime_FW
0xff2a5a50,EF.GetEFY_FW
0xff2a5af0,EF.GetEFY2_FW
0xff2a5afc,EF.GetEFModAddPixelGain_FW
0xff2a5b04,j_EF.GetAdjustPreSvOffset_FW
0xff2a5b08,j_EF.GetEFModExamDriveType_FW
0xff2a5b0c,j_EF.IsIrisTypeKosaiShibori_FW
0xff2a5b10,EF.StartInternalPreFlash_FW
0xff2a5b50,EF.StartInternalMainFlash_FW
0xff2a5bd8,EF.FlashWithoutSync_FW
0xff2a5bf8,EF.FlashForColorTempEvaluation_FW
0xff2a5c00,EF.SetMainFlashTime_FW
0xff2a5c14,j_EF.IsChargeFull_FW
0xff2a5c18,EF.AdjPreFlash_FW
0xff2a5c54,EF.SetChargeMode_FW
0xff2acda0,task_ExpDrvSubTask
0xff2c6338,GetBaseSv
0xff2c7c0c,SetPTGDefaultData_FW
0xff2c7c20,SetTassenAdjSGMode_FW
0xff2caa6c,LiveImageTool.StartEVF_FW
0xff2caa78,LiveImageTool.StartEVFFocusJet_FW
0xff2caa84,LiveImageTool.StartEVFMF_FW
0xff2caa90,LiveImageTool.StartEVFMovFULLHD_FW
0xff2caaa4,LiveImageTool.StartEVFMovFULLHD30P_FW
0xff2caab8,LiveImageTool.StartEVFMovFULLHD60P_FW
0xff2caacc,LiveImageTool.StartEVFMovHD_FW
0xff2caae0,LiveImageTool.StartEVFMovHD60P_FW
0xff2caaf4,LiveImageTool.StartEVFMovQVGA_FW
0xff2cab08,LiveImageTool.StartEVFMovQVGA_HS_FW
0xff2cab10,LiveImageTool.StartEVFMovVGA_FW
0xff2cab24,LiveImageTool.StartEVFMovVGA_HS_FW
0xff2cab38,LiveImageTool.StopEVF_FW
0xff2cab78,LiveImageTool.DzoomTele_FW
0xff2cab98,LiveImageTool.DzoomWide_FW
0xff2cabb8,LiveImageTool.StopDzoom_FW
0xff2cabc8,LiveImageTool.Pause_FW
0xff2cabd0,LiveImageTool.Resume_FW
0xff2cabd8,LiveImageTool.ChangeDzoom_FW
0xff2cac10,j_LiveImageTool.GetDzoomPosition_FW
0xff2cac14,LiveImageTool.Jump_FW
0xff2cac30,LiveImageTool.Dister_FW
0xff2d2d8c,apex2us
0xff2d3010,ShutterTool.SetTv_FW
0xff2d3024,ShutterTool.SetTvWithErrMode_FW
0xff2d303c,ShutterTool.SetTvAfterDriveChange_FW
0xff2d306c,ShutterTool.SetTvAndFrameRateType_FW
0xff2d3230,ShutterTool.CheckTv_FW
0xff2d326c,ShutterTool.CheckTvWithErrMode_FW
0xff2d3334,ShutterTool.SetExpTime_FW
0xff2d3340,ShutterTool.SetExpTimeWithErrMode_FW
0xff2d3350,ShutterTool.SetExpTimeAndFrameRateType_FW
0xff2d34a4,ShutterTool.CheckExpTime_FW
0xff2d34c4,ShutterTool.CheckExpTimeWithErrMode_FW
0xff2d34e0,ShutterTool.GetCurTv_FW
0xff2d353c,ShutterTool.GetCurExpTime_FW
0xff2d355c,ShutterTool.GetLimOfTv_FW
0xff2d358c,ShutterTool.GetLimOfTvRegular_FW
0xff2d35bc,ShutterTool.GetLimOfExpTime_FW
0xff2d35ec,ShutterTool.GetLimOfExpTimeRegular_FW
0xff2d361c,ShutterTool.SetTvForFix_FW
0xff2d3648,ShutterTool.SetExpTimeForFix_FW
0xff2d366c,ShutterTool.GetLimOfTvForFix_FW
0xff2d3688,ShutterTool.GetLimOfTvForFixWithAv_FW
0xff2e5b10,get_ptp_file_buf
0xff2eba28,task_PingManager
0xff2f1508,task_WSSAPP
0xff2f8880,task_AACDrvTask
0xff306964,GetFaceAuthBinAddr_FW
0xff30696c,GetFaceAuthBinSize_FW
0xff306974,IsOKFaceAuthBinFile_FW
0xff3080fc,EngDrvOut_FW
0xff308118,EngDrvIn_FW
0xff308120,EngDrvRead_FW
0xff308128,EngDrvBits_FW
0xff308144,EngDrvReadDump_FW
0xff308dd4,task_CorrectLiveTassenTask
0xff31c1d8,GetCurrentAdjImgDriveType_FW
0xff31c1f0,GetCurrentImgDrvMode_FW
0xff31c210,ConvertAEIntegDrvTypeToAdjImgDriveType_FW
0xff31c25c,ConvertAdjImgDrvModeToAdjImgDriveType_FW
0xff31c2c4,ChangeAdjImgDrvMode_FW
0xff31c2f0,ChangeAEIntegDrvTypeToAdjImgDriveType_FW
0xff31c33c,j_InitializeWLAN_FW
0xff31c340,j_TerminateWLAN_FW
0xff31c36c,JoinWLANNetwork_FW
0xff31c4e4,PingWLANNetwork_FW
0xff31c4f4,j_LeaveWLANNetwork_FW
0xff31c4f8,StartFAWLANService_FW
0xff31c500,StopFAWLANService_FW
0xff31c514,GetWLANMACAddress_FW
0xff31c53c,WriteWLANMACAddressToFROM_FW
0xff31c5d4,GetWLANEepromNum_FW
0xff31c6e0,GetCurrentCcdTemp_FW
0xff31c6fc,j_GetCurrentCcdTemp_FW
0xff31c700,GetCurrentOptTemp_FW
0xff31c72c,j_GetCurrentOptTemp_FW
0xff31c730,GetCameraInformationData_FW
0xff31c76c,j_GetCameraInformationData_FW
0xff31c770,GetTotalShootCount_FW
0xff31c838,j_GetTotalShootCount_FW
0xff31c990,InitializeSoundDevForRecEvent_FW
0xff31c9a0,SetNCParamForAdjEvent_FW
0xff31c9b0,RecSoundForNCAdjEvent_FW
0xff31c9c0,SetNoiseAddParamForZoomNCEvent_FW
0xff31c9d0,ReloadZoomNCProfileEvent_FW
0xff31c9e0,SetZoomNCEffectiveEvent_FW
0xff31c9f0,ClearSoundDevForRecEvent_FW
0xff31ca10,GetModeDialState_FW
0xff31cacc,GetModeDialName_FW
0xff31cae0,IsSDDetect_FW
0xff31cb30,j_IsSDDetect_FW
0xff31cb38,InitializeNFCAdjustment_FW
0xff31cb44,j_ClearNFCSystemArea_FW
0xff31cb4c,WriteNFCSystemArea_FW
0xff31cb60,j_WriteNFCUserArea_FW
0xff31cb80,WriteNFCUserAreaWithInitNFCAdj_FW
0xff31cb8c,j_ResetNFCSystemArea_FW
0xff31cc08,GetNFCSystemAreaData_FW
0xff31cd90,GetNFCUserAreaData_FW
0xff31cdd0,CheckNFCTagWithCount_FW
0xff31cde0,CheckNFCExternalWrite_FW
0xff31ce14,j_CheckNFCExternalWrite_FW
0xff31ced4,GetNFCOptUnitAssemblyAreaData_FW
0xff31cf18,WriteNFCOptUnitAssemblyAreaData_FW
0xff31cf2c,j_ClearNFCOptUnitAssemblyAreaData_FW
0xff31cf38,WriteNFCSystemAreaForOptUnitAssembly_FW
0xff31d02c,j_WriteNFCSystemAreaForOptUnitAssembly_FW
0xff31d068,GetBatteryVoltage_FW
0xff31d088,j_GetBatteryVoltage_FW
0xff31d11c,SetFaexeEventTableActivation_FW
0xff31d2c4,GetZoomLensResetPlus_FW
0xff31d5d0,j_GetCurrentZoomLensPosition_FW
0xff31d5d0,j_GetCurrentZoomPosition_FW
0xff31d5d8,j_GetCurrentZoomLensPoint_FW
0xff31d5d8,j_GetCurrentZoomPoint_FW
0xff31d5dc,GetCurrentZoomLensDirection_FW
0xff31d5f8,j_GetCurrentZoomLensDirection_FW
0xff31d600,ReloadZoomAdjustment_FW
0xff31d6c4,j_GetZoomTelePoint_FW
0xff31d6cc,j_GetZoomResetSensorLevel_FW
0xff31d70c,j_GetZoomDrivingTime_FW
0xff31d824,ClearZoomDriveParam_FW
0xff31daac,j_IsZoomLensOutSidePosition_FW
0xff31dab8,StopZoomEmergency_FW
0xff31dac4,SetZoomResetState_FW
0xff31db10,ResetZoom_FW
0xff31db48,ResetZoomToFirst_FW
0xff31db48,ResetZoomToFirstPoint_FW
0xff31db80,ResetZoomToTerminate_FW
0xff31db80,ResetZoomToTerminatePoint_FW
0xff31dbb8,MoveZoomLensToPosition_FW
0xff31dbb8,MoveZoomPosition_FW
0xff31dbf8,MoveZoomLensToPoint_FW
0xff31dbf8,MoveZoomPoint_FW
0xff31dc38,MoveComputerZoomToPoint_FW
0xff31dc78,MoveComputerZoomToPointWithSpeed_FW
0xff31dd24,ResetZoomToAdjFirstPoint_FW
0xff31dd6c,ResetZoomToAdjTerminatePoint_FW
0xff31ddb4,SetZoomLensEncoderPowerControl_FW
0xff31ddc8,SetZoomSpeedMode_FW
0xff31de30,GetZoomDefaultDriveParam_FW
0xff31de54,SetZoomDriveParam_FW
0xff31df90,GetZoomResetDriveParam_FW
0xff31dfb4,SetZoomResetDriveParam_FW
0xff31dff0,GetZoomNormalDriveParam_FW
0xff31e014,SetZoomNormalDriveParam_FW
0xff31e050,GetZoomDefaultCommonDriveParam_FW
0xff31e07c,SetZoomCommonDriveParam_FW
0xff31e10c,ClearZoomCommonDriveParam_FW
0xff31e13c,j_GetZoomLensResetPlus_FW
0xff31e1d8,MoveZoomLensToMechaEnd_FW
0xff31e2e4,MoveZoomLensToPositionByManual_FW
0xff31e3c4,SetZoomAmpereLimitOffTimeForAdjustZoom_FW
0xff31e3d8,j_GetZoomPiDefaultPosition_FW
0xff31e3dc,j_GetZoomPiChangePosition_FW
0xff31e444,ReloadNdFilterAdjustment_FW
0xff31e468,PutInNdFilter_FW
0xff31e4a4,PutOutNdFilter_FW
0xff31e538,ShowTransparentMemory_FW
0xff31e558,DumpTransparentMemoryItem_FW
0xff31e598,AddTransparentMemory_FW
0xff31e5d0,AttachToTransparentMemory_FW
0xff31e608,RemoveTransparentMemory_FW
0xff31e628,GetTransparentMemorySize_FW
0xff31e638,GetTransparentMemory_FW
0xff31e67c,GetTransparentMemoryPosition_FW
0xff31ebd8,InitializeSoundRec_FW
0xff31ec28,TerminateSoundRec_FW
0xff31ec54,j_InitializeSoundRec_FW
0xff31ec58,j_TerminateSoundRec_FW
0xff31ec5c,StartSoundRecord_FW
0xff31ec90,StartSoundPlay_FW
0xff31ed88,InitializeFAGeneralTest_FW
0xff31ed9c,TerminateFAGeneralTest_FW
0xff31edb0,InitializeFAExtendFile_FW
0xff31edc0,TerminateFAExtendFile_FW
0xff31ef54,StartTestRecLog_FW
0xff31ef6c,StopTestRecLog_FW
0xff321a7c,getImageDirName
0xff327794,task_MetaCtgPrsTask
0xff32e9ac,task_FileManMarkAllTask
0xff32ec4c,task_SetGeoTagExecution
0xff32f78c,task_FORMAT_TASK_PROGRESS
0xff32f98c,task_FORMAT_TASK_NAME
0xff33818c,task_FileWrite
0xff33818c,task_FileWriteTask
0xff3393bc,task_ReadScheduleTask
0xff33c8d8,closedir
0xff33c928,OpenFastDir
0xff33ca7c,ReadFastDir
0xff33d478,task_FilYuvMaker
0xff33e248,task_DecJpgRd
0xff34198c,task_ImgPlyDC
0xff341b40,task_ImgPlyDCLow
0xff345bb8,task_FocusEvent
0xff348618,GetFocusLensResetPosition_FW
0xff348628,GetFocusLensResetDefaultPosition_FW
0xff348f34,GetFocusLensCurrentPosition_FW
0xff348f38,GetFocusLensCurrentPositionWithMotor_FW
0xff348f3c,GetFocusLensDriveVoltage_FW
0xff348fa8,GetFocusLensHoldVoltage_FW
0xff348ff0,GetFocusLensGainSlope_FW
0xff34a700,task_MechaAlarm
0xff34ad20,task_MechaShutter
0xff34b9d0,task_Nd
0xff34c204,get_current_nd_value
0xff34c264,get_nd_value
0xff34c530,GetNdMoveTime_FW
0xff34c68c,task_ZoomEvent
0xff34c964,task_ZoomSpeedLog
0xff34cdc0,GetZoomActuatorCurrentPosition_FW
0xff34cdf8,GetZoomActuatorSpeedPPS_FW
0xff34cf94,IsZoomActuatorResetSensorPlusSide_FW
0xff34e8c0,GetZoomLensCurrentPosition
0xff34f72c,IsUnitFirmMode_FW
0xff3527a0,task_MoviePlay
0xff355970,task_MovieWriter
0xff35731c,EnableMechaCircuit_FW
0xff35732c,DisableMechaCircuit_FW
0xff35733c,EnableFocusPiCircuit_FW
0xff35734c,DisableFocusPiCircuit_FW
0xff35735c,j_GetFocusPiSensorLevel_FW
0xff357360,EnableZoomPiCircuit_FW
0xff357370,DisableZoomPiCircuit_FW
0xff357380,j_GetZoomPiSensorLevel_FW
0xff357384,EnableZoomEncoderCircuit_FW
0xff357394,DisableZoomEncoderCircuit_FW
0xff3573a4,SendMechaCircuitData_FW
0xff3573c8,ReceiveMechaCircuitData_FW
0xff3573f0,ReceiveMechaCircuitDataAll_FW
0xff357424,EnableResetGpio_FW
0xff357440,DisableResetGpio_FW
0xff3574bc,MoveCZToPoint_FW
0xff3574fc,MoveCZToWide_FW
0xff35752c,MoveCZToTele_FW
0xff35755c,MoveCZToPointByOVF_FW
0xff357594,StopCZ_FW
0xff3575c0,GetCZStillHighSpeed_FW
0xff3575c8,GetCZStillLowSpeed_FW
0xff3575d0,GetCZMovieHighSpeed_FW
0xff3575d8,GetCZMovieLowSpeed_FW
0xff3575e0,GetCZStillDefaultSpeed_FW
0xff3575e8,GetCZMovieDefaultSpeed_FW
0xff3575f0,IsAvailableCZSpeed_FW
0xff3575f8,GetCZFramingAssistStillSpeed_FW
0xff357600,GetCZFramingAssistAutoHighSpeed_FW
0xff357608,GetCZFramingAssistAutoLowSpeed_FW
0xff357610,StartCzTuning_FW
0xff35762c,MoveCzPeakPositon_FW
0xff35763c,SetCzDebugSubjectDistance_FW
0xff357650,j_GetCzDebugFocusMode_FW
0xff357654,SetCzDebugFocusMode_FW
0xff357668,SetCzDebugSoundMeasurementMode_FW
0xff35767c,CzDebugPrintToFile_FW
0xff35768c,CzDebugPrint_FW
0xff3576a0,StartCzLog_FW
0xff3576b4,StopAndSaveCzLog_FW
0xff357704,ForceCzRecordingMovie_FW
0xff357718,ClearCzRecordingMovie_FW
0xff35773c,j_IsUnitFirmMode_FW
0xff3577e4,GetFocusLensIrisCoefficient_FW
0xff357804,ResetFocusLens
0xff357804,ResetFocusLens_FW
0xff357860,EscapeFocusLens_FW
0xff3578d8,MoveFocusLensToTerminate_FW
0xff357934,MoveFocusLensToTerminateWithKeepExciting_FW
0xff357990,MoveFocusLensWithDistance_FW
0xff357a4c,MoveFocusLensWithPosition_FW
0xff357b10,MoveFocusLensWithPositionWithNonStepOut_FW
0xff357bd4,MoveFocusLensWithFinalPosition_FW
0xff357ca4,MoveFocusLensWithPositionImmediateReturn_FW
0xff357d18,MoveFocusLensWithPositionWithoutBacklash_FW
0xff357ddc,MoveFocusLensWithFinalPositionWithNonStepOutWithoutBacklash_FW
0xff357ea0,MoveFocusLensWithFinalPositionWithoutBacklash_FW
0xff357f64,MoveFocusLensTowardPosition_FW
0xff358028,MoveFocusLensWithPositionWithCompBacklash_FW
0xff358110,MoveFocusActuator_FW
0xff358218,SetFocusActuatorHoldVoltage_FW
0xff35822c,SetFocusActuatorSlopeHoldVoltage_FW
0xff358248,SetFocusLensSpeed_FW
0xff3582c8,SetFocusLensSpeedTable_FW
0xff358380,SetFocusLensAccelerationTable_FW
0xff35848c,SetFocusLensSlowdownTable_FW
0xff358508,SetFocusLensDefaultPullOutTable_FW
0xff35851c,SetFocusLensCondition_FW
0xff358608,ShowFocusLensCurrentSpeedTable_FW
0xff358670,SetFocusLensMaxSpeedLimit_FW
0xff358680,CancelFocusLensMaxSpeedLimit_FW
0xff358690,EnableFocusLens_FW
0xff3586dc,DisableFocusLens_FW
0xff35872c,EnableFocusLensSilentMode_FW
0xff358758,DisableFocusLensSilentMode_FW
0xff358784,j_GetFocusLensCurrentPosition_FW
0xff358788,j_GetFocusLensCurrentPositionWithMotor_FW
0xff35878c,j_GetFocusLensResetPosition_FW
0xff358790,j_GetFocusLensResetDefaultPosition_FW
0xff358794,GetFocusLensSubjectDistance_FW
0xff3587b0,GetFocusLensSubjectDistanceNumber_FW
0xff3587b8,GetFocusLensPositionRatio_FW
0xff3587c0,GetFocusLensLoadSubjectDistance_FW
0xff3587e0,ChangeFocusDistanceToPosition_FW
0xff358840,GetFocusLensLoadCamTable_FW
0xff358870,j_GetFocusLensDriveVoltage_FW
0xff358874,SetFocusLensDriveVoltage_FW
0xff3588ac,j_GetFocusLensHoldVoltage_FW
0xff3588b0,SetFocusLensHoldVoltage_FW
0xff3588e8,j_GetFocusLensResetVoltage_FW
0xff3588ec,j_GetFocusLensGainSlope_FW
0xff3588f0,SetFocusLensGainSlope_FW
0xff358928,GetFocusLensMoveMaxPosition_FW
0xff358940,GetFocusLensMoveMinPosition_FW
0xff358958,j_GetFocusLensPullInMaxSpeed_FW
0xff35895c,GetFocusLensMoveRangeOfTelePoint_FW
0xff3589c4,FocusLensStopQuickly_FW
0xff358a3c,GetFocusLensCarrierFrequency_FW
0xff358a5c,SetFocusLensCarrierFrequency_FW
0xff358a94,MoveFocusLensChangeCarrierFrequency_FW
0xff358bc0,j_GetFocusLensAvCoefficient_FW
0xff358bc4,ShowFocusLensIrisCoefficientCheckSum_FW
0xff358cc8,ChangeFocusLensStopSettingType_FW
0xff358cdc,GetFocusLensFinalStopSettingTime_FW
0xff358d30,MoveLensToFirstPoint_FW
0xff358d80,MoveLensToTerminatePoint_FW
0xff358db8,j_IsLensOutside_FW
0xff358dbc,j_GetLensErrorStatus_FW
0xff358dc0,j_GetFocusStartZoomPosition_FW
0xff358dc4,EnableLensError_FW
0xff358dd4,DisableLensError_FW
0xff358de4,SetLensOutsideFlag_FW
0xff358df8,ShowMechaCondition_FW
0xff358e88,j_GetMechaCondition_FW
0xff358f8c,WriteMechaLogToRom_FW
0xff358f9c,WriteMechaLogToFile_FW
0xff35900c,CloseMechaShutter_FW
0xff359038,OpenMechaShutter_FW
0xff359064,CloseMechaShutterWithTiming_FW
0xff3590a4,SetMechaShutterCloseDacSetting_FW
0xff3590c0,GetMechaShutterCloseDacSetting_FW
0xff3590f4,SetMechaShutterOpenDacSetting_FW
0xff359110,GetMechaShutterOpenDacSetting_FW
0xff359144,SetMechaShutterWaitTimeSetting_FW
0xff359158,j_GetMechaShutterStatus_FW
0xff35915c,j_GetMechaShutterMoveTime_FW
0xff359160,SetMechaShutterMoveTime_FW
0xff359200,PutInNdFilter
0xff359200,TurnOnNdFilter_FW
0xff359224,PutOutNdFilter
0xff359224,TurnOffNdFilter_FW
0xff359248,TurnOnNdFilterWithTiming_FW
0xff359280,TurnOffNdFilterWithTiming_FW
0xff3592b8,j_GetNdMoveTime_FW
0xff3592bc,SetNdMoveTime_FW
0xff3592d0,SetNdDacSetting_FW
0xff359310,j_InitializeMechaUnitExeTest_FW
0xff359314,j_TerminateMechaUnitExeTest_FW
0xff359318,GetMechaExtendTableReserveArea_FW
0xff359378,ResetIris_FW
0xff35939c,MoveIrisWithAv
0xff35939c,MoveIrisWithAv_FW
0xff3593cc,MoveIrisWithAvWithoutBacklash_FW
0xff3593fc,j_GetIrisAv_FW
0xff359400,ChangeIrisSpeed_FW
0xff3594a4,ResetZoomLens
0xff3594a4,ResetZoomLens_FW
0xff3594d0,ResetZoomLensToFirst_FW
0xff359510,ResetZoomLensToTerminate_FW
0xff359550,MoveZoomLensWithPoint
0xff359550,MoveZoomLensWithPoint_FW
0xff35959c,MoveZoomLensWithPointImmediateReturn_FW
0xff3595c0,WaitMoveZoomLensComplete_FW
0xff3595ec,MoveZoomLensWithPosition_FW
0xff359638,MoveZoomLensWithPositionStart_FW
0xff35965c,MoveZoomLensToTerminatePosition_FW
0xff3596cc,MoveZoomLensToMechaEdge_FW
0xff359734,StopZoomLens_FW
0xff359750,SetZoomLensSpeedMode_FW
0xff359764,GetZoomLensDriveAmpereDac_FW
0xff35976c,SetZoomLensDriveAmpereDac_FW
0xff35978c,j_GetZoomLensDriveResetAmpereDac_FW
0xff359790,SetZoomLensDriveResetAmpereDac_FW
0xff3597ac,j_GetZoomLensResetWidePosition_FW
0xff3597b0,j_GetZoomLensSinkPosition_FW
0xff3597b4,EnableZoomLensSpeedControl_FW
0xff3597c8,DisableZoomLensSpeedControl_FW
0xff3597dc,EnableZoomLensElectricControl_FW
0xff3597f0,DisableZoomLensElectricControl_FW
0xff359804,j_GetZoomLensCurrentPoint_FW
0xff359808,j_GetZoomLensCurrentPosition_FW
0xff35980c,j_GetZoomLensTelePoint_FW
0xff359810,j_GetZoomLensMechaEdgePosition_FW
0xff359814,EnableZoomLensEncoderPowerControl_FW
0xff359824,DisableZoomLensEncoderPowerControl_FW
0xff359834,ChangeZoomPointToPosition_FW
0xff359844,ChangeZoomLensPointToMagnification_FW
0xff359854,ChangeZoomLensMagnificationToPoint_FW
0xff359864,SetZoomAmpereLimitOffTime_FW
0xff359880,j_GetZoomAmpereLimitOffTime_FW
0xff359884,SetZoomLensMoveTimeLimit_FW
0xff359898,j_GetZoomLensMinimumSpeedMoveLimitTime_FW
0xff35989c,SetZoomLensCurrentPosition_FW
0xff3598b8,SetZoomLensResetMoveTimeLimit_FW
0xff3598d8,SetZoomLensSpeedChangeMaxTime_FW
0xff3598ec,SetZoomLensSpeedChangeRate_FW
0xff35990c,MoveZoomLensWithPositionAndSpeedChange_FW
0xff359a34,RegisterZoomLensPositionPassedCBR_FW
0xff359a58,UnRegisterZoomLensPositionPassedCBR_FW
0xff359c44,DcmWowFla_FW
0xff359d00,DcmWowFlaForSD_FW
0xff35a058,DcmTfMeasure_FW
0xff35a114,DcmTfMeasureForSD_FW
0xff35a250,StartZoomLensSpeedLog_FW
0xff35a274,StopAndSaveZoomLensSpeedLog_FW
0xff35a38c,MoveZoomActuator_FW
0xff35a3e0,SetZoomActuatorSpeedPPS_FW
0xff35a3fc,j_GetZoomActuatorSpeedPPS_FW
0xff35a400,j_GetZoomActuatorCurrentPosition_FW
0xff35a404,j_IsZoomActuatorResetSensorPlusSide_FW
0xff35a408,EnableZoomActuatorSpeedLog_FW
0xff35a418,DisableZoomActuatorSpeedLog_FW
0xff35a428,SetZoomSpeedCheckStopTime_FW
0xff35a444,SetZoomPermitTargetMaxSpeedPPS_FW
0xff35a488,ISAutoCenter_FW
0xff35a498,StartISLocalAdjust_FW
0xff35a4a8,j_StartISLocalHallAdjust_FW
0xff35a4ac,j_StartISLocalAutoCenter_FW
0xff35a4b0,ISMoveToMechaEdgeOPEN_FW
0xff35a4cc,ISChangeOPENtoCLOSE_FW
0xff35a4dc,SetISDriveAaxis_FW
0xff35a4f8,SetISDriveBaxis_FW
0xff35a514,SetISHallOffsetAaxis_FW
0xff35a530,SetISHallOffsetBaxis_FW
0xff35a54c,SetISHallOffsetbyAxisType_FW
0xff35a578,SetISHallGainAaxis_FW
0xff35a594,SetISHallGainBaxis_FW
0xff35a5b0,SetISHallGainbyAxisType_FW
0xff35a5dc,GetISDriveAaxis_FW
0xff35a5fc,GetISDriveBaxis_FW
0xff35a61c,GetISPositionAaxis_FW
0xff35a63c,GetISPositionBaxis_FW
0xff35a65c,GetISHallOffsetAaxis_FW
0xff35a67c,GetISHallOffsetBaxis_FW
0xff35a69c,GetISHallOffsetbyAxisType_FW
0xff35a6d0,GetISHallOffsetDacBitNum_FW
0xff35a6f0,GetISHallGainAaxis_FW
0xff35a710,GetISHallGainBaxis_FW
0xff35a730,GetISHallGainbyAxisType_FW
0xff35a870,SetISControlType_FW
0xff35a888,FixISStatus_FW
0xff35a8a0,SetISStillStatus_FW
0xff35a8b0,SelectPositionSignal_FW
0xff35a8c8,ClearISIComponent_FW
0xff35a8d8,GetISHallOut1Amp_FW
0xff35a8fc,GetISHallOut2Amp_FW
0xff35a920,ISMDStart_FW
0xff35a930,ISMDStop_FW
0xff35a940,EnableISDriveError_FW
0xff35a950,DisableISDriveError
0xff35a950,DisableISDriveError_FW
0xff35a960,SetISHallAmpFirstGain_FW
0xff35a978,GetISHallAmpFirstGain_FW
0xff35a9a4,StartISLoopGainCalc_FW
0xff35a9d8,GetISLoopGainCalcData_FW
0xff35aa30,SetISLoopGainAdjValue_FW
0xff35aa54,GetISLoopGainAdjValue_FW
0xff35aa78,StopISLoopGainCalc_FW
0xff35aa88,GetISCrossTalkComp_FW
0xff35ab68,SetISCrossTalkCompA1_FW
0xff35ab84,SetISCrossTalkCompA2_FW
0xff35aba0,SetISCrossTalkCompB1_FW
0xff35abbc,SetISCrossTalkCompB2_FW
0xff35abd8,SetDISModeParam_FW
0xff35abf0,GetDISModeParamType_FW
0xff35ac10,DisableDISModeChange_FW
0xff35ac20,EnableDISModeChange_FW
0xff35ac30,SetISCenterShiftA_FW
0xff35ac4c,SetISCenterShiftB_FW
0xff35ac68,GetISCenterShiftA_FW
0xff35ac84,GetISCenterShiftB_FW
0xff35aca0,SetPoweredISON_FW
0xff35acb4,SetPoweredISOFF_FW
0xff35acc8,ISFixedPWMON_FW
0xff35acdc,ISFixedPWMOFF_FW
0xff35acf0,SetFixedPWMOutA_FW
0xff35ad0c,SetFixedPWMOutB_FW
0xff35ad28,j_GetFixedPWMOutA_FW
0xff35ad2c,j_GetFixedPWMOutB_FW
0xff35ad30,SetISPWMFreqAndFixed_FW
0xff35ad44,SetISPWMFrequency_FW
0xff35ad58,j_GetISPWMFrequency_FW
0xff35ad5c,j_GetISPWMPeriod_FW
0xff35ad60,StartISPWMFreqChangeTest_FW
0xff35ad68,StopISPWMFreqChangeTest_FW
0xff35ad70,SetWaitTime_FW
0xff35ad8c,GetWaitTime_FW
0xff35adac,SetSlowWaitTime_FW
0xff35adc8,GetSlowWaitTime_FW
0xff35ae4c,SetMoveEdgeWaitTime_FW
0xff35ae68,GetMoveEdgeWaitTime_FW
0xff35ae88,GetDisSupportStatus_FW
0xff35ae90,GetISCenterDrivebyAxisType_FW
0xff35aec4,SetISGyroGainAaxis_FW
0xff35aee0,SetISGyroGainBaxis_FW
0xff35aefc,SetISGyroGainbyAxisType_FW
0xff35af28,GetISGyroGainAaxis_FW
0xff35af48,GetISGyroGainBaxis_FW
0xff35af68,GetISGyroGainbyAxisType_FW
0xff35af9c,j_GetGyroDataPitch_FW
0xff35afa0,j_GetGyroDataYaw_FW
0xff35afa4,SetGyro10BitDACPitch_FW
0xff35afc0,SetGyro10BitDACYaw_FW
0xff35afdc,j_GetGyro10BitDACPitch_FW
0xff35afe0,j_GetGyro10BitDACYaw_FW
0xff35afe4,SetGyroHPFINOffsetPitch_FW
0xff35b000,SetGyroHPFINOffsetYaw_FW
0xff35b01c,j_GetGyroHPFINOffsetPitch_FW
0xff35b020,j_GetGyroHPFINOffsetYaw_FW
0xff35b024,j_GetGyroHPFINPitch_FW
0xff35b028,j_GetGyroHPFINYaw_FW
0xff35b02c,SetISTuningFlag_FW
0xff35b044,SetGyroFilterChargeStart_FW
0xff35b04c,SetGyroFilterChargeStop_FW
0xff35b0c8,GetGyroFilterCharge_FW
0xff35b0e8,GetISFirmVersion_FW
0xff35b110,GetMechaDSPVersion_FW
0xff35b138,GetISParamVersion_FW
0xff35b160,SetZoomPosition_FW
0xff35b178,ISControlStart_FW
0xff35b188,ISControlStop_FW
0xff35b198,ISPanModeStart_FW
0xff35b1a8,ISPanModeStop_FW
0xff35b1b8,ChangeParallelMode_FW
0xff35b1d0,SetLPFParallelBest_FW
0xff35b1f4,GetLPFParallelBest_FW
0xff35b224,SetISHPFCutoff_FW
0xff35b23c,ClearISZData_FW
0xff35b24c,SetISLPFAaxis_FW
0xff35b264,SetISLPFBaxis_FW
0xff35b27c,EnableISAutoGyroOffset_FW
0xff35b28c,DisableISAutoGyroOffset_FW
0xff35b29c,SetISAdjData_FW
0xff35b2ac,EnableMacroIS_FW
0xff35b34c,DisableMacroIS_FW
0xff35b35c,StartMacroISContiMode_FW
0xff35b36c,StartMacroISAdjust_FW
0xff35b37c,StopMacroISAdjust_FW
0xff35b38c,GetMacroISEstimRadiusA_FW
0xff35b3a8,GetMacroISEstimRadiusB_FW
0xff35b3c4,SetISFocusLensDistance_FW
0xff35b3d4,GetMacroISGainA_FW
0xff35b3f0,GetMacroISGainB_FW
0xff35b40c,SetMacroISGainA_FW
0xff35b428,SetMacroISGainB_FW
0xff35b444,GetMacroISAngleAndVelocityA_FW
0xff35b474,GetMacroISAngleAndVelocityB_FW
0xff35b4a4,MechaCPUMemoryDump_FW
0xff35b4c8,MechaCPUMemoryWrite_FW
0xff35b4f4,ISMemoryWrite_FW
0xff35b51c,ISActive_FW
0xff35b530,StartImStEventProc_FW
0xff35bd68,task_CreateHeaderTask
0xff35c0f4,task_DistTask
0xff35c694,task_ResizeTask
0xff35d304,task_JpegEncTask
0xff35da58,reboot_fw_update
0xff35df10,MemoryChecker_FW
0xff35df44,VerifyByte_FW
0xff35e8c8,CamInfo_Debug_FW
0xff35eca4,SDump_FW
0xff35eee4,FreeMemory
0xff35eee4,FreeMemory_FW
0xff35eeec,AllocateMemory
0xff35eeec,AllocateMemory_FW
0xff35ef0c,Peek32_FW
0xff35ef14,Peek16_FW
0xff35ef1c,Peek8_FW
0xff35ef24,GetSystemTime
0xff35ef24,GetSystemTime_FW
0xff35ef38,exec_FW
0xff35efa4,MonSelEvent_FW
0xff35f068,MakeBootDisk_FW
0xff35f07c,MakeScriptDisk_FW
0xff35f090,task_ImagePlaySysConTask
0xff361310,task_ImageRetryConTask
0xff3c3a28,task_ReadMultiConTask
0xff3c7b80,task_MrkSetTask
0xff418500,EF.GetAdjustPreSvOffset_FW
0xff418504,EF.GetEFModExamDriveType_FW
0xff418518,EF.IsIrisTypeKosaiShibori_FW
0xff429574,Bat_Calc_FW
0xff429574,CalculateBatSenseOffset_FW
0xff429614,Bat_CalcSubCPU_FW
0xff429614,CalculateBatSenseOffsetSubCPU_FW
0xff43fd80,StopCaptureDrive_FW
0xff4408d8,CancelImageDrive_FW
0xff4409cc,StartCaptureDrive_FW
0xff4409d4,CaptureWithParam_FW
0xff440a1c,ChangeImageDrive_FW
0xff440a30,GetCrwImageInfo_FW
0xff440abc,GetRawBufferAdd_FW
0xff440ae8,ActivateImageDrive_FW
0xff440b40,QuietImageDrive_FW
0xff440b7c,j_ClearImageDrive_FW
0xff440b80,GetCrwInfoData_FW
0xff440b90,DoMemToMemDarkSubtraction_FW
0xff440b98,SetSafImageReadOutType_FW
0xff440b9c,SetSafImagePredictMode_FW
0xff440ba4,SetSafImageWindowHArea_FW
0xff440bac,EnableHeadDirectCapturePath_FW
0xff440bb0,DisableHeadDirectCapturePath_FW
0xff440bb8,SetLtkidsCorrectThroughMode_FW
0xff440bbc,SetLtkidsRealtimeCorrectThroughMode_FW
0xff440bc0,SetSafPPPBypassMode_FW
0xff440bdc,SetSafFPGABypassMode_FW
0xff440be0,CorrectMvFrMem2MemAfterDefMark_FW
0xff440be8,SetLvMagSkipNum_FW
0xff440bf0,SetLvMagCenterWindow_FW
0xff440c00,GetLvMagWindowInfo_FW
0xff440c0c,ConvertTvToExposureTime_FW
0xff440c30,j_GetCurrentExposureTime_FW
0xff440c3c,j_GetCurrentShutterSpeed_FW
0xff440c68,SetShutterSpeedWithMecha_FW
0xff440cc4,SetShutterSpeed_FW
0xff440d1c,GetUserSetShutterSPeed_FW
0xff440d2c,GetShutterSpeedRegularMaxLimit_FW
0xff440d44,j_GetShutterSpeedRegularMaxLimit_FW
0xff440d48,GetShutterSpeedRegularMinLimit_FW
0xff440d60,j_GetShutterSpeedRegularMinLimit_FW
0xff440d84,GetFrameRateWithApex_FW
0xff441728,CalculatePeakFromLeastSquareResult_FW
0xff441750,CalculateLog2ToApex_FW
0xff441764,CalculatePow2FromApex_FW
0xff441780,CalcLog10
0xff4417bc,CalcLog10_FW
0xff4417e4,ConvertApexToApexStd_FW
0xff441814,ConvertApexStdToApex_FW
0xff4418ac,CalcSqrt_FW
0xff4418d8,SetOneShotWBParam_FW
0xff4418d8,SetOneTypeWBParam_FW
0xff441964,OneShotWhigeBalance_FW
0xff441964,OneTypeWhiteBalance_FW
0xff4419b8,SetWBYlStandardWidth_FW
0xff4419f8,SetReferenceWBGainForCalibration_FW
0xff441a20,SetToolCorrectCoefficient_FW
0xff441a98,ReloadWBAdjustment_FW
0xff441dc8,ConvertCxCyToWBGain_FW
0xff441e90,GetExStrobeID_FW
0xff441ea0,IsExStrobeChargeComp_FW
0xff441eac,SetExStrobeMode_FW
0xff441eb8,CancelExStrobeMode_FW
0xff441ec4,ReloadEfAdjustment_FW
0xff441f08,ChargeStrobe_FW
0xff441f40,ChargeStrobeForFA_FW
0xff441f8c,StopStrobeChargeForFA_FW
0xff441fac,ExecuteInternalPreFlash_FW
0xff44204c,ReloadColorAdjustment_FW
0xff442110,RegistColorMatrix_FW
0xff442148,j_RegistColorMatrix_FW
0xff442158,UnregistColorMatrix_FW
0xff4422dc,ShowCurrentExp_FW
0xff44232c,SetAE_ShutterSpeed
0xff44232c,SetAE_ShutterSpeed_FW
0xff4423f0,FocusAEWithCompensation_FW
0xff442474,SetAE_CdsGainValue_FW
0xff442538,FixAEWithCompensation_FW
0xff44259c,SetAdj_AEMode_FW
0xff4425f0,CancelAdj_AEMode_FW
0xff44262c,PreFixAE_FW
0xff4427b8,AfAEWithAperturePriority_FW
0xff442810,AdjAEWithAperturePriority_FW
0xff442868,SleepAE_FW
0xff4429c0,AfAEWithCompensation_FW
0xff442ac4,GetVideoOutType
0xff442ac4,GetVideoOutType_FW
0xff442b04,SwitchOffDisplay_FW
0xff442b3c,SwitchOnDisplay_FW
0xff442b4c,j_GetVideoOutType_FW
0xff442b50,SetVideoOutType
0xff442b8c,SetVideoOutType_FW
0xff442ba0,IsEVFDrive_FW
0xff442bc8,j_IsEVFDrive_FW
0xff442c00,StopEVFDrive_FW
0xff4430c8,StartEVFDriveWithMode_FW
0xff44310c,StartEVFDrive_FW
0xff443168,IsEvfDriveMode_FW
0xff443434,GetSumYOfVRAMCenterLine_FW
0xff4434a0,j_GetVRAMHPixelsSize_FW
0xff4434a8,j_GetVRAMVPixelsSize_FW
0xff4434b0,StopContinuousVRAMData_FW
0xff443538,GetContinuousVRAMData_FW
0xff443c18,GetPixelsOfViewangle_FW
0xff443cb4,GetContinuousVRAMDataWithRingBuffer_FW
0xff443d4c,j_GetMovieJpegVRAMHPixelsSize_FW
0xff443d54,j_GetMovieJpegVRAMVPixelsSize_FW
0xff443ea8,GetContinuousMovieJpegVRAMData_FW
0xff443f20,ChangeDistortionSetForLiveImage_FW
0xff443f48,ChangeElectronicRollISSetting_FW
0xff4440e4,SetImageMode
0xff444190,Bat_VIN_FW
0xff444190,SetInputVoltage_FW
0xff4441a4,Bat_Save_FW
0xff4441a4,SaveBatSenseOffsetAdjustmentTable_FW
0xff4441b4,SetImageMode_FW
0xff4441bc,CalcLowBatteryOffsetValue_FW
0xff4441f4,SetDate
0xff4441f4,SetDate_FW
0xff44437c,SetYear_FW
0xff4443dc,SetMonth_FW
0xff444438,SetDay_FW
0xff4444a0,SetHour_FW
0xff444504,SetMinute_FW
0xff444568,SetSecond_FW
0xff4445cc,GetYear_FW
0xff4445fc,GetMonth_FW
0xff444628,GetDay_FW
0xff444650,GetHour_FW
0xff444678,GetMinute_FW
0xff4446a0,GetSecond_FW
0xff4446c8,SetLangMenuType_FW
0xff44471c,SaveFromImage_FW
0xff44472c,GetFromCountOfRom_FW
0xff4448e8,SetFactorySerialNumber_FW
0xff444960,LoadFactoryNumber_FW
0xff444a40,j_LoadFactoryNumber_FW
0xff444a44,LoadSerialNumber_FW
0xff444b28,j_LoadSerialNumber_FW
0xff444b34,GetLastVBatADLevel_FW
0xff444b3c,j_GetVBatVoltage_FW
0xff444b40,SaveFactoryReserveData_FW
0xff444c4c,j_GetDCPAdjOffset_FW
0xff444c50,SetWindowSystemDrawSetting_FW
0xff444c64,GetEFUSEData_FW
0xff444c78,j_GetEFUSEData_FW
0xff444c80,TurnOffCamera_FW
0xff444c90,task_FAPowerOff
0xff444cd8,FactoryPowerOffWithTimer_FW
0xff444cec,RegistFirmVer_FW
0xff444d44,j_RegistFirmVer_FW
0xff444d48,task_ResetFactoryWithShutdownTimer
0xff444d94,FactoryResetWithShutdownTimer_FW
0xff445000,ReloadDefectAdjustmentData_FW
0xff445010,ReloadFROMDefectAdjustmentData_FW
0xff445024,ReloadShadingAdjustmentData_FW
0xff445034,SetWBTemperature_FW
0xff445144,DevelopStillPicture_FW
0xff445224,CloseMShutter_FW
0xff445260,OpenMShutter_FW
0xff4452a0,SetMShutterDacValue_FW
0xff4452b0,GetMShutterDacValue_FW
0xff4452bc,j_ReloadMechaShutterAdjustment_FW
0xff4452c0,GetMShutterStatus_FW
0xff4452c4,j_GetMShutterStatus_FW
0xff44532c,InitializeMechaDevice_FW
0xff445368,TerminateMechaDevice_FW
0xff445490,CreateJumptable
0xff446c44,GetCdsGainValue_FW
0xff446c6c,SetDeltaCDSGain_FW
0xff446cb4,ReloadCdsAdjustment_FW
0xff446cc4,GetObClampValue_FW
0xff446ce4,j_GetObClampValue_FW
0xff446d0c,SetObClamp_FW
0xff446d0c,SetObClampValue_FW
0xff446d14,j_GetCdsGainValue_FW
0xff446d18,SetCDSGain_FW
0xff446d18,SetCdsGainValue_FW
0xff446d64,SetCdsPreGainReg_FW
0xff446dac,GetCdsPreGainReg_FW
0xff446db4,SetSensorPreGain_FW
0xff446dc4,GetSensorPreGain_FW
0xff446dcc,GetCurrentDriveBaseSvValue_FW
0xff446dec,j_GetCurrentDriveBaseSvValue_FW
0xff446ee0,SetCDSGainStep_FW
0xff446f14,SetAdjCdsMode_FW
0xff446f40,CancelAdjCdsMode_FW
0xff446f5c,IsAdjCdsMode_FW
0xff446fd8,ConvertToPositionWithDistanceAndZoomPoint_FW
0xff446ff4,ConvertToPositionWithDistance_FW
0xff447000,ReloadFocusLensAdjustment_FW
0xff447014,j_GetFocusDefaultResetPosition_FW
0xff44701c,j_GetFocusResetPosition_FW
0xff447024,j_GetCurrentTargetDistance_FW
0xff447080,j_GetCurrentFocusLensPosition_FW
0xff447080,j_GetCurrentFocusPosition_FW
0xff4470b0,MoveFocusLensToTerminatePosition_FW
0xff4470b0,MoveFocusToTerminate_FW
0xff447198,MoveFocusLensToPositionWithMaxSpeed_FW
0xff4471e0,MoveFocusLensToPositionWithSpeed_FW
0xff4472b0,MoveFocusLensToPosition_FW
0xff447300,MoveFocusPosition_FW
0xff4473cc,MoveFocusDistance_FW
0xff4473cc,MoveFocusLensToDistance
0xff4473cc,MoveFocusLensToDistance_FW
0xff447438,ResetFocus_FW
0xff4475b4,j_IsFocusLensOutSidePosition_FW
0xff4475f0,SetFocusResetState_FW
0xff4476b8,SaveFocusResetPulse_FW
0xff4480d4,SetScanLensIndex_FW
0xff4481e4,SetScanWindowMode_FW
0xff44843c,SelectAdjBPFilter_FW
0xff448468,SetAdjAFWinPos_FW
0xff4484dc,SetBPFilterForBP_FW
0xff448514,CancelBPFilterForBP_FW
0xff4486f8,StartAdjAFService_FW
0xff44883c,StopAdjAFService_FW
0xff4489b8,GetAdjAFInteg_FW
0xff448a5c,StopAdjAFInteg_FW
0xff448a6c,StartAdjAFInteg_FW
0xff448a88,SetAdjAFIntegCrwAdd_FW
0xff44919c,StopCustomScan_FW
0xff4491ac,StartCustomScan_FW
0xff44921c,StartCrwCustomScan_FW
0xff449b14,CalculatePeakPosByLS_FW
0xff449b6c,CalculateInterpolationByLS_FW
0xff449bb0,ReloadAFAdjustment_FW
0xff449c8c,PrintScanTable_FW
0xff449f78,PrintMultiWinScanTable_FW
0xff44aad4,HitISLensAgainstTopEdge_FW
0xff44aaec,HitISLensAgainstBottomEdge_FW
0xff44ab04,HitISLensAgainstLeftEdge_FW
0xff44ab1c,HitISLensAgainstRightEdge_FW
0xff44ab34,HitISLensToMechaEdge_FW
0xff44ab4c,MoveISLensToRightLimitPosition_FW
0xff44ab64,MoveISLensToLeftLimitPosition_FW
0xff44ab7c,MoveISLensToBottomLimitPosition_FW
0xff44ab94,MoveISLensToTopLimitPosition_FW
0xff44abac,MoveISLensToLimitPosition_FW
0xff44abc4,SearchBCentralPosition_FW
0xff44abc4,SearchISLensCentralPosition_FW
0xff44abd4,StopBDrive_FW
0xff44abd4,StopISAdjustmentDrive_FW
0xff44abd4,StopISDrive_FW
0xff44abe4,StartBDrive_FW
0xff44abe4,StartISAdjustmentDrive_FW
0xff44abe4,StartISDrive_FW
0xff44abf4,StopBPanDrive_FW
0xff44abf4,StopISPanDrive_FW
0xff44ac04,SetISControllMode_FW
0xff44ac1c,StartBPanDrive_FW
0xff44ac1c,StartISPanDrive_FW
0xff44ac2c,WriteHallDeviceAdjustment_FW
0xff44ac3c,WriteGyroAdjustment_FW
0xff44acb4,WritePWMAdjustment_FW
0xff44acc4,SetISPitchPWM_FW
0xff44acd8,SetISYawPWM_FW
0xff44acec,SetISLensDriveValue_FW
0xff44ad04,SetISGyroYawGain_FW
0xff44ad18,SetISGyroPitchGain_FW
0xff44ad2c,SetISLensGyroGain_FW
0xff44ad44,SetISHallDeviceYawGain_FW
0xff44ad58,SetISHallDevicePitchGain_FW
0xff44ad6c,SetISLensHallGain_FW
0xff44ad84,SetISHallDeviceYawOffset_FW
0xff44ad98,SetISHallDevicePitchOffset_FW
0xff44adac,SetISLensHallOffset_FW
0xff44adc4,SetZoomPointToIS_FW
0xff44ae00,GetISLens1stHallAmpValue_FW
0xff44ae18,GetISHallOffsetDACValue_FW
0xff44ae20,GetISLensEViAaxis_FW
0xff44ae2c,GetISLensEViBaxis_FW
0xff44ae38,GetISLensCorrectedEViAaxis_FW
0xff44ae44,GetISLensCorrectedEViBaxis_FW
0xff44ae50,GetISLensDampAaxis_FW
0xff44ae58,GetISLensDampBaxis_FW
0xff44ae60,SetISLPFCutOffFreqAaxis_FW
0xff44ae6c,SetISLPFCutOffFreqBaxis_FW
0xff44ae78,SetLPFForParallelFilter_FW
0xff44ae94,SetISCutOffFreqIndex_FW
0xff44ae94,SetISHPFCutOffFreqIndex_FW
0xff44aea8,ChangeFilterMode_FW
0xff44aebc,HitISMechaEdgeInOpenControl_FW
0xff44aed8,ChangeToISCloseControl_FW
0xff44aee8,SetISGyroHPFINOffsetPitch_FW
0xff44aef4,SetISGyroHPFINOffsetYaw_FW
0xff44af00,SetISGyroOffsetHPFINData_FW
0xff44af10,SetISGyro10BitDACPitch_FW
0xff44af1c,SetISGyro10BitDACYaw_FW
0xff44af28,SetISGyroOffset10BitDACData_FW
0xff44af38,GetISGyroDataPitch_FW
0xff44af40,GetISGyroDataYaw_FW
0xff44af48,GetISGyroData_FW
0xff44af50,GetISGyroHPFINPitch_FW
0xff44af58,GetISGyroHPFINYaw_FW
0xff44af60,GetISHPFINGyroData_FW
0xff44af68,GetISGyro10BitDACPitch_FW
0xff44af70,GetISGyro10BitDACYaw_FW
0xff44af78,GetISGyroOffset10BitDACData_FW
0xff44af80,GetISGyroHPFINOffsetPitch_FW
0xff44af88,GetISGyroHPFINOffsetYaw_FW
0xff44af90,GetISGyroOffsetHPFINData_FW
0xff44af98,SetISGyroFilterCharge_FW
0xff44afac,SetISTuningMode_FW
0xff44afc4,SetISTuningOff_FW
0xff44afd8,SetISGyroCompensationMode_FW
0xff44aff4,CalcLoopGain_FW
0xff44b064,GetLoopGainCalcData_FW
0xff44b09c,SetLoopGain_FW
0xff44b0c0,GetLoopGain_FW
0xff44b0c8,SetISLensPWMMode_FW
0xff44b0dc,SetDISModeParameter_FW
0xff44b100,GetGyroFilterChargeStatus_FW
0xff44b114,j_GetDISModeParameter_FW
0xff44b118,SetISCrossTalkCompCoeff_FW
0xff44b13c,GetISCrossTalkCompCoeff_FW
0xff44b144,StartISAdjustMacro_FW
0xff44b154,StopISAdjustMacro_FW
0xff44b164,GetMacroISGain_FW
0xff44b16c,SetMacroISGain_FW
0xff44b190,GetMacroISEstimateRadius_FW
0xff44b198,GetMacroISEstimateVelocity_FW
0xff44b1cc,SetISMacroMode_FW
0xff44b1e0,NotifyISMacroDistance_FW
0xff44b1f0,GetISHallDevicePitchOffset_FW
0xff44b1f8,GetISHallDeviceYawOffset_FW
0xff44b200,GetISLensHallOffset_FW
0xff44b208,GetISHallDevicePitchGain_FW
0xff44b210,GetISHallDeviceYawGain_FW
0xff44b218,GetISLensHallGain_FW
0xff44b220,GetISPitchPWM_FW
0xff44b228,GetISYawPWM_FW
0xff44b230,GetISLensDriveValue_FW
0xff44b238,GetISShiftLensPitchPosition_FW
0xff44b240,GetISShiftLensYawPosition_FW
0xff44b248,GetISLensPositionValue_FW
0xff44b250,GetISGyroPitchGain_FW
0xff44b2a4,GetISGyroYawGain_FW
0xff44b2ac,GetISLensGyroGain_FW
0xff44b2b4,ClearISCalcZData_FW
0xff44b2c4,CancelLoopGainCalc_FW
0xff44b2d4,ReloadISAdjustment_FW
0xff44b2e8,MoveISLensToCentralPosition_FW
0xff44b2f8,GetISHallOffsetDAConvertValue_FW
0xff44b300,SetISPWMFreqData_FW
0xff44b314,j_GetISPWMFreqData_FW
0xff44df78,task_CtgTotalTask
0xff45ed5c,task_ReadFileTask
0xff46561c,GetFocusLensResetVoltage_FW
0xff466188,GetZoomAmpereLimitOffTime_FW
0xff466bf8,InitializeMechaUnitExeTest_FW
0xff466c48,TerminateMechaUnitExeTest_FW
0xff468ac4,task_MovieRead
0xff46c0e0,SetPMByGpio_FW
0xff46c0f0,ClearPMByGpio_FW
0xff46c100,ClearPMByFs_FW
0xff46c110,MoveDCMotorCW_FW
0xff46c190,MoveDCMotorCCW_FW
0xff46c210,SetDCMotorWaitTime_FW
0xff46c224,StartDCMDriveTimeCounter_FW
0xff46c234,StopDCMDriveTimeCounter_FW
0xff46c244,GetDcmSpeedLog_FW
