0x006dfdac,_dadd
0x006e0740,_dcmp
0x006e0998,_dcmp_reverse
0x006e0084,_ddiv
0x006e0550,_dfix
0x006e0600,_dfixu
0x006e0688,_dflt
0x006e0734,_dfltu
0x006dc130,_divmod_signed_int
0x006dd78c,_divmod_unsigned_int
0x006e07c8,_dmul
0x006e0a38,_drsb
0x006e0bc4,_dsub
0x006e0f48,_f2d
0x006e10cc,_fdiv
0x006e12b0,_ffix
0x006e1324,_ffixu
0x006e1384,_fflt
0x006e13b8,_ffltu
0x006e1438,_fmul
0xff025f14,_GetSystemTime
0x006de580,_log
0x006deac0,_log10
0x006dec38,_pow
0x006dfbe8,_safe_sqrt
0x006e1938,_scalbn
0x006e0a50,_sqrt
0xff0248fc,_uartr_req
0xff1acad8,AbortAEIntegralValue_FW
0x006b8958,AcquireRecursiveLock
0x006b7e88,AcquireRecursiveLockStrictly
0xff1af2c4,ActivateAdjLog_FW
0xff462424,ActivateImageDrive_FW
0xff11c614,ActivateImager_FW
0xff11c6ac,ActivateImagerXOne_FW
0xff151550,add_ptp_handler
0xff212fcc,add_ui_to_dialog
0xff1ff5e8,AdditionAgentRAM_FW
0xff3354c4,AddTransparentMemory_FW
0xff464140,AdjAEWithAperturePriority_FW
0xff4640e8,AfAEWithAperturePriority_FW
0xff4642f0,AfAEWithCompensation_FW
0xff118df0,AFTool.GetEVal_FW
0xff118ff0,AFTool.SetAFLogType_FW
0xff118ff8,AFTool.SetDebugAFSequence_FW
0xff118fc0,AFTool.StoreAFixPosition_FW
0xff3781a0,AllocateMemory
0xff3781a0,AllocateMemory_FW
0xff025d38,AllocateUncacheableMemory
0xff2e5c4c,apex2us
0xff0381a8,atol_FW
0xff1ad8dc,AttachIntegCrawData_FW
0xff3354fc,AttachToTransparentMemory_FW
0xff44ea04,Bat_Calc_FW
0xff465aac,Bat_Save_FW
0xff465a98,Bat_VIN_FW
0xff0755d8,BatteryMilliTempCheck_FW
0xff06ef20,BeepDrive_FW
0xff06ef40,BeepDriveComp_FW
0x006dc0dc,bzero
0xff4630b0,CalcLog10
0xff4630ec,CalcLog10_FW
0xff46c7f4,CalcLoopGain_FW
0xff465ac4,CalcLowBatteryOffsetValue_FW
0xff4631dc,CalcSqrt_FW
0xff44ea04,CalculateBatSenseOffset_FW
0xff46b40c,CalculateInterpolationByLS_FW
0xff463080,CalculateLog2ToApex_FW
0xff463058,CalculatePeakFromLeastSquareResult_FW
0xff46b3b4,CalculatePeakPosByLS_FW
0xff463094,CalculatePow2FromApex_FW
0xff0826dc,CalculateTestRecYUVData_FW
0xff05e7a8,cameracon_get_state
0xff05bdac,cameracon_set_state
0xff377b7c,CamInfo_Debug_FW
0xff463f20,CancelAdj_AEMode_FW
0xff468744,CancelAdjCdsMode_FW
0xff469dc4,CancelBPFilterForBP_FW
0xff4637e8,CancelExStrobeMode_FW
0xff370dbc,CancelFocusLensMaxSpeedLimit_FW
0xff0a60f0,CancelHPTimer
0xff462220,CancelImageDrive_FW
0xff11c87c,CancelImager_FW
0xff46cac4,CancelLoopGainCalc_FW
0xff026134,CancelTimer
0xff1f3954,Capture.Create_FW
0xff462310,CaptureWithParam_FW
0xff075404,CCDMilliTempCheck_FW
0xff333398,ChangeAdjImgDrvMode_FW
0xff3333c4,ChangeAEIntegDrvTypeToAdjImgDriveType_FW
0xff11ca08,ChangeAutoSlowShutterEnable_FW
0xff2b0324,ChangeDefectRecParam_FW
0xff2b05e8,ChangeDefectSpecParam_FW
0xff465828,ChangeDistortionSetForLiveImage_FW
0xff465850,ChangeElectronicRollISSetting_FW
0xff46c6a8,ChangeFilterMode_FW
0xff370f1c,ChangeFocusDistanceToPosition_FW
0xff371400,ChangeFocusLensStopSettingType_FW
0xff462358,ChangeImageDrive_FW
0xff11c900,ChangeImagerToAlternateDraft_FW
0xff11c9d8,ChangeImagerToAstroMetamorphose_FW
0xff11c8c0,ChangeImagerToCombiParallel_FW
0xff11c8f8,ChangeImagerToDigiconMode_FW
0xff11c970,ChangeImagerToElectraGlide_FW
0xff11c9c0,ChangeImagerToElectraGlideNepal_FW
0xff11c9b8,ChangeImagerToEsperRocketH_FW
0xff11c9d0,ChangeImagerToEsperRocketHNepal_FW
0xff11c958,ChangeImagerToFalconJump_FW
0xff11c938,ChangeImagerToFantaJungle_FW
0xff11c8d0,ChangeImagerToFocusJet_FW
0xff11c928,ChangeImagerToHarleyDavidson_FW
0xff11c998,ChangeImagerToHarleyDavidsonNepal_FW
0xff11c988,ChangeImagerToHarleySunshine_FW
0xff11c9c8,ChangeImagerToHarleySunshineNepal_FW
0xff11c968,ChangeImagerToHealthyVegetable_FW
0xff11c8e8,ChangeImagerToHoneyFlash_FW
0xff11c940,ChangeImagerToHoneyFlashDark_FW
0xff11c9b0,ChangeImagerToLasVegasMagic_FW
0xff11c950,ChangeImagerToLCWideDraft_FW
0xff11c930,ChangeImagerToMachDashV_FW
0xff11c8d8,ChangeImagerToMangoPudding_FW
0xff11c8f0,ChangeImagerToMillefeAdjust_FW
0xff11c918,ChangeImagerToMontblancMillefe_FW
0xff11c920,ChangeImagerToMontblancMovie_FW
0xff11c910,ChangeImagerToMontblancWhole_FW
0xff11c8f8,ChangeImagerToOITA_XAVIER_FW
0xff11c8a0,ChangeImagerToRegularDrive_FW
0xff11c948,ChangeImagerToRoadKing_FW
0xff11c9a0,ChangeImagerToRoadKingNepal_FW
0xff11c990,ChangeImagerToRoadQueen_FW
0xff11c960,ChangeImagerToSpriteSunshine_FW
0xff11c8e0,ChangeImagerToSuperWideDraft_FW
0xff11c9a8,ChangeImagerToSuperWideNepal_FW
0xff11c908,ChangeImagerToUltraGhostQ_FW
0xff11c980,ChangeImagerToVeryFastMangoPudding_FW
0xff11c978,ChangeImagerToVeryFastWideDraft_FW
0xff11c8a8,ChangeImagerToWholeParallel_FW
0xff11c8b0,ChangeImagerToWholeParallelBP_FW
0xff11c8c8,ChangeImagerToWideDraft_FW
0xff11c8b8,ChangeImagerToWideDraftFinancier_FW
0xff371744,ChangeIrisSpeed_FW
0xff373b18,ChangeParallelMode_FW
0xff46c6d8,ChangeToISCloseControl_FW
0xff37229c,ChangeZoomLensMagnificationToPoint_FW
0xff37228c,ChangeZoomLensPointToMagnification_FW
0xff37227c,ChangeZoomPointToPosition_FW
0xff463838,ChargeStrobe_FW
0xff463870,ChargeStrobeForFA_FW
0x006b80e8,CheckAllEventFlag
0x006b808c,CheckAnyEventFlag
0xff333ea8,CheckNFCTagWithCount_FW
0xff0a7f18,CheckSumAll_FW
0xff08d588,ClearCzRecordingMovie_FW
0xff2b053c,ClearDefectTurnTable_FW
0xff02d3ac,ClearDUIDFixFlag_FW
0xff02d32c,ClearDurianMode_FW
0x006b8344,ClearEventFlag
0xff02d4d8,ClearFactoryMasterFlag_FW
0xff02d4f0,ClearFactoryMasterROMProtection_FW
0xff02d32c,ClearFactoryMode_FW
0xff04ad4c,ClearImageDrive_FW
0xff46cab4,ClearISCalcZData_FW
0xff373228,ClearISIComponent_FW
0xff373b9c,ClearISZData_FW
0xff144358,ClearNFCOptUnitAssemblyAreaData_FW
0xff143818,ClearNFCSystemArea_FW
0xff4890a0,ClearPMByFs_FW
0xff489088,ClearPMByGpio_FW
0xff333ac8,ClearSoundDevForRecEvent_FW
0xff02ceb0,ClearWLANFactoryMode_FW
0xff335114,ClearZoomCommonDriveParam_FW
0xff33482c,ClearZoomDriveParam_FW
0xff027218,Close
0xff027218,Close_FW
0xff0a8c94,CloseConsole_FW
0xff35398c,closedir
0xff371ca8,CloseMechaShutter_FW
0xff371d00,CloseMechaShutterWithTiming_FW
0xff466a58,CloseMShutter_FW
0xff171b58,ConnectPtpIPService_FW
0xff333330,ConvertAdjImgDrvModeToAdjImgDriveType_FW
0xff3332e4,ConvertAEIntegDrvTypeToAdjImgDriveType_FW
0xff463144,ConvertApexStdToApex_FW
0xff463114,ConvertApexToApexStd_FW
0xff4636f8,ConvertCxCyToWBGain_FW
0xff4687f8,ConvertToPositionWithDistance_FW
0xff4687dc,ConvertToPositionWithDistanceAndZoomPoint_FW
0xff46253c,ConvertTvToExposureTime_FW
0xff462518,CorrectMvFrMem2MemAfterDefMark_FW
0xff0a89f4,CPrintf_FW
0xff0a8a4c,CPutChar_FW
0xff07bfb8,CreateAdjustmentTableMirror_FW
0x006b792c,CreateBinarySemaphore
0x006b7d0c,CreateBinarySemaphoreStrictly
0xff0ab020,CreateController_FW
0x006b79b0,CreateCountingSemaphore
0x006b79b0,CreateCountingSemaphore_FW
0x006b7d34,CreateCountingSemaphoreStrictly
0xff07bfc8,CreateDefectTableMirror_FW
0xff20e070,CreateDialogBox
0x006b7fc4,CreateEventFlag
0x006b7ce4,CreateEventFlagStrictly
0xff1aebd8,CreateFADBGSingalID_FW
0xff466cc4,CreateJumptable
0x006b8418,CreateMessageQueue
0x006b7cbc,CreateMessageQueueStrictly
0xff035318,CreateProxyOfEventProcedure_FW
0x006b8898,CreateRecursiveLock
0x006b7d5c,CreateRecursiveLockStrictly
0x006b5714,CreateTask
0x006b5714,CreateTask_FW
0x006b7c84,CreateTaskStrictly
0xff07cbd4,CreateUserSettingMirror_FW
0xff2af810,CrossDefDetect_FW
0xff2afa14,CrowdLineDetect_FW
0xff2afb94,CrowdLineKizuCheck_FW
0xff0ab2a0,CtrlMan_ChangeZOrder_FW
0xff08d588,CzDebugPrint_FW
0xff08d59c,CzDebugPrintToFile_FW
0xff020234,dcache_clean_flush_and_disable
0xff020300,dcache_clean_flush_range
0xff0202a0,dcache_clean_range
0xff02020c,dcache_flush_and_enable
0xff020284,dcache_flush_range
0xff372aa4,DcmTfMeasure_FW
0xff372b60,DcmTfMeasureForSD_FW
0xff37268c,DcmWowFla_FW
0xff372748,DcmWowFlaForSD_FW
0x006b5ac8,DebugAssert
0xff0ab0fc,DeleteController_FW
0xff026b0c,DeleteDirectory_Fut
0x006b8024,DeleteEventFlag
0x006b84c8,DeleteMessageQueue
0xff035370,DeleteProxyOfEventProcedure_FW
0x006b88f0,DeleteRecursiveLock
0x006b7a10,DeleteSemaphore
0x006b7a10,DeleteSemaphore_FW
0xff466978,DevelopStillPicture_FW
0xff2b5d9c,DevelopTool.DevelopTest_FW
0xff1ae4fc,DeviceUniqueIDCheckSum_FW
0xff1b1a98,DisableDebugLogMode_FW
0xff373570,DisableDISModeChange_FW
0x006b1b10,DisableDispatch_low
0xff370e18,DisableFocusLens_FW
0xff370e94,DisableFocusLensSilentMode_FW
0xff371b20,DisableFocusPiCircuit_FW
0xff4624ec,DisableHeadDirectCapturePath_FW
0xff3716b8,DisableIris_FW
0xff1dc1dc,DisableIrisActuator_FW
0xff373bec,DisableISAutoGyroOffset_FW
0xff3732b0,DisableISDriveError
0xff3732b0,DisableISDriveError_FW
0xff371904,DisableLensError_FW
0xff373cac,DisableMacroIS_FW
0xff371b00,DisableMechaCircuit_FW
0xff371c14,DisableResetGpio_FW
0xff366fb4,DisableZoomActuatorSpeedLog_FW
0xff371b68,DisableZoomEncoderCircuit_FW
0xff372258,DisableZoomLensElectricControl_FW
0xff371e50,DisableZoomLensEncoderPowerControl_FW
0xff372230,DisableZoomLensSpeedControl_FW
0xff371b44,DisableZoomPiCircuit_FW
0xff171b64,DisconnectPtpIPService_FW
0xff06c1bc,DispCon_GetLcdGainAdjParameter_FW
0xff06bfc8,DispCon_GetVideoAdjParameter_FW
0xff06c208,DispCon_SaveLcdGainAdjParameter_FW
0xff06c050,DispCon_SaveVideoAdjParameter_FW
0xff06baec,DispCon_SetDisplayType_FW
0xff06c16c,DispCon_SetLcdGainAdjParameter_FW
0xff06be7c,DispCon_SetMaxBackLightBrightness_FW
0xff06bf40,DispCon_SetVideoAdjParameter_FW
0xff06ba3c,DispCon_ShowBitmapColorBar
0xff06ba3c,DispCon_ShowBitmapColorBar_FW
0xff06ba20,DispCon_ShowBlackChart_FW
0xff06b874,DispCon_ShowColorBar_FW
0xff06bb0c,DispCon_ShowColorChart_FW
0xff06ba98,DispCon_ShowCustomColorBar_FW
0xff06b8e0,DispCon_ShowFiveStep_FW
0xff06c1f8,DispCon_ShowLcdGainAdjParameter_FW
0xff06bcfc,DispCon_ShowNStepsChart_FW
0xff06c024,DispCon_ShowVideoAdjParameter_FW
0xff06b9d4,DispCon_ShowWhiteChart_FW
0xff06bb28,DispCon_ShowWhiteLine_FW
0xff06be74,DispCon_TurnOffBackLight_FW
0xff06be5c,DispCon_TurnOffDisplay_FW
0xff06be6c,DispCon_TurnOnBackLight_FW
0xff06be84,DispCon_TurnOnBackLightForCheckVoltage_FW
0xff06be4c,DispCon_TurnOnDisplay_FW
0xff1f3228,DispDev.Create_FW
0xff1f1e34,DispDev_EnableEventProc_FW
0xff0c0db4,DisplayBusyOnScreen
0xff20e77c,DisplayDialogBox
0xff02c810,DisplayFactoryMode_FW
0xff0605e0,DispSwCon_TurnOffDisplay_FW
0xff032898,DoAELock
0xff032548,DoAFLock
0xff4624cc,DoMemToMemDarkSubtraction_FW
0xff0d5544,DoMovieFrameCapture
0xff1f1fb0,Driver.Create_FW
0xff1f1fb0,Driver_EnableEventProc_FW
0x006dbff8,dry_memcpy
0x006dbfb8,dry_memzero
0xff033d70,drysh_FW
0xff02cf4c,DummyUSBConnection_FW
0xff1f24f8,Dump32_FW
0xff1f24e8,Dump_FW
0xff07b67c,DumpAdjMirror_FW
0xff335484,DumpTransparentMemoryItem_FW
0xff11c508,E2LatOn_FW
0xff18a9d0,Edet.Create_FW
0xff18a9b4,Edet.Delete_FW
0xff2b8db4,EF.AdjPreFlash_FW
0xff2b8d94,EF.FlashForColorTempEvaluation_FW
0xff2b8d74,EF.FlashWithoutSync_FW
0xff43ddc0,EF.GetAdjustPreSvOffset_FW
0xff2b8c98,EF.GetEFModAddPixelGain_FW
0xff43ddc4,EF.GetEFModExamDriveType_FW
0xff2b8c8c,EF.GetEFY2_FW
0xff2b8bec,EF.GetEFY_FW
0xff0da8f0,EF.IsChargeFull_FW
0xff43ddd8,EF.IsIrisTypeKosaiShibori_FW
0xff2b8df0,EF.SetChargeMode_FW
0xff2b8bd4,EF.SetChargeOnTime_FW
0xff2b8bb8,EF.SetEFChargeTimeOut_FW
0xff2b8d9c,EF.SetMainFlashTime_FW
0xff2b8b44,EF.StartEFCharge_FW
0xff2b8cec,EF.StartInternalMainFlash_FW
0xff2b8cac,EF.StartInternalPreFlash_FW
0xff2b8ba8,EF.StopEFCharge_FW
0xff1b1a84,EnableDebugLogMode_FW
0xff373580,EnableDISModeChange_FW
0x006b1b3c,EnableDispatch_low
0xff370dcc,EnableFocusLens_FW
0xff370e68,EnableFocusLensSilentMode_FW
0xff371b10,EnableFocusPiCircuit_FW
0xff4624e8,EnableHeadDirectCapturePath_FW
0x006b56c0,EnableInterrupt
0xff371694,EnableIris_FW
0xff1dc1b8,EnableIrisActuator_FW
0xff373bdc,EnableISAutoGyroOffset_FW
0xff3732a0,EnableISDriveError_FW
0xff3718f4,EnableLensError_FW
0xff373c0c,EnableMacroIS_FW
0xff371af0,EnableMechaCircuit_FW
0xff371bf8,EnableResetGpio_FW
0xff366fa4,EnableZoomActuatorSpeedLog_FW
0xff371b58,EnableZoomEncoderCircuit_FW
0xff372244,EnableZoomLensElectricControl_FW
0xff371e40,EnableZoomLensEncoderPowerControl_FW
0xff37221c,EnableZoomLensSpeedControl_FW
0xff371b34,EnableZoomPiCircuit_FW
0xff18f164,EngApp.Create_FW
0xff1f39e0,EngApp.CreatePub_FW
0xff18f110,EngApp.Delete_FW
0xff02c550,EngDrvBits
0xff31b0f8,EngDrvBits_FW
0xff02c534,EngDrvIn
0xff31b0e8,EngDrvIn_FW
0xff02c51c,EngDrvOut
0xff31b0cc,EngDrvOut_FW
0xff02c53c,EngDrvRead
0xff31b0f0,EngDrvRead_FW
0xff31b114,EngDrvReadDump_FW
0xff1f3998,EngineDriver.Create_FW
0xff0327c0,EnterToCompensationEVF
0xff0a2e6c,EpilogFile_FW
0xff0a2ed8,EpilogMenu_FW
0xff0a2b74,EpilogShow_FW
0xff07b640,EraseAdjustmentArea_FW
0xff0a20cc,EraseLogSector_FW
0xff071590,EraseRom_FW
0xff1f1fa0,EraseSignature_FW
0xff0247d8,err_init_task
0xff36ffa4,EscapeFocusLens_FW
0xff3781ec,exec_FW
0xff082208,Executedccd_FW
0xff2b0340,ExecuteDefectRec_FW
0xff2b037c,ExecuteDefectRecAndSaveImage_FW
0xff2b0444,ExecuteDefectRecAndSaveImageWithGrade_FW
0xff2b0400,ExecuteDefectRecWithGrade_FW
0xff081ae8,ExecuteDigicon_FW
0xff0349d4,ExecuteEventProcedure
0xff034a4c,ExecuteEventProcedure_FW
0xff4638dc,ExecuteInternalPreFlash_FW
0xff1773b4,ExecuteResetFactory_FW
0xff17739c,ExecuteResetFactoryWithRomWrite_FW
0xff0a49e4,ExecuteShutDownPropertyService_FW
0xff08254c,ExecuteSubCameraTestRec_FW
0xff082538,ExecuteTestRec_FW
0xff082554,ExecuteTestRecCF_FW
0xff082730,ExecuteTestRecDevelopProcess_FW
0xff082554,ExecuteTestRecSD_FW
0xff082684,ExecuteTestRecSw1_FW
0xff08266c,ExecuteTestRecWithInteg_FW
0xff032814,ExitFromCompensationEVF
0x006b5a68,ExitTask
0x006b5a68,ExitTask_FW
0xff034610,ExMem.AllocCacheable_FW
0xff0344a8,ExMem.AllocUncacheable_FW
0xff034684,ExMem.FreeCacheable_FW
0xff0345a4,ExMem.FreeUncacheable_FW
0xff033e80,ExMem.View_FW
0xff0345b8,exmem_alloc
0xff034620,exmem_free
0xff027a64,ExMem_FW
0xff03441c,exmem_ualloc
0xff034564,exmem_ufree
0xff0ee118,ExpCtrlTool.SetExpMode_FW
0xff0ee168,ExpCtrlTool.SoundDevTest_FW
0xff043e30,ExpCtrlTool_StartContiAE
0xff044068,ExpCtrlTool_StopContiAE
0xff03530c,ExportToEventProcedure_FW
0xff1f3204,FA.Create_FW
0xff1f31f0,FA.Delete_FW
0xff4665ac,FactoryPowerOffWithTimer_FW
0xff1aece0,FADBGPrintf_FW
0xff1aebe8,FADBGSingal_FW
0xff1aee24,FAPrintf_FW
0xff026ba4,Fclose_Fut
0xff026ba4,Fclose_Fut_FW
0xff026d90,Feof_Fut
0xff026dcc,Fflush_Fut
0xff026cf8,Fgets_Fut
0xff1c3dfc,File.ClearExifInfo_FW
0xff1c4124,File.Create_FW
0xff1c3fb4,File.Delete_AllImg_FW
0xff463e68,FixAEWithCompensation_FW
0xff3731e8,FixISStatus_FW
0xff22c9e0,FmtMenu_ExecuteQuickFormat_FW
0xff463d20,FocusAEWithCompensation_FW
0xff3710fc,FocusLensStopQuickly_FW
0xff026b64,Fopen_Fut
0xff026b64,Fopen_Fut_FW
0xff08d588,ForceCzRecordingMovie_FW
0xff026c50,Fread_Fut
0xff026c50,Fread_Fut_FW
0xff025084,free
0xff378198,FreeMemory
0xff378198,FreeMemory_FW
0xff025d74,FreeUncacheableMemory
0xff026d44,Fseek_Fut
0xff026d44,Fseek_Fut_FW
0xff026ca4,Fwrite_Fut
0xff026ca4,Fwrite_Fut_FW
0xff12469c,get_current_deltasv
0xff0f5640,get_current_exp
0xff030708,get_fstype
0xff14167c,get_ptp_buf_size
0xff2f8764,get_ptp_file_buf
0xff0a4bec,get_resource_pointer
0xff0233e0,get_self_task_errno_pointer
0x006b1b90,get_self_task_id
0xff213714,get_string_by_id
0x006b21d4,get_task_properties
0xff06d070,GetAdChValue
0xff06d070,GetAdChValue_FW
0xff46a268,GetAdjAFInteg_FW
0xff07cb58,GetAdjDataAreaAddress_FW
0xff07cb60,GetAdjDurianFlagSize_FW
0xff07b6dc,GetAdjTableMapVersion_FW
0xff07b6ec,GetAdjTableValueVersion_FW
0xff07b6a4,GetAdjTableVersion_FW
0xff07cb34,GetAdjustmentOffset_FW
0xff06d068,GetAdVBattBottom_FW
0xff1ad4ac,GetAEIntegralServiceMode_FW
0xff1ad148,GetAEIntegralValueWithFix_FW
0xff1ad4a0,GetAEIntegValueBit_FW
0xff1ad048,GetAEIntegWinData_FW
0xff1ad05c,GetAEIntegWinDataWithMode_FW
0xff1ad26c,GetAllAEIntegralAllValueWithFix_FW
0xff2d8650,GetBaseSv
0xff02c3c0,GetBatteryCoverClose_FW
0xff075070,GetBatteryMilliTemperature_FW
0xff074ec4,GetBatteryTemperature
0xff074ec4,GetBatteryTemperature_FW
0xff3340d0,GetBatteryVoltage_FW
0xff0a7dcc,GetBuildDate_FW
0xff0a7de0,GetBuildTime_FW
0xff333808,GetCameraInformationData_FW
0xff074fec,GetCCDMilliTemperature_FW
0xff074e4c,GetCCDTemperature
0xff074e4c,GetCCDTemperature_FW
0xff468448,GetCdsGainValue_FW
0xff4685b0,GetCdsPreGainReg_FW
0xff0a8a74,GetCh_FW
0xff0a8118,GetChipVersion_FW
0xff4657b0,GetContinuousMovieJpegVRAMData_FW
0xff464e68,GetContinuousVRAMData_FW
0xff4655e4,GetContinuousVRAMDataWithRingBuffer_FW
0xff1ada9c,GetCrawDataAddr_FW
0xff46236c,GetCrwImageInfo_FW
0xff4624bc,GetCrwInfoData_FW
0xff3332ac,GetCurrentAdjImgDriveType_FW
0xff1ae2a0,GetCurrentAvCoefficient_FW
0xff08f07c,GetCurrentAvValue
0xff08f07c,GetCurrentAvValue_FW
0xff0ba88c,GetCurrentCaptureModeType_FW
0xff3337b8,GetCurrentCcdTemp_FW
0xff0d3e44,GetCurrentDriveBaseSvValue
0xff4685d0,GetCurrentDriveBaseSvValue_FW
0xff12829c,GetCurrentExposureTime_FW
0xff1da710,GetCurrentFocusLensPosition_FW
0xff1da710,GetCurrentFocusPosition_FW
0xff3332c4,GetCurrentImgDrvMode_FW
0xff08f268,GetCurrentIrisPosition_FW
0xff0a39e0,GetCurrentMachineTime
0xff1af308,GetCurrentMaximumLogSize_FW
0xff3337d8,GetCurrentOptTemp_FW
0xff127f10,GetCurrentShutterSpeed
0xff127f10,GetCurrentShutterSpeed_FW
0xff1da6a8,GetCurrentTargetDistance_FW
0xff3345e4,GetCurrentZoomLensDirection_FW
0xff1e03ec,GetCurrentZoomLensPoint_FW
0xff1e033c,GetCurrentZoomLensPosition_FW
0xff1e03ec,GetCurrentZoomPoint_FW
0xff1e033c,GetCurrentZoomPosition_FW
0xff36fe4c,GetCZFramingAssistAutoHighSpeed_FW
0xff36fe54,GetCZFramingAssistAutoLowSpeed_FW
0xff36fe44,GetCZFramingAssistStillSpeed_FW
0xff36fe34,GetCZMovieDefaultSpeed_FW
0xff36fe1c,GetCZMovieHighSpeed_FW
0xff36fe24,GetCZMovieLowSpeed_FW
0xff36fe2c,GetCZStillDefaultSpeed_FW
0xff36fe0c,GetCZStillHighSpeed_FW
0xff36fe14,GetCZStillLowSpeed_FW
0xff118fa4,GetDarkFixedFocusPosition_FW
0xff1f2430,GetDateAndTime_FW
0xff465efc,GetDay_FW
0xff082438,GetdccdFilterValue_FW
0xff08239c,GetdccdImage_FW
0xff488f70,GetDcmSpeedLog_FW
0xff07c558,GetDCPAdjOffset_FW
0xff2afe64,GetDefectAllResultData_FW
0xff2afde0,GetDefectCrawInfo_FW
0xff2b0604,GetDefectErrorInfo_FW
0xff2afff4,GetDefectHistgramInfo_FW
0xff2afeb0,GetDefectPartResultData_FW
0xff2b00b8,GetDefectRecParamForCorrelationTest_FW
0xff2b054c,GetDefectTurnTableParam_FW
0xff2b0030,GetDefectTvAdj_FW
0xff02c3b0,GetDialEventId_FW
0xff09407c,GetDISModeParameter_FW
0xff373550,GetDISModeParamType_FW
0xff3737e8,GetDisSupportStatus_FW
0xff030790,GetDrive_ClusterSize
0xff030efc,GetDrive_FreeClusters
0xff030ed0,GetDrive_TotalClusters
0xff188e9c,GetDriverInfoEvent_FW
0xff466538,GetEFUSEData_FW
0x006b8390,GetEventFlagValue
0xff4637c0,GetExStrobeID_FW
0xff319930,GetFaceAuthBinAddr_FW
0xff319938,GetFaceAuthBinSize_FW
0xff0a7df4,GetFirmwareVersion_FW
0xff09421c,GetFixedPWMOutA_FW
0xff094224,GetFixedPWMOutB_FW
0xff1dac4c,GetFocusDefaultResetPosition_FW
0xff1dab38,GetFocusLensAvCoefficient_FW
0xff371174,GetFocusLensCarrierFrequency_FW
0xff362b4c,GetFocusLensCurrentPosition_FW
0xff362b50,GetFocusLensCurrentPositionWithMotor_FW
0xff362b54,GetFocusLensDriveVoltage_FW
0xff36004c,GetFocusLensFinalStopSettingTime_FW
0xff362c08,GetFocusLensGainSlope_FW
0xff362bc0,GetFocusLensHoldVoltage_FW
0xff36ff28,GetFocusLensIrisCoefficient_FW
0xff370f7c,GetFocusLensLoadCamTable_FW
0xff370efc,GetFocusLensLoadSubjectDistance_FW
0xff371060,GetFocusLensMoveMaxPosition_FW
0xff371078,GetFocusLensMoveMinPosition_FW
0xff371094,GetFocusLensMoveRangeOfTelePoint_FW
0xff370ef4,GetFocusLensPositionRatio_FW
0xff1da2c0,GetFocusLensPullInMaxSpeed_FW
0xff362238,GetFocusLensResetDefaultPosition_FW
0xff362228,GetFocusLensResetPosition_FW
0xff489dd4,GetFocusLensResetVoltage_FW
0xff1da6a8,GetFocusLensSubjectDistance
0xff370ed0,GetFocusLensSubjectDistance_FW
0xff370eec,GetFocusLensSubjectDistanceNumber_FW
0xff1dea18,GetFocusPiSensorLevel_FW
0xff1dabe0,GetFocusResetPosition_FW
0xff09044c,GetFocusStartZoomPosition_FW
0xff4626b4,GetFrameRateWithApex_FW
0xff466000,GetFromCountOfRom_FW
0xff093d08,GetGyro10BitDACPitch_FW
0xff093d14,GetGyro10BitDACYaw_FW
0xff093ca0,GetGyroDataPitch_FW
0xff093cc8,GetGyroDataYaw_FW
0xff373a28,GetGyroFilterCharge_FW
0xff46c900,GetGyroFilterChargeStatus_FW
0xff093d20,GetGyroHPFINOffsetPitch_FW
0xff093d2c,GetGyroHPFINOffsetYaw_FW
0xff093d38,GetGyroHPFINPitch_FW
0xff093d44,GetGyroHPFINYaw_FW
0xff465f24,GetHour_FW
0xff338974,getImageDirName
0xff1b5dfc,GetImageFolder
0xff07387c,GetInputAverageLevel_FW
0xff0a7e70,GetInternalFirmwareVersion_FW
0xff08f07c,GetIrisAv_FW
0xff3717f4,GetIrisAvHysteresisOfPosition_FW
0xff08f268,GetIrisCurrentPosition_FW
0xff1dd988,GetIrisDriveVoltage_FW
0xff1dd998,GetIrisDriveVoltageLow_FW
0xff1dd9dc,GetIrisHoldVoltage_FW
0xff1ae2c4,GetIrisPRResetPosition_FW
0xff1dd9bc,GetIrisSettingWaitVoltage_FW
0xff1dc628,GetIrisSpecClosePosition_FW
0xff1dc618,GetIrisSpecOpenPosition_FW
0xff3737f0,GetISCenterDrivebyAxisType_FW
0xff3735c8,GetISCenterShiftA_FW
0xff3735e4,GetISCenterShiftB_FW
0xff3733e8,GetISCrossTalkComp_FW
0xff46c93c,GetISCrossTalkCompCoeff_FW
0xff372f3c,GetISDriveAaxis_FW
0xff372f5c,GetISDriveBaxis_FW
0xff373a48,GetISFirmVersion_FW
0xff46c768,GetISGyro10BitDACPitch_FW
0xff46c770,GetISGyro10BitDACYaw_FW
0xff46c748,GetISGyroData_FW
0xff46c738,GetISGyroDataPitch_FW
0xff46c740,GetISGyroDataYaw_FW
0xff373888,GetISGyroGainAaxis_FW
0xff3738a8,GetISGyroGainBaxis_FW
0xff3738c8,GetISGyroGainbyAxisType_FW
0xff46c780,GetISGyroHPFINOffsetPitch_FW
0xff46c788,GetISGyroHPFINOffsetYaw_FW
0xff46c750,GetISGyroHPFINPitch_FW
0xff46c758,GetISGyroHPFINYaw_FW
0xff46c778,GetISGyroOffset10BitDACData_FW
0xff46c790,GetISGyroOffsetHPFINData_FW
0xff46ca50,GetISGyroPitchGain_FW
0xff46caa4,GetISGyroYawGain_FW
0xff3732d8,GetISHallAmpFirstGain_FW
0xff46ca08,GetISHallDevicePitchGain_FW
0xff46c9f0,GetISHallDevicePitchOffset_FW
0xff46ca10,GetISHallDeviceYawGain_FW
0xff46c9f8,GetISHallDeviceYawOffset_FW
0xff373050,GetISHallGainAaxis_FW
0xff373070,GetISHallGainBaxis_FW
0xff373090,GetISHallGainbyAxisType_FW
0xff372fbc,GetISHallOffsetAaxis_FW
0xff372fdc,GetISHallOffsetBaxis_FW
0xff372ffc,GetISHallOffsetbyAxisType_FW
0xff373030,GetISHallOffsetDacBitNum_FW
0xff46caf8,GetISHallOffsetDAConvertValue_FW
0xff46c618,GetISHallOffsetDACValue_FW
0xff373238,GetISHallOut1Amp_FW
0xff37325c,GetISHallOut2Amp_FW
0xff46c760,GetISHPFINGyroData_FW
0xff46c600,GetISLens1stHallAmpValue_FW
0xff46c638,GetISLensCorrectedEViAaxis_FW
0xff46c644,GetISLensCorrectedEViBaxis_FW
0xff46c650,GetISLensDampAaxis_FW
0xff46c658,GetISLensDampBaxis_FW
0xff46ca30,GetISLensDriveValue_FW
0xff46c620,GetISLensEViAaxis_FW
0xff46c62c,GetISLensEViBaxis_FW
0xff46caac,GetISLensGyroGain_FW
0xff46ca18,GetISLensHallGain_FW
0xff46ca00,GetISLensHallOffset_FW
0xff46ca48,GetISLensPositionValue_FW
0xff373a98,GetISParamVersion_FW
0xff46ca20,GetISPitchPWM_FW
0xff372f7c,GetISPositionAaxis_FW
0xff372f9c,GetISPositionBaxis_FW
0xff093734,GetISPWMFreqData_FW
0xff093734,GetISPWMFrequency_FW
0xff093738,GetISPWMPeriod_FW
0xff46ca38,GetISShiftLensPitchPosition_FW
0xff46ca40,GetISShiftLensYawPosition_FW
0xff46ca28,GetISYawPWM_FW
0xff071314,GetKbdState
0xff466408,GetLastVBatADLevel_FW
0xff1896d0,GetLatestHVPosition_FW
0xff02c3b8,GetLcdPosition_FW
0xff1de15c,GetLensErrorStatus_FW
0xff1af2b4,GetLogData_FW
0xff1af2bc,GetLogDataOnlyAddMemory_FW
0xff0ab89c,GetLogicalEventName_FW
0xff0a2094,GetLogToFile_FW
0xff46c8c0,GetLoopGain_FW
0xff3733b4,GetLoopGainAdjValue_FW
0xff373338,GetLoopGainCalcData_FW
0xff46c864,GetLoopGainCalcData_FW
0xff373b54,GetLPFParallelBest_FW
0xff462530,GetLvMagWindowInfo_FW
0xff373da4,GetMacroISAngleAndVelocityA_FW
0xff373dd4,GetMacroISAngleAndVelocityB_FW
0xff46c990,GetMacroISEstimateRadius_FW
0xff46c998,GetMacroISEstimateVelocity_FW
0xff373cec,GetMacroISEstimRadiusA_FW
0xff373d08,GetMacroISEstimRadiusB_FW
0xff46c964,GetMacroISGain_FW
0xff373d34,GetMacroISGainA_FW
0xff373d50,GetMacroISGainB_FW
0xff0490b4,GetMacroSupportZoomPoint_FW
0xff1f1b60,GetMechaAdjParamData_FW
0xff090458,GetMechaCondition_FW
0xff373a70,GetMechaDSPVersion_FW
0xff371d5c,GetMechaShutterCloseDacSetting_FW
0xff1dfdd8,GetMechaShutterMoveTime_FW
0xff371dac,GetMechaShutterOpenDacSetting_FW
0xff1dfe00,GetMechaShutterStatus_FW
0xff023450,GetMemInfo
0xff465f4c,GetMinute_FW
0xff333ba4,GetModeDialName_FW
0xff333ae8,GetModeDialState_FW
0xff04caac,GetMontblancVSize_FW
0xff465ed0,GetMonth_FW
0xff3737c8,GetMoveEdgeWaitTime_FW
0xff04fab0,GetMovieJpegVRAMHPixelsSize_FW
0xff04fabc,GetMovieJpegVRAMVPixelsSize_FW
0xff466ae4,GetMShutterDacValue_FW
0xff466af4,GetMShutterStatus_FW
0xff333f74,GetNFCOptUnitAssemblyAreaData_FW
0xff333ce0,GetNFCSystemAreaData_FW
0xff333e68,GetNFCUserAreaData_FW
0xff073888,GetNowInputAverageLevel_FW
0x006b87f0,GetNumberOfPostedMessages
0xff4684c8,GetObClampValue_FW
0xff1ad33c,GetOnlyAEIntegData_FW
0xff0750f4,GetOpticalMilliTemperature_FW
0xff074f3c,GetOpticalTemperature
0xff074f3c,GetOpticalTemperature_FW
0xff20ac54,GetParameterData
0xff465548,GetPixelsOfViewangle_FW
0xff02c3d0,GetPopupOpen_FW
0xff07cb3c,GetProductID_FW
0xff0a99a8,GetPropertyCase
0xff1f23a8,GetPropertyCase_FW
0xff4623f8,GetRawBufferAdd_FW
0xff071690,GetRomID_FW
0xff02c384,GetSDDetect_FW
0xff02c38c,GetSDProtect
0xff02c38c,GetSDProtect_FW
0xff465f74,GetSecond_FW
0xff0ab338,GetSelfControllerHandle_FW
0x006b7c00,GetSemaphoreValue
0xff4685c8,GetSensorPreGain_FW
0xff46265c,GetShutterSpeedRegularMaxLimit_FW
0xff462678,GetShutterSpeedRegularMinLimit_FW
0xff373728,GetSlowWaitTime_FW
0x006b569c,GetSRAndDisableInterrupt
0xff0a8ac4,GetStringWithPrompt_FW
0xff464d64,GetSumYOfVRAMCenterLine_FW
0xff02c318,GetSwitchStatus_FW
0xff3781d8,GetSystemTime
0xff3781d8,GetSystemTime_FW
0xff0826d0,GetTestRecCrawAddress_FW
0xff06f0d8,GetTimeFromRTC
0xff1f1f8c,GetTimeFromRTC_FW
0x006b9360,GetTimeOfSystem_FW
0xff333848,GetTotalShootCount_FW
0xff335564,GetTransparentMemory_FW
0xff3355a8,GetTransparentMemoryPosition_FW
0xff335554,GetTransparentMemorySize_FW
0xff08df44,GetUsableAvRange
0xff1ae1f8,GetUsableMaxAv
0xff1ae1f8,GetUsableMaxAv_FW
0xff1ae1dc,GetUsableMinAv
0xff1ae1dc,GetUsableMinAv_FW
0xff46264c,GetUserSetShutterSPeed_FW
0x006b8c70,GetValidSystemCalender
0xff02b14c,GetVBatVoltage_FW
0xff4643f4,GetVideoOutType
0xff4643f4,GetVideoOutType_FW
0xff04fa98,GetVRAMHPixelsSize
0xff04fa98,GetVRAMHPixelsSize_FW
0xff04faa4,GetVRAMVPixelsSize
0xff04faa4,GetVRAMVPixelsSize_FW
0xff2b05bc,GetWaitTemperatureDriveType_FW
0xff3736ec,GetWaitTime_FW
0xff3336a8,GetWLANEepromNum_FW
0xff3335e8,GetWLANMACAddress_FW
0xff465ea0,GetYear_FW
0xff36702c,GetZoomActuatorCurrentPosition_FW
0xff366f90,GetZoomActuatorSpeedPPS_FW
0xff48b27c,GetZoomAmpereLimitOffTime_FW
0xff335058,GetZoomDefaultCommonDriveParam_FW
0xff334e38,GetZoomDefaultDriveParam_FW
0xff1e1128,GetZoomDrivingTime_FW
0xff1e03ec,GetZoomLensCurrentPoint
0xff1e03ec,GetZoomLensCurrentPoint_FW
0xff368328,GetZoomLensCurrentPosition
0xff1e033c,GetZoomLensCurrentPosition_FW
0xff3721a4,GetZoomLensDriveAmpereDac_FW
0xff1e21d0,GetZoomLensDriveResetAmpereDac_FW
0xff1e1124,GetZoomLensMechaEdgePosition_FW
0xff1e1150,GetZoomLensMinimumSpeedMoveLimitTime_FW
0xff3342cc,GetZoomLensResetPlus_FW
0xff1e08ec,GetZoomLensTelePoint_FW
0xff334ff8,GetZoomNormalDriveParam_FW
0xff1e22cc,GetZoomPiChangePosition_FW
0xff1e209c,GetZoomPiDefaultPosition_FW
0xff1de9d0,GetZoomPiSensorLevel_FW
0xff334f98,GetZoomResetDriveParam_FW
0xff1e20c4,GetZoomResetSensorLevel_FW
0xff3721ec,GetZoomResetWidePosition_FW
0xff372204,GetZoomSinkPosition_FW
0xff1e08ec,GetZoomTelePoint_FW
0x006b7bb0,GiveSemaphore
0x006b7bb0,GiveSemaphore_FW
0xff0aefe0,GUISrv_StartGUISystem
0xff0aefe0,GUISrv_StartGUISystem_FW
0xff158214,handle_PTP_OC_0x9038
0xff158300,handle_PTP_OC_0x9039
0xff1583f4,handle_PTP_OC_0x903a
0xff1584b0,handle_PTP_OC_0x903b
0xff1584f0,handle_PTP_OC_0x904b
0xff157b00,handle_PTP_OC_0x904c
0xff15913c,handle_PTP_OC_0x9062
0xff154038,handle_PTP_OC_CANON_ChangeUSBProtocol
0xff152b34,handle_PTP_OC_CANON_CheckEvent
0xff15b0ac,handle_PTP_OC_CANON_DeleteRootCertificateData
0xff14dd0c,handle_PTP_OC_CANON_EOS_CancelTransfer
0xff14d208,handle_PTP_OC_CANON_EOS_DeleteObject
0xff14dedc,handle_PTP_OC_CANON_EOS_EndGetPartialObjectEx
0xff14d2ac,handle_PTP_OC_CANON_EOS_FormatStore
0xff1486bc,handle_PTP_OC_CANON_EOS_GetCameraSupport
0xff14e00c,handle_PTP_OC_CANON_EOS_GetCTGInfo
0xff148ba0,handle_PTP_OC_CANON_EOS_GetEvent
0xff14d128,handle_PTP_OC_CANON_EOS_GetObjectInfo
0xff14d694,handle_PTP_OC_CANON_EOS_GetObjectInfoEx
0xff14d484,handle_PTP_OC_CANON_EOS_GetPartialObject
0xff14dd5c,handle_PTP_OC_CANON_EOS_GetPartialObjectEx
0xff14ce38,handle_PTP_OC_CANON_EOS_GetStorageIDs
0xff14cf30,handle_PTP_OC_CANON_EOS_GetStorageInfo
0xff14d970,handle_PTP_OC_CANON_EOS_GetThumbEx
0xff14ff30,handle_PTP_OC_CANON_EOS_GetViewFinderData
0xff14cbbc,handle_PTP_OC_CANON_EOS_KeepDeviceOn
0xff14e43c,handle_PTP_OC_CANON_EOS_NotifyEstimateNumberofImport
0xff14e7d4,handle_PTP_OC_CANON_EOS_NotifyFinish
0xff14e4bc,handle_PTP_OC_CANON_EOS_NotifyNumberofImported
0xff14e56c,handle_PTP_OC_CANON_EOS_NotifySizeOfPartialDataTransfer
0xff14866c,handle_PTP_OC_CANON_EOS_PCHDDCapacity
0xff14fe98,handle_PTP_OC_CANON_EOS_RemoteReleaseOff
0xff14fd30,handle_PTP_OC_CANON_EOS_RemoteReleaseOn
0xff148970,handle_PTP_OC_CANON_EOS_RequestDevicePropValue
0xff14eaa0,handle_PTP_OC_CANON_EOS_RequestInnerDevelopEnd
0xff14e8a0,handle_PTP_OC_CANON_EOS_RequestInnerDevelopStart
0xff14cb6c,handle_PTP_OC_CANON_EOS_ResetUILock
0xff1487d4,handle_PTP_OC_CANON_EOS_SetDevicePropValueEx
0xff14ca3c,handle_PTP_OC_CANON_EOS_SetEventMode
0xff14dc08,handle_PTP_OC_CANON_EOS_SetObjectAttributes
0xff14e39c,handle_PTP_OC_CANON_EOS_SetRating
0xff14fc7c,handle_PTP_OC_CANON_EOS_SetRemoteMode
0xff14cc0c,handle_PTP_OC_CANON_EOS_SetRequestOLCInfoGroup
0xff14cb1c,handle_PTP_OC_CANON_EOS_SetUILock
0xff14dcbc,handle_PTP_OC_CANON_EOS_TransferComplete
0xff146b88,handle_PTP_OC_CANON_ExecuteEventProc
0xff146a94,handle_PTP_OC_CANON_GetEventProcReturnData
0xff14eb64,handle_PTP_OC_CANON_GetGpsMobilelinkObjectInfo
0xff157674,handle_PTP_OC_CANON_GetObjectAttributes
0xff157df8,handle_PTP_OC_CANON_GetObjectHandleByName
0xff158980,handle_PTP_OC_CANON_GetObjectInfoEx
0xff1573c4,handle_PTP_OC_CANON_GetPartialObjectEx
0xff157148,handle_PTP_OC_CANON_GetPartialObjectInfo
0xff15ae28,handle_PTP_OC_CANON_GetRootCertificateData
0xff15ad74,handle_PTP_OC_CANON_GetRootCertificateSpec
0xff146c60,handle_PTP_OC_CANON_InitiateEventProc0
0xff146c60,handle_PTP_OC_CANON_InitiateEventProc1
0xff146960,handle_PTP_OC_CANON_IsEventProcRunning
0xff159098,handle_PTP_OC_CANON_IsNeoKabotanProcMode
0xff1465d0,handle_PTP_OC_CANON_LoadTransparentMemory
0xff14fc04,handle_PTP_OC_CANON_PingRequest
0xff146704,handle_PTP_OC_CANON_QuerySizeOfTransparentMemory
0xff1462d8,handle_PTP_OC_CANON_QuickLoadTransparentMemory
0xff146458,handle_PTP_OC_CANON_SaveTransparentMemory
0xff14ed98,handle_PTP_OC_CANON_SendGpsTagInfo
0xff158c68,handle_PTP_OC_CANON_SendObjectByPath
0xff1577a4,handle_PTP_OC_CANON_SendObjectInfoByPath
0xff158ea8,handle_PTP_OC_CANON_SendPartialObject
0xff157710,handle_PTP_OC_CANON_SetObjectArchive
0xff157f34,handle_PTP_OC_CANON_SetObjectTime
0xff15af4c,handle_PTP_OC_CANON_SetRootCertificateData
0xff1461d4,handle_PTP_OC_CANON_TerminateEventProc_051
0xff1461d4,handle_PTP_OC_CANON_TerminateEventProc_05D
0xff053898,handle_PTP_OC_CloseSession
0xff157fac,handle_PTP_OC_DeleteObject
0xff158124,handle_PTP_OC_FormatStore
0xff152160,handle_PTP_OC_GetDevicePropDesc
0xff152040,handle_PTP_OC_GetDevicePropValue
0xff158684,handle_PTP_OC_GetNumObjects
0xff156bc0,handle_PTP_OC_GetObject
0xff158774,handle_PTP_OC_GetObjectHandles
0xff157068,handle_PTP_OC_GetObjectInfo
0xff156e18,handle_PTP_OC_GetPartialObject
0xff1561c8,handle_PTP_OC_GetStorageIDs
0xff1562c0,handle_PTP_OC_GetStorageInfo
0xff156d48,handle_PTP_OC_GetThumb
0xff145408,handle_PTP_OC_MTP_GetObjectPropDesc
0xff145828,handle_PTP_OC_MTP_GetObjectPropsSupported
0xff145190,handle_PTP_OC_MTP_GetObjectPropValue
0xff144b3c,handle_PTP_OC_MTP_GetObjPropList
0xff14506c,handle_PTP_OC_MTP_SetObjectPropValue
0xff05394c,handle_PTP_OC_OpenSession
0xff151c70,handle_PTP_OC_ResetDevicePropValue
0xff158c68,handle_PTP_OC_SendObject
0xff1577a4,handle_PTP_OC_SendObjectInfo
0xff151ec0,handle_PTP_OC_SetDevicePropValue
0xff156fc4,handle_PTP_OC_SetObjectProtection
0xff037ee8,HardwareDefect_FW
0xff46c2ec,HitISLensAgainstBottomEdge_FW
0xff46c304,HitISLensAgainstLeftEdge_FW
0xff46c31c,HitISLensAgainstRightEdge_FW
0xff46c2d4,HitISLensAgainstTopEdge_FW
0xff46c334,HitISLensToMechaEdge_FW
0xff46c6bc,HitISMechaEdgeInOpenControl_FW
0xff1f9c18,HwOcReadICAPCounter
0xff0201e4,icache_disable_and_flush
0xff0201bc,icache_flush_and_enable
0xff020384,icache_flush_range
0xff04ac70,ImagerActivate
0xff1af2d8,InactivateAdjLog_FW
0xff1f31c8,InitializeAdjustmentFunction_FW
0xff1f3158,InitializeAdjustmentSystem_FW
0xff081968,Initializedccd_FW
0xff2b04d0,InitializeDefectRec_FW
0xff081968,InitializeDigicon_FW
0xff335cdc,InitializeFAExtendFile_FW
0xff335cb4,InitializeFAGeneralTest_FW
0xff466b60,InitializeMechaDevice_FW
0xff369778,InitializeMechaUnitExeTest_FW
0xff333c10,InitializeNFCAdjustment_FW
0xff17284c,InitializePTPIPTransportResponder_FW
0xff333a68,InitializeSoundDevForRecEvent_FW
0xff335b04,InitializeSoundRec_FW
0xff080e94,InitializeTestRec_FW
0xff059480,InitializeWLAN_FW
0xff373e7c,ISActive_FW
0xff468760,IsAdjCdsMode_FW
0xff372de8,ISAutoCenter_FW
0xff36fe3c,IsAvailableCZSpeed_FW
0xff07522c,IsBatteryTemperature_FW
0xff0751f8,IsCCDTemperature_FW
0xff372e2c,ISChangeOPENtoCLOSE_FW
0xff0abfa0,IsControlEventActive_FW
0xff373ad8,ISControlStart_FW
0xff373ae8,ISControlStop_FW
0xff02d5e4,IsDUIDFixFlag_FW
0xff4644d0,IsEVFDrive_FW
0xff464a98,IsEvfDriveMode_FW
0xff4637d0,IsExStrobeChargeComp_FW
0xff02c97c,IsFAConnectUSB_FW
0xff02d564,IsFactoryMode_FW
0xff02c970,IsFAWLANRunning_FW
0xff37363c,ISFixedPWMOFF_FW
0xff373628,ISFixedPWMON_FW
0xff1dabbc,IsFocusLensOutSidePosition_FW
0xff02c3c8,IsHvSensorExist_FW
0xff092cc8,ISInitMotion_FW
0x006b8c90,IsInvalidTime
0xff090428,IsLensOutside_FW
0xff1af2fc,IsLogOutType_FW
0xff373280,ISMDStart_FW
0xff373290,ISMDStop_FW
0xff373e54,ISMemoryWrite_FW
0xff02d538,IsMountLens_FW
0xff372e10,ISMoveToMechaEdgeOPEN_FW
0xff02d62c,IsNormalCameraMode_FW
0xff319940,IsOKFaceAuthBinFile_FW
0xff0751c4,IsOpticalTemperature_FW
0xff373af8,ISPanModeStart_FW
0xff373b08,ISPanModeStop_FW
0xff0a20b8,IsRomLogAvailable_FW
0xff333bb8,IsSDDetect_FW
0xff0da8f0,IsStrobeChargeCompleted
0xff1e25a4,IsUnitFirmMode_FW
0xff061fa8,IsWirelessConnect
0xff366750,IsZoomActuatorResetSensorPlusSide_FW
0xff1e0d04,IsZoomLensOutSidePosition_FW
0xff1acb0c,j_AbortAEIntegralValue_FW
0xff1f1ea0,j_BeepDrive_FW
0xff1f1ea4,j_BeepDriveComp_FW
0xff4624b8,j_ClearImageDrive_FW
0xff333fcc,j_ClearNFCOptUnitAssemblyAreaData_FW
0xff333c1c,j_ClearNFCSystemArea_FW
0xff07c058,j_CreateUserSettingMirror_FW
0xff11ca04,j_E2LatOn_FW
0xff2b8ca0,j_EF.GetAdjustPreSvOffset_FW
0xff2b8ca4,j_EF.GetEFModExamDriveType_FW
0xff2b8db0,j_EF.IsChargeFull_FW
0xff2b8ca8,j_EF.IsIrisTypeKosaiShibori_FW
0xff1f2558,j_exec_FW
0xff082788,j_Executedccd_FW
0xff082784,j_ExecuteDigicon_FW
0xff1773cc,j_ExecuteShutDownPropertyService_FW
0xff027a5c,j_ExMem.AllocCacheable_FW
0xff027a54,j_ExMem.AllocUncacheable_FW
0xff027a60,j_ExMem.FreeCacheable_FW
0xff027a58,j_ExMem.FreeUncacheable_FW
0xff027a50,j_ExMem.View_FW
0xff1f1e9c,j_GetAdChValue_FW
0xff07b6d8,j_GetAdjTableVersion_FW
0xff1f1e98,j_GetAdVBattBottom_FW
0xff1ad058,j_GetAEIntegWinData_FW
0xff11c058,j_GetBaseSv
0xff1f1f80,j_GetBatteryCoverClose_FW
0xff075290,j_GetBatteryMilliTemperature_FW
0xff075284,j_GetBatteryTemperature_FW
0xff3340f0,j_GetBatteryVoltage_FW
0xff333844,j_GetCameraInformationData_FW
0xff07528c,j_GetCCDMilliTemperature_FW
0xff075280,j_GetCCDTemperature_FW
0xff468518,j_GetCdsGainValue_FW
0xff1ae2b8,j_GetCurrentAvCoefficient_FW
0xff1adf68,j_GetCurrentAvValue_FW
0xff3337d4,j_GetCurrentCcdTemp_FW
0xff4685f0,j_GetCurrentDriveBaseSvValue_FW
0xff462560,j_GetCurrentExposureTime_FW
0xff468884,j_GetCurrentFocusLensPosition_FW
0xff468884,j_GetCurrentFocusPosition_FW
0xff1ae218,j_GetCurrentIrisPosition_FW
0xff333804,j_GetCurrentOptTemp_FW
0xff46256c,j_GetCurrentShutterSpeed_FW
0xff468828,j_GetCurrentTargetDistance_FW
0xff334600,j_GetCurrentZoomLensDirection_FW
0xff3345e0,j_GetCurrentZoomLensPoint_FW
0xff3345d8,j_GetCurrentZoomLensPosition_FW
0xff3345e0,j_GetCurrentZoomPoint_FW
0xff3345d8,j_GetCurrentZoomPosition_FW
0xff082790,j_GetdccdFilterValue_FW
0xff08278c,j_GetdccdImage_FW
0xff466520,j_GetDCPAdjOffset_FW
0xff1f1f78,j_GetDialEventId_FW
0xff46c914,j_GetDISModeParameter_FW
0xff1f1f88,j_GetDriverInfoEvent_FW
0xff46654c,j_GetEFUSEData_FW
0xff373688,j_GetFixedPWMOutA_FW
0xff37368c,j_GetFixedPWMOutB_FW
0xff468818,j_GetFocusDefaultResetPosition_FW
0xff3712f8,j_GetFocusLensAvCoefficient_FW
0xff370ec0,j_GetFocusLensCurrentPosition_FW
0xff370ec4,j_GetFocusLensCurrentPositionWithMotor_FW
0xff370fa8,j_GetFocusLensDriveVoltage_FW
0xff371414,j_GetFocusLensFinalStopSettingTime_FW
0xff371024,j_GetFocusLensGainSlope_FW
0xff370fe4,j_GetFocusLensHoldVoltage_FW
0xff371090,j_GetFocusLensPullInMaxSpeed_FW
0xff370ecc,j_GetFocusLensResetDefaultPosition_FW
0xff370ec8,j_GetFocusLensResetPosition_FW
0xff371020,j_GetFocusLensResetVoltage_FW
0xff371b30,j_GetFocusPiSensorLevel_FW
0xff468820,j_GetFocusResetPosition_FW
0xff3718f0,j_GetFocusStartZoomPosition_FW
0xff37393c,j_GetGyro10BitDACPitch_FW
0xff373940,j_GetGyro10BitDACYaw_FW
0xff3738fc,j_GetGyroDataPitch_FW
0xff373900,j_GetGyroDataYaw_FW
0xff37397c,j_GetGyroHPFINOffsetPitch_FW
0xff373980,j_GetGyroHPFINOffsetYaw_FW
0xff373984,j_GetGyroHPFINPitch_FW
0xff373988,j_GetGyroHPFINYaw_FW
0xff3715e0,j_GetIrisAv_FW
0xff3715e4,j_GetIrisCurrentPosition_FW
0xff3716e4,j_GetIrisDriveVoltage_FW
0xff3716fc,j_GetIrisDriveVoltageLow_FW
0xff37172c,j_GetIrisHoldVoltage_FW
0xff371714,j_GetIrisSettingWaitVoltage_FW
0xff3716e0,j_GetIrisSpecClosePosition_FW
0xff3716dc,j_GetIrisSpecOpenPosition_FW
0xff46cb14,j_GetISPWMFreqData_FW
0xff3736b8,j_GetISPWMFrequency_FW
0xff3736bc,j_GetISPWMPeriod_FW
0xff1f1f7c,j_GetLcdPosition_FW
0xff3718ec,j_GetLensErrorStatus_FW
0xff118f80,j_GetMacroSupportZoomPoint_FW
0xff3719b8,j_GetMechaCondition_FW
0xff371df8,j_GetMechaShutterMoveTime_FW
0xff371df4,j_GetMechaShutterStatus_FW
0xff46567c,j_GetMovieJpegVRAMHPixelsSize_FW
0xff465684,j_GetMovieJpegVRAMVPixelsSize_FW
0xff466af8,j_GetMShutterStatus_FW
0xff4684e8,j_GetObClampValue_FW
0xff075288,j_GetOpticalMilliTemperature_FW
0xff07527c,j_GetOpticalTemperature_FW
0xff1f1fac,j_GetPopupOpen_FW
0xff1f1f60,j_GetSDDetect_FW
0xff1f1f64,j_GetSDProtect_FW
0xff462674,j_GetShutterSpeedRegularMaxLimit_FW
0xff462690,j_GetShutterSpeedRegularMinLimit_FW
0xff1f1f4c,j_GetSwitchStatus_FW
0xff333910,j_GetTotalShootCount_FW
0xff1ae210,j_GetUsableMaxAv_FW
0xff1ae1f4,j_GetUsableMinAv_FW
0xff466410,j_GetVBatVoltage_FW
0xff46447c,j_GetVideoOutType_FW
0xff464dd0,j_GetVRAMHPixelsSize_FW
0xff464dd8,j_GetVRAMVPixelsSize_FW
0xff366f9c,j_GetZoomActuatorCurrentPosition_FW
0xff3722c8,j_GetZoomAmpereLimitOffTime_FW
0xff334714,j_GetZoomDrivingTime_FW
0xff37226c,j_GetZoomLensCurrentPoint_FW
0xff372270,j_GetZoomLensCurrentPosition_FW
0xff3721cc,j_GetZoomLensDriveResetAmpereDac_FW
0xff372278,j_GetZoomLensMechaEdgePosition_FW
0xff3722e0,j_GetZoomLensMinimumSpeedMoveLimitTime_FW
0xff335144,j_GetZoomLensResetPlus_FW
0xff372274,j_GetZoomLensTelePoint_FW
0xff3353e4,j_GetZoomPiChangePosition_FW
0xff3353e0,j_GetZoomPiDefaultPosition_FW
0xff371b54,j_GetZoomPiSensorLevel_FW
0xff3346d4,j_GetZoomResetSensorLevel_FW
0xff3346cc,j_GetZoomTelePoint_FW
0xff08277c,j_Initializedccd_FW
0xff08277c,j_InitializeDigicon_FW
0xff1f1a10,j_InitializeMechaUnitExeTest_FW
0xff335b80,j_InitializeSoundRec_FW
0xff082530,j_InitializeTestRec_FW
0xff333410,j_InitializeWLAN_FW
0xff07529c,j_IsBatteryTemperature_FW
0xff075298,j_IsCCDTemperature_FW
0xff4644f8,j_IsEVFDrive_FW
0xff468db8,j_IsFocusLensOutSidePosition_FW
0xff1f1f84,j_IsHvSensorExist_FW
0xff3718e8,j_IsLensOutside_FW
0xff075294,j_IsOpticalTemperature_FW
0xff333c08,j_IsSDDetect_FW
0xff1f1a18,j_IsUnitFirmMode_FW
0xff366fa0,j_IsZoomActuatorResetSensorPlusSide_FW
0xff334ab4,j_IsZoomLensOutSidePosition_FW
0xff11dbe0,j_j_GetBaseSv
0xff3335c8,j_LeaveWLANNetwork_FW
0xff2ddad8,j_LiveImageTool.GetDzoomPosition_FW
0xff1ae958,j_LoadDUIDCheckSum_FW
0xff466314,j_LoadFactoryNumber_FW
0xff4663fc,j_LoadSerialNumber_FW
0xff1f24dc,j_MemoryChecker_FW
0xff1f24d8,j_MonSelEvent_FW
0xff027a4c,j_NewTaskShell_FW
0xff035db0,j_OpLog.WriteToROM_FW
0xff1f2540,j_Peek16_FW
0xff1f253c,j_Peek32_FW
0xff1f2544,j_Peek8_FW
0xff1f24d4,j_Printf_FW
0xff0adcbc,j_PTM_AllReset_FW
0xff0ae20c,j_PTM_BackupUIProperty_FW
0xff0ae158,j_PTM_GetWorkingCaptureMode_FW
0xff0ae1ec,j_PTM_IsEnableItem_FW
0xff0ae1d4,j_PTM_NextItem_FW
0xff0ae1d8,j_PTM_PrevItem_FW
0xff0ae15c,j_PTM_SetCurrentItem_FW
0xff0ae1f4,j_PTM_SetProprietyEnable_FW
0xff0279cc,j_PutsCameraLogEvent_FW
0xff0274c8,j_Read_FW
0xff463a78,j_RegistColorMatrix_FW
0xff466618,j_RegistFirmVer_FW
0xff466af0,j_ReloadMechaShutterAdjustment_FW
0xff333c64,j_ResetNFCSystemArea_FW
0xff1f24e4,j_SDump_FW
0xff0279c0,j_ShowCameraLog_FW
0xff0279c4,j_ShowCameraLogInfo_FW
0xff1f308c,j_SS.GetDigitalZoomPosition_FW
0xff0279bc,j_StartCameraLog_FW
0xff372e0c,j_StartISLocalAutoCenter_FW
0xff372e08,j_StartISLocalHallAdjust_FW
0xff1ad618,j_StopAEIntegralService_FW
0xff0279c8,j_StopCameraLog_FW
0xff024f00,j_strcmp_FW
0xff082780,j_Terminatedccd_FW
0xff082780,j_TerminateDigicon_FW
0xff1f1a14,j_TerminateMechaUnitExeTest_FW
0xff335b84,j_TerminateSoundRec_FW
0xff082534,j_TerminateTestRec_FW
0xff333414,j_TerminateWLAN_FW
0xff20b680,j_UIFS_CancelStoreLensTimer_FW
0xff20b280,j_UIFS_Capture_FW
0xff20b284,j_UIFS_CaptureNoneStop_FW
0xff20b2b8,j_UIFS_GetMovieRecoadableNumber_FW
0xff20b674,j_UIFS_GetNumberOfDisplayedImage_FW
0xff20b23c,j_UIFS_GetNumOfOptZoomPos_FW
0xff20b2bc,j_UIFS_GetStillShotableNumber_FW
0xff20b63c,j_UIFS_IsAvailableShots_FW
0xff20b234,j_UIFS_MoveZoomTo_FW
0xff20b238,j_UIFS_MoveZoomToPositionWithTaskSwCtrlServ_FW
0xff20b678,j_UIFS_PlayTrimExecuteAllImageSize_FW
0xff20b670,j_UIFS_StartMoviePlay_FW
0xff20b288,j_UIFS_StartMovieRecord_FW
0xff20b28c,j_UIFS_StopMovieRecord_FW
0xff20b67c,j_UIFS_WirelessExecuteSendForever_FW
0xff20b2b4,j_UIFS_WriteFirmInfoToFile_FW
0xff1f1eb4,j_VbattGet_FW
0xff1f24e0,j_VerifyByte_FW
0xff0274cc,j_Write_FW
0xff07c120,j_WRITEADJTABLETOFROM_FW
0xff334030,j_WriteNFCSystemAreaForOptUnitAssembly_FW
0xff333c38,j_WriteNFCUserArea_FW
0xff333440,JoinWLANNetwork_FW
0xff02c42c,kbd_p1_f
0xff02c438,kbd_p1_f_cont
0xff02bae8,kbd_p2_f
0xff02c3dc,kbd_read_keys
0xff070bac,kbd_read_keys_r2
0xff186304,LcdCon_GetLcdAdjParameter_FW
0xff185efc,LcdCon_GetLcdBackLightParameter_FW
0xff186540,LcdCon_GetLcdParameter_FW
0xff186394,LcdCon_SaveLcdAdjParameter_FW
0xff185f88,LcdCon_SaveLcdBackLightParameter_FW
0xff1865d0,LcdCon_SaveLcdParameter_FW
0xff186240,LcdCon_SetLcdAdjParameter_FW
0xff185e60,LcdCon_SetLcdBackLightBrightness_FW
0xff185e98,LcdCon_SetLcdBackLightParameter_FW
0xff1861cc,LcdCon_SetLcdDriver_FW
0xff1863b0,LcdCon_SetLcdParameter_FW
0xff186354,LcdCon_ShowLcdAdjParameter_FW
0xff185f48,LcdCon_ShowLcdBackLightParameter_FW
0xff186590,LcdCon_ShowLcdParameter_FW
0xff26a64c,LCDMsg_ChangeColor_FW
0xff26a880,LCDMsg_Create_FW
0xff26a730,LCDMsg_Delete_FW
0xff26a50c,LCDMsg_Move_FW
0xff26a5c0,LCDMsg_MoveRatio_FW
0xff26a3b4,LCDMsg_SetNum_FW
0xff26a26c,LCDMsg_SetStr_FW
0xff26a488,LCDMsg_SwDisp_FW
0xff26acec,LCDRect_ChangeColor_FW
0xff26aecc,LCDRect_Create_FW
0xff26afb0,LCDRect_Delete_FW
0xff26a988,LCDRect_Move_FW
0xff26aa54,LCDRect_MoveRatio_FW
0xff26ab48,LCDRect_Resize_FW
0xff26abfc,LCDRect_ResizeRatio_FW
0xff26adc0,LCDRect_SwDisp_FW
0xff059570,LeaveWLANNetwork_FW
0xff1f1eb8,LEDDrive
0xff1f1eb8,LEDDrive_FW
0xff2af904,LineDefDetect_FW
0xff2af9d4,LineKizuCheck_FW
0xff2ddaa0,LiveImageTool.ChangeDzoom_FW
0xff2ddaf8,LiveImageTool.Dister_FW
0xff2dda40,LiveImageTool.DzoomTele_FW
0xff2dda60,LiveImageTool.DzoomWide_FW
0xff04f66c,LiveImageTool.GetDzoomPosition_FW
0xff2ddadc,LiveImageTool.Jump_FW
0xff2dda90,LiveImageTool.Pause_FW
0xff2dda98,LiveImageTool.Resume_FW
0xff2dd934,LiveImageTool.StartEVF_FW
0xff2dd940,LiveImageTool.StartEVFFocusJet_FW
0xff2dd94c,LiveImageTool.StartEVFMF_FW
0xff2dd96c,LiveImageTool.StartEVFMovFULLHD30P_FW
0xff2dd980,LiveImageTool.StartEVFMovFULLHD60P_FW
0xff2dd958,LiveImageTool.StartEVFMovFULLHD_FW
0xff2dd9a8,LiveImageTool.StartEVFMovHD60P_FW
0xff2dd994,LiveImageTool.StartEVFMovHD_FW
0xff2dd9bc,LiveImageTool.StartEVFMovQVGA_FW
0xff2dd9d0,LiveImageTool.StartEVFMovQVGA_HS_FW
0xff2dd9d8,LiveImageTool.StartEVFMovVGA_FW
0xff2dd9ec,LiveImageTool.StartEVFMovVGA_HS_FW
0xff2dda80,LiveImageTool.StopDzoom_FW
0xff2dda00,LiveImageTool.StopEVF_FW
0xff07b7a0,LoadAdjustmentTable_FW
0xff07bc08,LoadAdjustmentValue_FW
0xff1ae410,LoadDataFromAdjTableBin_FW
0xff07b7b0,LoadDefectAdjTable_FW
0xff1ae93c,LoadDUID_FW
0xff1ae904,LoadDUIDCheckSum_FW
0xff1ae978,LoadFactoryAdjData_FW
0xff1ae9d4,LoadFactoryIDData_FW
0xff466234,LoadFactoryNumber_FW
0xff1ae9a4,LoadHistoryAdjData_FW
0xff1ae310,LoadParamDataFromAdjTableBin_FW
0xff0a4fb4,LoadScript_FW
0xff466318,LoadSerialNumber_FW
0x006b9ad8,LocalTime
0xff0ac4b4,LockMainPower
0xff0ac4b4,LockMainPower_FW
0xff035740,LogCameraEvent
0xff02752c,Lseek
0xff02752c,lseek
0xff02752c,Lseek_FW
0xff37831c,MakeBootDisk_FW
0xff2b04fc,MakeDefectTurnTable_FW
0xff378330,MakeScriptDisk_FW
0xff031404,MakeSDCardBootable
0xff02502c,malloc
0xff037fcc,malloc_strictly
0xff2b0028,MarkPointDefData_FW
0xff1f1a78,Mecha.Create_FW
0xff373e04,MechaCPUMemoryDump_FW
0xff373e28,MechaCPUMemoryWrite_FW
0xff1f1aec,MechaReset_FW
0xff1f1af8,MechaTerminate_FW
0xff1f1a1c,MechaUnRegisterEventProcedure_FW
0xff024e04,memcmp
0xff024e04,memcmp_FW
0xff0c1dec,memcpy
0xff0c1dec,memcpy_FW
0xff3771c4,MemoryChecker_FW
0xff2a5a9c,memset
0xff2a5a9c,memset_FW
0xff020b34,memShow_FW
0xff033080,MenuIn
0xff0330f4,MenuOut
0xff2af4ec,MergeAndConvertDefect_FW
0xff2afbd4,MixPixDetect_FW
0xff0277ac,mkdir
0xff0c157c,mktime_ext
0xff1f2414,mod_FW
0xff378258,MonSelEvent_FW
0xff334c40,MoveComputerZoomToPoint_FW
0xff334c80,MoveComputerZoomToPointWithSpeed_FW
0xff0ab1f8,MoveControllerToTopOfZOrder_FW
0xff08d580,MoveCzPeakPositon_FW
0xff36fd08,MoveCZToPoint_FW
0xff36fda8,MoveCZToPointByOVF_FW
0xff36fd78,MoveCZToTele_FW
0xff36fd48,MoveCZToWide_FW
0xff489138,MoveDCMotorCCW_FW
0xff4890b8,MoveDCMotorCW_FW
0xff370854,MoveFocusActuator_FW
0xff468bd0,MoveFocusDistance_FW
0xff3711cc,MoveFocusLensChangeCarrierFrequency_FW
0xff468bd0,MoveFocusLensToDistance
0xff468bd0,MoveFocusLensToDistance_FW
0xff468ab4,MoveFocusLensToPosition_FW
0xff46899c,MoveFocusLensToPositionWithMaxSpeed_FW
0xff4689e4,MoveFocusLensToPositionWithSpeed_FW
0xff37001c,MoveFocusLensToTerminate_FW
0xff4688b4,MoveFocusLensToTerminatePosition_FW
0xff370078,MoveFocusLensToTerminateWithKeepExciting_FW
0xff3706a8,MoveFocusLensTowardPosition_FW
0xff3700d4,MoveFocusLensWithDistance_FW
0xff370318,MoveFocusLensWithFinalPosition_FW
0xff370520,MoveFocusLensWithFinalPositionWithNonStepOutWithoutBacklash_FW
0xff3705e4,MoveFocusLensWithFinalPositionWithoutBacklash_FW
0xff370190,MoveFocusLensWithPosition_FW
0xff3703e8,MoveFocusLensWithPositionImmediateReturn_FW
0xff37076c,MoveFocusLensWithPositionWithCompBacklash_FW
0xff370254,MoveFocusLensWithPositionWithNonStepOut_FW
0xff37045c,MoveFocusLensWithPositionWithoutBacklash_FW
0xff468b04,MoveFocusPosition_FW
0xff4688b4,MoveFocusToTerminate_FW
0xff1ae068,MoveIrisFullClose_FW
0xff1ae030,MoveIrisFullOpen_FW
0xff1ae110,MoveIrisMechaPositionWithBacklash_FW
0xff1ae150,MoveIrisMechaPositionWithoutBacklash_FW
0xff1adf18,MoveIrisToAv_FW
0xff1ae190,MoveIrisToAvWithoutBacklash_FW
0xff3715b8,MoveIrisToFullClose_FW
0xff371590,MoveIrisToFullOpen_FW
0xff371534,MoveIrisToPositionWithBacklash_FW
0xff37161c,MoveIrisToPositionWithoutBacklash_FW
0xff371494,MoveIrisToStandbyPosition_FW
0xff371568,MoveIrisToTerminatePosition_FW
0xff3714bc,MoveIrisWithAv
0xff3714bc,MoveIrisWithAv_FW
0xff37176c,MoveIrisWithAvAndAvSpeed_FW
0xff3717b0,MoveIrisWithAvAndAvSpeedWithoutBacklash_FW
0xff3714f0,MoveIrisWithAvAndSpeed_FW
0xff371650,MoveIrisWithAvAndSpeedWithoutBacklash_FW
0xff3715e8,MoveIrisWithAvWithoutBacklash_FW
0xff1ae0d8,MoveIrisWithTerminatePosition_FW
0xff46c37c,MoveISLensToBottomLimitPosition_FW
0xff46cae8,MoveISLensToCentralPosition_FW
0xff46c364,MoveISLensToLeftLimitPosition_FW
0xff46c3ac,MoveISLensToLimitPosition_FW
0xff46c34c,MoveISLensToRightLimitPosition_FW
0xff46c394,MoveISLensToTopLimitPosition_FW
0xff371860,MoveLensToFirstPoint_FW
0xff3718b0,MoveLensToTerminatePoint_FW
0xff031f38,MoveOpticalZoomAt
0xff366f28,MoveZoomActuator_FW
0xff37210c,MoveZoomLensToMechaEdge_FW
0xff3351e0,MoveZoomLensToMechaEnd_FW
0xff334c00,MoveZoomLensToPoint_FW
0xff334bc0,MoveZoomLensToPosition_FW
0xff3352ec,MoveZoomLensToPositionByManual_FW
0xff372094,MoveZoomLensToTerminatePosition_FW
0xff371f88,MoveZoomLensWithPoint
0xff371f88,MoveZoomLensWithPoint_FW
0xff371fd4,MoveZoomLensWithPointImmediateReturn_FW
0xff372024,MoveZoomLensWithPosition_FW
0xff372354,MoveZoomLensWithPositionAndSpeedChange_FW
0xff372070,MoveZoomLensWithPositionStart_FW
0xff334c00,MoveZoomPoint_FW
0xff334bc0,MoveZoomPosition_FW
0xff0fbec8,MovieAF.Resume_FW
0xff0fbeb4,MovieAF.Suspend_FW
0xff0375e4,NewTaskShell
0xff037644,NewTaskShell_FW
0xff051364,NFCEvt.Create_FW
0xff0512d0,NFCEvt.IsNfcStart_FW
0xff46c9e0,NotifyISMacroDistance_FW
0xff2ae43c,NR_SetDarkSubType
0xff1f3bd8,NR_SetDoubleNRType_FW
0xff2ae43c,NRTBL.SetDarkSubType_FW
0xff2ae458,NRTBL.SetDefectCorrectType_FW
0xff2ae474,NRTBL.SetTassenType_FW
0xff1f1f3c,OffPrintPhySw_FW
0xff463294,OneShotWhigeBalance_FW
0xff463294,OneTypeWhiteBalance_FW
0xff1f1f2c,OnPrintPhySw_FW
0xff0271b4,Open
0xff0271b4,Open_FW
0xff0a8b64,OpenConsole_FW
0xff3539dc,OpenFastDir
0xff02754c,OpenForScrip_FW
0xff371cd4,OpenMechaShutter_FW
0xff466a94,OpenMShutter_FW
0xff0279d0,OpLog.Create_FW
0xff0367d4,OpLog.Get_FW
0xff0367f4,OpLog.GetUsrSet_FW
0xff0368b4,OpLog.Play_FW
0xff035de4,OpLog.ReadFromROM_FW
0xff035e4c,OpLog.ReadFromSD_FW
0xff036acc,OpLog.Start_FW
0xff035d54,OpLog.Stop_FW
0xff036bb8,OpLog.Terminate_FW
0xff035d80,OpLog.WriteToROM_FW
0xff036284,OpLog.WriteToSD_FW
0xff0752a0,OpticalMilliTempCheck_FW
0xff1aee74,OutputLogToFile_FW
0x006b8ca8,PauseTimeOfSystem
0xff05c610,PB2Rec
0xff3781c8,Peek16_FW
0xff3781c0,Peek32_FW
0xff3781d0,Peek8_FW
0xff3335b8,PingWLANNetwork_FW
0xff2af318,PointDefDetect_FW
0xff2af76c,PointKizuCheck_FW
0xff1f251c,Poke16_FW
0xff1f250c,Poke32_FW
0xff1f252c,Poke8_FW
0xff0abb2c,PostEventShootSeqToUI_FW
0xff0ab8f8,PostLogicalEventForNotPowerType
0xff0ab8f8,PostLogicalEventForNotPowerType_FW
0xff0ab950,PostLogicalEventToUI
0xff0ab950,PostLogicalEventToUI_FW
0x006b86d8,PostMessageQueue
0x006b7e04,PostMessageQueueStrictly
0xff463f5c,PreFixAE_FW
0xff07c05c,PrintAdjKabotanInfo_FW
0xff07bc2c,PrintAdjTableMap_FW
0xff1ac00c,PrintAllAEIntegData_FW
0xff0a7dd4,PrintBuildDate_FW
0xff0a7de8,PrintBuildTime_FW
0xff0a4fa4,Printf_FW
0xff1aebc8,PrintFaexeVersioin_FW
0xff1aeb94,PrintFirmVersion_FW
0xff0a7dfc,PrintFirmwareVersion_FW
0xff0a7e78,PrintInternalFirmwareVersion_FW
0xff46b778,PrintMultiWinScanTable_FW
0xff46b52c,PrintScanTable_FW
0xff1f3050,PT_MoveDigitalZoomToWide
0xff1f3020,PT_MoveOpticalZoomAt
0xff0bda14,PT_PlaySound
0xff209dc4,PTM_AllReset_FW
0xff0adcac,PTM_AllResetToFactorySetting_FW
0xff20abb8,PTM_BackupUIProperty_FW
0xff0ae168,PTM_GetCurrentItem
0xff0ae168,PTM_GetCurrentItem_FW
0xff20a0cc,PTM_GetWorkingCaptureMode_FW
0xff20aa60,PTM_IsEnableItem_FW
0xff20a42c,PTM_NextItem
0xff20a42c,PTM_NextItem_FW
0xff20a434,PTM_PrevItem
0xff20a434,PTM_PrevItem_FW
0xff0ae210,PTM_RestoreUIProperty_FW
0xff0adfe4,PTM_SetCurrentCaptureMode_FW
0xff20a0e4,PTM_SetCurrentItem
0xff20a0e4,PTM_SetCurrentItem_FW
0xff20a7fc,PTM_SetPropertyEnable
0xff20a7fc,PTM_SetProprietyEnable_FW
0xff468fe0,PutInNdFilter
0xff468fe0,PutInNdFilter_FW
0xff46901c,PutOutNdFilter
0xff46901c,PutOutNdFilter_FW
0xff0353fc,PutsCameraLogEvent_FW
0xff2a5a3c,qsort
0xff46247c,QuietImageDrive_FW
0xff11c794,QuietImager_FW
0xff0c1dbc,rand
0xff023f0c,Read
0xff023f0c,Read_FW
0xff353b30,ReadFastDir
0xff2a5b18,realloc
0xff376d0c,reboot_fw_update
0xff05c668,Rec2PB
0xff371b9c,ReceiveMechaCircuitData_FW
0xff371bc4,ReceiveMechaCircuitDataAll_FW
0x006b8568,ReceiveMessageQueue
0x006b7dd8,ReceiveMessageQueueStrictly
0xff333a88,RecSoundForNCAdjEvent_FW
0xff07bfc0,RefreshAdjustmentTableMirror_FW
0xff07c050,RefreshDefectTableMirror_FW
0xff0291d0,RegComEventProc_FW
0xff463a40,RegistColorMatrix_FW
0xff0348ac,RegisterEventProcedure
0x006b5484,RegisterInterruptHandler
0xff172768,RegisterNotifyConnectPTPIP_FW
0xff172768,RegisterNotifyPTPIP_FW
0xff172790,RegisterResponseConnectPTPIP_FW
0xff172790,RegisterResponsePTPIP_FW
0xff37247c,RegisterZoomLensPositionPassedCBR_FW
0xff0827a4,RegistFirmScanNoticeCBR_FW
0xff4665c0,RegistFirmVer_FW
0x006b8ab8,ReleaseRecursiveLock
0xff46b450,ReloadAFAdjustment_FW
0xff4684b8,ReloadCdsAdjustment_FW
0xff46397c,ReloadColorAdjustment_FW
0xff466834,ReloadDefectAdjustmentData_FW
0xff4637f4,ReloadEfAdjustment_FW
0xff468804,ReloadFocusLensAdjustment_FW
0xff466844,ReloadFROMDefectAdjustmentData_FW
0xff1ae290,ReloadGetaAdjustment_FW
0xff1ae27c,ReloadIrisAdjustment_FW
0xff46cad4,ReloadISAdjustment_FW
0xff1dfe18,ReloadMechaShutterAdjustment_FW
0xff468fc4,ReloadNdFilterAdjustment_FW
0xff466858,ReloadShadingAdjustmentData_FW
0xff4633c8,ReloadWBAdjustment_FW
0xff334608,ReloadZoomAdjustment_FW
0xff333aa8,ReloadZoomNCProfileEvent_FW
0xff027440,Remove
0xff335534,RemoveTransparentMemory_FW
0xff026a04,RenameFile_Fut
0xff172664,RequestConnectPTPIP_FW
0xff1726b8,RequestConnectPTPIPDef_FW
0xff172574,RequestDisconnectPTPIP_FW
0xff468c3c,ResetFocus_FW
0xff36ff48,ResetFocusLens
0xff36ff48,ResetFocusLens_FW
0xff37146c,ResetIris_FW
0xff1dc200,ResetIrisActuator_FW
0xff1ae0a0,ResetIrisPosition_FW
0xff143c54,ResetNFCSystemArea_FW
0xff082794,ResetRegistNoticeCBR_FW
0xff334b18,ResetZoom_FW
0xff371edc,ResetZoomLens
0xff371edc,ResetZoomLens_FW
0xff371f08,ResetZoomLensToFirst_FW
0xff371f48,ResetZoomLensToTerminate_FW
0xff334d2c,ResetZoomToAdjFirstPoint_FW
0xff334d74,ResetZoomToAdjTerminatePoint_FW
0xff334b50,ResetZoomToFirst_FW
0xff334b50,ResetZoomToFirstPoint_FW
0xff334b88,ResetZoomToTerminate_FW
0xff334b88,ResetZoomToTerminatePoint_FW
0xff037a6c,Restart
0x006b8cb8,ResumeTimeOfSystem
0xff0a8120,RomCheckSum_FW
0xff0a7da4,RomIntegrityCheck_FW
0xff0a87e4,RotateConsoleZOder_FW
0xff07bb48,SaveAdjustmentTable_FW
0xff07bbd0,SaveAdjustmentValue_FW
0xff465aac,SaveBatSenseOffsetAdjustmentTable_FW
0xff1f3394,SaveBmpVRAMData_FW
0xff07bbb4,SaveDefectAdjTable_FW
0xff1ae920,SaveDUID_FW
0xff1ae944,SaveDUIDCheckSum_FW
0xff1ae95c,SaveFactoryAdjData_FW
0xff1ae9b4,SaveFactoryIDData_FW
0xff466414,SaveFactoryReserveData_FW
0xff468ebc,SaveFocusResetPulse_FW
0xff465ff0,SaveFromImage_FW
0xff1ae988,SaveHistoryAdjData_FW
0xff1f3788,SavePaletteData
0xff1f3788,SavePaletteData_FW
0xff18e7f4,Scene.ForbidContiSceneDetect_FW
0xff18e888,Scene.TestBabySleep_FW
0xff18e854,Scene.TestBabySmile_FW
0xff18e8f0,Scene.TestHumanSleep_FW
0xff18e8bc,Scene.TestHumanSmile_FW
0xff18e924,Scene.TestKidMove_FW
0xff18e824,Scene.TestSunset_FW
0xff0b00b8,ScreenLock
0xff0b010c,ScreenUnlock
0xff377f58,SDump_FW
0xff46c3c4,SearchBCentralPosition_FW
0xff46c3c4,SearchISLensCentralPosition_FW
0xff469cec,SelectAdjBPFilter_FW
0xff373210,SelectPositionSignal_FW
0xff371b78,SendMechaCircuitData_FW
0xff2af7e0,SensDefCrowdCheck_FW
0xff0abc80,set_control_event
0xff463ecc,SetAdj_AEMode_FW
0xff1ad8a4,SetAdjAEIntegSmearLimitter_FW
0xff46a338,SetAdjAFIntegCrwAdd_FW
0xff469d18,SetAdjAFWinPos_FW
0xff468718,SetAdjCdsMode_FW
0xff463da4,SetAE_CdsGainValue_FW
0xff463c5c,SetAE_ShutterSpeed
0xff463c5c,SetAE_ShutterSpeed_FW
0xff1ad808,SetAEIntegAverageOBData_FW
0xff1acbb8,SetAEIntegCorrectProperty_FW
0xff1acc40,SetAEIntegralGetaTime_FW
0xff1acc0c,SetAEIntegralValueProperty_FW
0xff1acb2c,SetAEIntegStrobeProperty_FW
0xff1ad480,SetAEIntegValueBit_FW
0xff1ad420,SetAEIntegWindowsMode_FW
0xff0ac528,SetAutoShutdownTime
0xff0ac528,SetAutoShutdownTime_FW
0xff469d8c,SetBPFilterForBP_FW
0xff46851c,SetCDSGain_FW
0xff4686e4,SetCDSGainStep_FW
0xff46851c,SetCdsGainValue_FW
0xff468568,SetCdsPreGainReg_FW
0xff0ba860,SetCurrentCaptureModeType
0xff0ba860,SetCurrentCaptureModeType_FW
0xff08d588,SetCzDebugFocusMode_FW
0xff08d588,SetCzDebugSubjectDistance_FW
0xff465aec,SetDate
0xff465aec,SetDate_FW
0xff465d0c,SetDay_FW
0xff48920c,SetDCMotorWaitTime_FW
0xff1ad8c8,SetDefaultAEIntegSmearLimitter_FW
0xff1b13ec,SetDefaultRecParameter_FW
0xff2aff38,SetDefectDebugInfo_FW
0xff2b0174,SetDefectRecParam_FW
0xff468470,SetDeltaCDSGain_FW
0xff373538,SetDISModeParam_FW
0xff46c8dc,SetDISModeParameter_FW
0xff02d3e4,SetDUIDFixFlag_FW
0xff02d2ec,SetDurianMode_FW
0x006b82fc,SetEventFlag
0xff4637dc,SetExStrobeMode_FW
0xff02d4e4,SetFactoryMasterFlag_FW
0xff02d514,SetFactoryMasterROMProtection_FW
0xff02d36c,SetFactoryMode_FW
0xff4661bc,SetFactorySerialNumber_FW
0xff334124,SetFaexeEventTableActivation_FW
0xff027714,SetFileAttributes
0xff02769c,SetFileTimeStamp
0xff373650,SetFixedPWMOutA_FW
0xff37366c,SetFixedPWMOutB_FW
0xff370958,SetFocusActuatorHoldVoltage_FW
0xff37096c,SetFocusActuatorSlopeHoldVoltage_FW
0xff370ac0,SetFocusLensAccelerationTable_FW
0xff371194,SetFocusLensCarrierFrequency_FW
0xff370c58,SetFocusLensCondition_FW
0xff370c44,SetFocusLensDefaultPullOutTable_FW
0xff370fac,SetFocusLensDriveVoltage_FW
0xff371028,SetFocusLensGainSlope_FW
0xff370fe8,SetFocusLensHoldVoltage_FW
0xff370dac,SetFocusLensMaxSpeedLimit_FW
0xff370bc8,SetFocusLensSlowdownTable_FW
0xff370988,SetFocusLensSpeed_FW
0xff370a08,SetFocusLensSpeedTable_FW
0xff468df4,SetFocusResetState_FW
0xff373904,SetGyro10BitDACPitch_FW
0xff373920,SetGyro10BitDACYaw_FW
0xff3739a4,SetGyroFilterChargeStart_FW
0xff3739ac,SetGyroFilterChargeStop_FW
0xff373944,SetGyroHPFINOffsetPitch_FW
0xff373960,SetGyroHPFINOffsetYaw_FW
0xff465d74,SetHour_FW
0xff0a5fe8,SetHPTimerAfterNow
0xff0a6068,SetHPTimerAfterTimeout
0xff1f1f68,SetIgnoreAVJACK_FW
0xff4659ec,SetImageMode
0xff465abc,SetImageMode_FW
0xff465a98,SetInputVoltage_FW
0xff3716e8,SetIrisDriveVoltage_FW
0xff371700,SetIrisDriveVoltageLow_FW
0xff371730,SetIrisHoldVoltage_FW
0xff371718,SetIrisSettingWaitVoltage_FW
0xff373bfc,SetISAdjData_FW
0xff373590,SetISCenterShiftA_FW
0xff3735ac,SetISCenterShiftB_FW
0xff46c404,SetISControllMode_FW
0xff3731d0,SetISControlType_FW
0xff3734c8,SetISCrossTalkCompA1_FW
0xff3734e4,SetISCrossTalkCompA2_FW
0xff373500,SetISCrossTalkCompB1_FW
0xff37351c,SetISCrossTalkCompB2_FW
0xff46c918,SetISCrossTalkCompCoeff_FW
0xff46c694,SetISCutOffFreqIndex_FW
0xff372e3c,SetISDriveAaxis_FW
0xff372e58,SetISDriveBaxis_FW
0xff373d24,SetISFocusLensDistance_FW
0xff46c710,SetISGyro10BitDACPitch_FW
0xff46c71c,SetISGyro10BitDACYaw_FW
0xff46c7d8,SetISGyroCompensationMode_FW
0xff46c798,SetISGyroFilterCharge_FW
0xff373824,SetISGyroGainAaxis_FW
0xff373840,SetISGyroGainBaxis_FW
0xff37385c,SetISGyroGainbyAxisType_FW
0xff46c6e8,SetISGyroHPFINOffsetPitch_FW
0xff46c6f4,SetISGyroHPFINOffsetYaw_FW
0xff46c728,SetISGyroOffset10BitDACData_FW
0xff46c700,SetISGyroOffsetHPFINData_FW
0xff46c518,SetISGyroPitchGain_FW
0xff46c504,SetISGyroYawGain_FW
0xff3732c0,SetISHallAmpFirstGain_FW
0xff46c558,SetISHallDevicePitchGain_FW
0xff46c598,SetISHallDevicePitchOffset_FW
0xff46c544,SetISHallDeviceYawGain_FW
0xff46c584,SetISHallDeviceYawOffset_FW
0xff372ed8,SetISHallGainAaxis_FW
0xff372ef4,SetISHallGainBaxis_FW
0xff372f10,SetISHallGainbyAxisType_FW
0xff372e74,SetISHallOffsetAaxis_FW
0xff372e90,SetISHallOffsetBaxis_FW
0xff372eac,SetISHallOffsetbyAxisType_FW
0xff373b84,SetISHPFCutoff_FW
0xff46c694,SetISHPFCutOffFreqIndex_FW
0xff46c4ec,SetISLensDriveValue_FW
0xff46c52c,SetISLensGyroGain_FW
0xff46c56c,SetISLensHallGain_FW
0xff46c5ac,SetISLensHallOffset_FW
0xff46c8c8,SetISLensPWMMode_FW
0xff373bac,SetISLPFAaxis_FW
0xff373bc4,SetISLPFBaxis_FW
0xff46c660,SetISLPFCutOffFreqAaxis_FW
0xff46c66c,SetISLPFCutOffFreqBaxis_FW
0xff46c9cc,SetISMacroMode_FW
0xff46c4c4,SetISPitchPWM_FW
0xff373690,SetISPWMFreqAndFixed_FW
0xff46cb00,SetISPWMFreqData_FW
0xff3736a4,SetISPWMFrequency_FW
0xff373200,SetISStillStatus_FW
0xff37398c,SetISTuningFlag_FW
0xff46c7ac,SetISTuningMode_FW
0xff46c7c4,SetISTuningOff_FW
0xff46c4d8,SetISYawPWM_FW
0xff465f9c,SetLangMenuType_FW
0xff371914,SetLensOutsideFlag_FW
0xff1ad7d8,SetLineDefMarkThroughMode_FW
0xff118f84,SetLockPosNonCorrectFlag_FW
0xff0ac010,SetLogicalEventActive
0xff46c89c,SetLoopGain_FW
0xff373390,SetLoopGainAdjValue_FW
0xff46c678,SetLPFForParallelFilter_FW
0xff373b30,SetLPFParallelBest_FW
0xff4624f0,SetLtkidsCorrectThroughMode_FW
0xff4624f4,SetLtkidsRealtimeCorrectThroughMode_FW
0xff462528,SetLvMagCenterWindow_FW
0xff462520,SetLvMagSkipNum_FW
0xff46c96c,SetMacroISGain_FW
0xff373d6c,SetMacroISGainA_FW
0xff373d88,SetMacroISGainB_FW
0xff371d40,SetMechaShutterCloseDacSetting_FW
0xff371dfc,SetMechaShutterMoveTime_FW
0xff371d90,SetMechaShutterOpenDacSetting_FW
0xff371de0,SetMechaShutterWaitTimeSetting_FW
0xff465dd8,SetMinute_FW
0xff04ca98,SetMontblancVSize_FW
0xff465cb0,SetMonth_FW
0xff3737ac,SetMoveEdgeWaitTime_FW
0xff466ad4,SetMShutterDacValue_FW
0xff333a78,SetNCParamForAdjEvent_FW
0xff333a98,SetNoiseAddParamForZoomNCEvent_FW
0xff468510,SetObClamp_FW
0xff468510,SetObClampValue_FW
0xff463208,SetOneShotWBParam_FW
0xff463208,SetOneTypeWBParam_FW
0xff20abb8,SetParameterData
0xff489070,SetPMByGpio_FW
0xff373614,SetPoweredISOFF_FW
0xff373600,SetPoweredISON_FW
0xff0a97c8,SetPropertyCase
0xff1f2390,SetPropertyCase_FW
0xff2dab00,SetPTGDefaultData_FW
0xff1f1f1c,SetRawSWCheckMode_FW
0xff463328,SetReferenceWBGainForCalibration_FW
0xff4624fc,SetSafFPGABypassMode_FW
0xff4624d8,SetSafImagePredictMode_FW
0xff4624d4,SetSafImageReadOutType_FW
0xff4624e0,SetSafImageWindowHArea_FW
0xff4624f8,SetSafPPPBypassMode_FW
0xff469984,SetScanLensIndex_FW
0xff469a94,SetScanWindowMode_FW
0xff0ac0a8,SetScriptMode
0xff0ac0a8,SetScriptMode_FW
0xff1f1e78,SetSDPwrPort_FW
0xff465e3c,SetSecond_FW
0xff4685b8,SetSensorPreGain_FW
0xff4625f4,SetShutterSpeed_FW
0xff462598,SetShutterSpeedWithMecha_FW
0xff37370c,SetSlowWaitTime_FW
0x006b56a0,SetSR
0xff02cef0,SetSSIDForFAWLAN_FW
0xff1f1ea8,SetStereoSeparation_FW
0xff2dab14,SetTassenAdjSGMode_FW
0xff08256c,SetTestRecMasterCxCy_FW
0xff0826ec,SetTestRecSkimmingYUV_FW
0xff026064,SetTimerAfter
0xff0260d0,SetTimerWhen
0xff463350,SetToolCorrectCoefficient_FW
0x006b8c60,SetValidSystemCalender
0xff464480,SetVideoOutType
0xff4644bc,SetVideoOutType_FW
0xff3736d0,SetWaitTime_FW
0xff466868,SetWBTemperature_FW
0xff4632e8,SetWBYlStandardWidth_FW
0xff1ad3ac,SetWhiteCoefficient_FW
0xff466524,SetWindowSystemDrawSetting_FW
0xff02ce70,SetWLANFactoryMode_FW
0xff465c50,SetYear_FW
0xff366f70,SetZoomActuatorSpeedPPS_FW
0xff3722ac,SetZoomAmpereLimitOffTime_FW
0xff3353cc,SetZoomAmpereLimitOffTimeForAdjustZoom_FW
0xff335084,SetZoomCommonDriveParam_FW
0xff334e5c,SetZoomDriveParam_FW
0xff3722e4,SetZoomLensCurrentPosition_FW
0xff3721ac,SetZoomLensDriveAmpereDac_FW
0xff3721d0,SetZoomLensDriveResetAmpereDac_FW
0xff334dbc,SetZoomLensEncoderPowerControl_FW
0xff3722cc,SetZoomLensMoveTimeLimit_FW
0xff372300,SetZoomLensResetMoveTimeLimit_FW
0xff372320,SetZoomLensSpeedChangeMaxTime_FW
0xff372334,SetZoomLensSpeedChangeRate_FW
0xff372190,SetZoomLensSpeedMode_FW
0xff333ab8,SetZoomNCEffectiveEvent_FW
0xff33501c,SetZoomNormalDriveParam_FW
0xff367000,SetZoomPermitTargetMaxSpeedPPS_FW
0xff46c5c4,SetZoomPointToIS_FW
0xff373ac0,SetZoomPosition_FW
0xff334fbc,SetZoomResetDriveParam_FW
0xff334acc,SetZoomResetState_FW
0xff366fe4,SetZoomSpeedCheckStopTime_FW
0xff334dd0,SetZoomSpeedMode_FW
0xff1f255c,ShowAllTaskInfo_FW
0xff0354c8,ShowCameraLog_FW
0xff03545c,ShowCameraLogInfo_FW
0xff463c0c,ShowCurrentExp_FW
0xff07b700,ShowDefaultAdjTableVersion_FW
0xff370d44,ShowFocusLensCurrentSpeedTable_FW
0xff3712fc,ShowFocusLensIrisCoefficientCheckSum_FW
0xff0abb80,ShowLogicalEventName_FW
0xff371928,ShowMechaCondition_FW
0xff1f1b04,ShowMechaMacro_FW
0xff1f1f0c,ShowPhySwStatus_FW
0xff1f1f50,ShowSDStatus_FW
0xff335464,ShowTransparentMemory_FW
0xff0b0a54,ShutdownPlayModeMenu_FW
0xff0b0b58,ShutdownPlayModeMenuWithoutPbRedraw_FW
0xff0b086c,ShutdownRecModeMenu_FW
0xff2e62e4,ShutterTool.CheckExpTime_FW
0xff2e6304,ShutterTool.CheckExpTimeWithErrMode_FW
0xff2e60ec,ShutterTool.CheckTv_FW
0xff2e6128,ShutterTool.CheckTvWithErrMode_FW
0xff2e6340,ShutterTool.GetCurExpTime_FW
0xff2e6320,ShutterTool.GetCurTv_FW
0xff2e6408,ShutterTool.GetLimOfExpTime_FW
0xff2e6438,ShutterTool.GetLimOfExpTimeRegular_FW
0xff2e6360,ShutterTool.GetLimOfTv_FW
0xff2e64b8,ShutterTool.GetLimOfTvForFix_FW
0xff2e64d4,ShutterTool.GetLimOfTvForFixWithAv_FW
0xff2e6390,ShutterTool.GetLimOfTvRegular_FW
0xff2e61f0,ShutterTool.SetExpTime_FW
0xff2e6494,ShutterTool.SetExpTimeForFix_FW
0xff2e61fc,ShutterTool.SetExpTimeWithErrMode_FW
0xff2e5ed0,ShutterTool.SetTv_FW
0xff2e5efc,ShutterTool.SetTvAfterDriveChange_FW
0xff2e5f28,ShutterTool.SetTvAndFrameRateType_FW
0xff2e6468,ShutterTool.SetTvForFix_FW
0xff2e5ee4,ShutterTool.SetTvWithErrMode_FW
0xff464198,SleepAE_FW
0x006b8f0c,SleepTask
0x006b8f0c,SleepTask_FW
0xff024dd0,sprintf_FW
0xff0c1db0,srand
0xff1f3090,SS.ChangeZoomSpeed_FW
0xff1f3104,SS.Create_FW
0xff1f30c4,SS.DoAELock_FW
0xff1f30a4,SS.DoAFLock_FW
0xff0321c0,SS.GetDigitalZoomPosition_FW
0xff1f3078,SS.GetDigitalZoomTele_FW
0xff1f30f4,SS.MFOff_FW
0xff1f30e4,SS.MFOn_FW
0xff1f3060,SS.MoveDigitalZoomAt_FW
0xff1f3040,SS.MoveDigitalZoomToTele_FW
0xff1f3050,SS.MoveDigitalZoomToWide_FW
0xff1f3020,SS.MoveOpticalZoomAt_FW
0xff1f2ff8,SS.MoveOpticalZoomToTele_FW
0xff1f300c,SS.MoveOpticalZoomToWide_FW
0xff033b80,SS.SetAvailShot_FW
0xff1f30d4,SS.UnlockAE_FW
0xff1f30b4,SS.UnlockAF_FW
0xff1f30f4,SS_MFOff
0xff1f30e4,SS_MFOn
0xff2a53e4,sscanf_FW
0xff09f6f8,SSFS_CompleteCaptModeChange_FW
0xff09f6f8,SSFS_CompleteFileWrite_FW
0xff09f6f8,SSFS_CompletePreCapt_FW
0xff09f6f8,SSFS_CompleteShootPicture_FW
0xff09f6f8,SSFS_CompleteStopDigZoom_FW
0xff09f6f8,SSFS_CompleteStopZoom_FW
0xff09f6f8,SSFS_CompleteSynchroWrite_FW
0xff09f6f8,SSFS_ShootPicture_FW
0xff46a31c,StartAdjAFInteg_FW
0xff469fa8,StartAdjAFService_FW
0xff1ad7cc,StartAEIntegralService_FW
0xff46c3e4,StartBDrive_FW
0xff46c41c,StartBPanDrive_FW
0xff035518,StartCameraLog_FW
0xff462308,StartCaptureDrive_FW
0xff46aacc,StartCrwCustomScan_FW
0xff46aa5c,StartCustomScan_FW
0xff08d588,StartCzLog_FW
0xff08d578,StartCzTuning_FW
0xff489220,StartDCMDriveTimeCounter_FW
0xff464a3c,StartEVFDrive_FW
0xff4649f8,StartEVFDriveWithMode_FW
0xff02d644,StartFactoryModeController_FW
0xff3335cc,StartFAWLANService_FW
0xff373e90,StartImStEventProc_FW
0xff46c944,StartISAdjustMacro_FW
0xff46c3e4,StartISAdjustmentDrive_FW
0xff46c3e4,StartISDrive_FW
0xff372df8,StartISLocalAdjust_FW
0xff0937bc,StartISLocalAutoCenter_FW
0xff093804,StartISLocalHallAdjust_FW
0xff46c41c,StartISPanDrive_FW
0xff3736c0,StartISPWMFreqChangeTest_FW
0xff1af2ec,StartLogOut_FW
0xff373304,StartLoopGainCalc_FW
0xff373ccc,StartMacroISAdjust_FW
0xff373cbc,StartMacroISContiMode_FW
0xff0b0770,StartPlayModeMenu_FW
0xff0b079c,StartRecModeMenu
0xff0b079c,StartRecModeMenu_FW
0xff024b30,StartRedirectUART_FW
0xff335bbc,StartSoundPlay_FW
0xff335b88,StartSoundRecord_FW
0xff335e80,StartTestRecLog_FW
0xff0a7c3c,StartWDT_FW
0xff372c9c,StartZoomLensSpeedLog_FW
0xff027574,stat
0xff46a30c,StopAdjAFInteg_FW
0xff46a0ec,StopAdjAFService_FW
0xff1ad4b8,StopAEIntegralService_FW
0xff08d588,StopAndSaveCzLog_FW
0xff372cc0,StopAndSaveZoomLensSpeedLog_FW
0xff46c3d4,StopBDrive_FW
0xff46c3f4,StopBPanDrive_FW
0xff0356e0,StopCameraLog_FW
0xff461748,StopCaptureDrive_FW
0xff464de0,StopContinuousVRAMData_FW
0xff46aa4c,StopCustomScan_FW
0xff36fde0,StopCZ_FW
0xff489230,StopDCMDriveTimeCounter_FW
0xff464530,StopEVFDrive_FW
0xff3335d4,StopFAWLANService_FW
0xff46c954,StopISAdjustMacro_FW
0xff46c3d4,StopISAdjustmentDrive_FW
0xff46c3d4,StopISDrive_FW
0xff46c3f4,StopISPanDrive_FW
0xff3736c8,StopISPWMFreqChangeTest_FW
0xff1aef80,StopLogOut_FW
0xff3733d8,StopLoopGainCalc_FW
0xff373cdc,StopMacroISAdjust_FW
0xff02c9b8,StopPtpipServiceForFAWLAN_FW
0xff024c44,StopRedirectUART_FW
0xff4638bc,StopStrobeChargeForFA_FW
0xff335e98,StopTestRecLog_FW
0xff0a7c9c,StopWDT_FW
0xff334ac0,StopZoomEmergency_FW
0xff372174,StopZoomLens_FW
0xff0383c4,strcat
0xff03844c,strchr
0xff024f00,strcmp
0xff024f28,strcmp_FW
0xff024dec,strcpy
0xff024dec,strcpy_FW
0xff0c15fc,strftime
0xff024f44,strlen
0xff024f44,strlen_FW
0xff038400,strncmp
0xff027e8c,strncpy
0xff0c1f38,strrchr
0xff0383b0,strtol
0xff0381b4,strtolx
0xff464434,SwitchOffDisplay_FW
0xff46446c,SwitchOnDisplay_FW
0xff1f2c34,System.Create_FW
0xff1f256c,System.Delete_FW
0x006b7ad4,TakeSemaphore
0x006b7ad4,TakeSemaphore_FW
0x006b7dac,TakeSemaphoreStrictly
0xff2b6dec,task__cntFlashTask
0xff04c244,task__imageSensorTask
0xff1232ac,task__tgTask
0xff30b4f0,task_AACDrvTask
0xff189938,task_AACTask
0x001323a8,task_AdditionAgent
0xff0fddd0,task_AfIntSrvTask
0xff0480a4,task_AFTask
0xff18a180,task_ASIF
0xff071990,task_AudioTsk
0xff02ac18,task_BatteryTask
0xff06eb98,task_BeepTask
0xff02c988,task_bomStopPTPIPTask
0xff0e0ea4,task_BrtMsrTask
0xff037888,task_Bye
0xff097614,task_CaptSeq
0xff097614,task_CaptSeqTask
0xff18af40,task_ChaseFrame
0xff191144,task_ChaseTask
0xff022a28,task_ClockSave
0xff05f570,task_CommonDrivers
0xff1659b0,task_ComWireless
0xff0a81d8,task_ConsoleSvr
0xff1de220,task_ControlLog
0xff19b8cc,task_CorctTask
0xff31bda4,task_CorrectLiveTassenTask
0xff374e18,task_CreateHeaderTask
0xff46f774,task_CtgTotalTask
0xff0aa748,task_CtrlSrv
0xff1b3bf0,task_dccdCalcTask
0xff3552f8,task_DecJpgRd
0xff19c4a4,task_DefMarkRomCopyTask
0xff0d7f60,task_DetectMoveTask
0xff0d9c98,task_DevelopModule
0xff18d4b4,task_DispFace
0xff3751a8,task_DistTask
0xff1c1e9c,task_DPOFTask
0xff28a670,task_DSITask
0xff1f7328,task_DvlpSeqTask
0xff0da590,task_EFChargeT
0xff1e5e30,task_EISMainTask
0xff18eee8,task_EncRemoteEVFJpgTask
0xff0a2e98,task_Epilog
0xff037530,task_EvShel
0xff0f3524,task_ExpDrv
0xff2c0950,task_ExpDrvSubTask
0xff0f3524,task_ExpDrvTask
0xff0bb154,task_FaceFrame
0xff466564,task_FAPowerOff
0xff19eed8,task_Fencing
0xff3471e8,task_FileManMarkAllTask
0xff1c89c8,task_FileScheduleTask
0xff352024,task_FileWrite
0xff352024,task_FileWriteTask
0xff354528,task_FilYuvMaker
0xff35f708,task_FocusEvent
0xff3481cc,task_FORMAT_TASK_NAME
0xff347fcc,task_FORMAT_TASK_PROGRESS
0xff05b158,task_fprintSNRTask
0xff077558,task_FrameTask
0xff02d864,task_FsIoNotifyTask
0xff11a75c,task_GapSnd
0xff3785fc,task_ImagePlaySysConTask
0xff37ad48,task_ImageRetryConTask
0xff1c71b4,task_ImageStoreTask
0xff16bf58,task_ImageSyncController
0xff1d7348,task_ImgPlayDrv
0xff358a30,task_ImgPlyDC
0xff358be4,task_ImgPlyDCLow
0xff169aa8,task_IMLApp
0xff05f530,task_InitFileModules
0xff1dcc38,task_IrisCycleEvent
0xff1db388,task_IrisEvent
0xff092088,task_IS_ActiveShadCompTask
0xff092908,task_ISMainTask
0xff37637c,task_JpegEncTask
0xff05b9f0,task_LachesisTest
0xff0700f4,task_LEDCon
0xff08f86c,task_LensController
0xff127064,task_LiveImageTask
0xff0a8874,task_LowConsole
0xff3648cc,task_MechaAlarm
0xff1df3ac,task_MechaCPUTransfer
0xff1e260c,task_MechaNCTask
0xff364eec,task_MechaShutter
0xff087258,task_MediaStatusMngr
0xff1ba56c,task_MetaCtg
0xff33fddc,task_MetaCtgPrsTask
0xff339c5c,task_MetaInspiTask
0xff196828,task_MotionVector
0xff1f11d4,task_MovEdit
0xff1ea4f8,task_MovieRecord
0xff36e320,task_MovieWriter
0xff1ec2e0,task_MovPlay
0xff36b820,task_MovRead
0xff3e6bf0,task_MrkSetTask
0xff0512e4,task_NfcCon_EvtTask
0xff142bcc,task_NfcConTask
0xff155c08,task_NormalThumbCache
0xff0d6d34,task_OBCtrlTask
0xff035c00,task_OpePlay
0xff02beb8,task_PhySw
0xff2fe628,task_PingManager
0xff153668,task_PTPSessionTASK
0xff1476e0,task_PTPtoFAPI_EventProcTask_Block
0xff147638,task_PTPtoFAPI_EventProcTask_Try
0xff352c40,task_ReadFileTask
0xff3e2e90,task_ReadMultiConTask
0xff1caf70,task_ReadScheduleTask
0xff0888dc,task_RedEyeCapt
0xff05b024,task_RedirectUARTTask
0xff375738,task_ResizeTask
0xff190954,task_SceneDetectTask
0x006bb060,task_SD1stInit
0xff172eb8,task_SelectFuncController
0xff34748c,task_SetGeoTagExecution
0xff1f5db4,task_ShutterSoundTask
0xff11e870,task_SsgMainTask
0xff11ea40,task_SsgPeriodTask
0xff0961c4,task_SsStartupTask
0xff09f778,task_SsTask
0xff027d58,task_Startup
0xff0296d4,task_StartupImage
0xff1286ec,task_SynchTask
0xff128648,task_SyncPeriod
0xff074c48,task_Thermometer
0xff1416f4,task_TimerUtility
0xff1e7ff8,task_TmgGen
0xff15a01c,task_TrnsCtrlTask
0xff02498c,task_UartLog
0xff04fc04,task_WBCtrl
0xff12c750,task_WBIntegTask
0xff13cc5c,task_WBLPFace
0xff1f6bdc,task_WbSeqTask
0xff0a7acc,task_WdtPrint
0xff0a7b7c,task_WdtReset
0xff173b08,task_WebServiceApp
0xff174a8c,task_WSSAPP
0xff365f84,task_ZoomActuatorSpeedLog
0xff365cc0,task_ZoomEvent
0xff1f3190,TerminateAdjustmentSystem_FW
0xff081a7c,Terminatedccd_FW
0xff2b04ec,TerminateDefectRec_FW
0xff081a7c,TerminateDigicon_FW
0xff335cec,TerminateFAExtendFile_FW
0xff335cc8,TerminateFAGeneralTest_FW
0xff466b9c,TerminateMechaDevice_FW
0xff36978c,TerminateMechaUnitExeTest_FW
0xff1727b8,TerminatePTPIPTransportResponder_FW
0xff335b54,TerminateSoundRec_FW
0xff080efc,TerminateTestRec_FW
0xff0594a0,TerminateWLAN_FW
0x006b92ac,time
0x006b879c,TryPostMessageQueue
0x006b865c,TryReceiveMessageQueue
0x006b7a84,TryTakeSemaphore
0xff466554,TurnOffCamera_FW
0xff06be5c,TurnOffDisplay
0xff0377e4,TurnOffE1_FW
0xff072e1c,TurnOffVideoOutMode_FW
0xff06be4c,TurnOnDisplay
0xff072de4,TurnOnVideoOutMode_FW
0xff20c230,UI.Create_FW
0xff20b690,UI.CreatePublic_FW
0xff20c230,UI_RegistDebugEventProc_FW
0xff20c21c,UI_ShowStateOfRecMode_FW
0xff0ac010,UiEvnt_SetLogicalEventActive_FW
0xff0ac18c,UiEvnt_StartDisguiseCradleStatus_FW
0xff0ac19c,UiEvnt_StopDisguiseCradleStatus_FW
0xff05e8b0,UIFS_CancelStoreLensTimer_FW
0xff1803c4,UIFS_Capture_FW
0xff180498,UIFS_CaptureNoneStop_FW
0xff20b2c0,UIFS_ChangeShootState_FW
0xff20b144,UIFS_ClosePopupStrobe_FW
0xff20b1d4,UIFS_ConnectVideo_FW
0xff20af14,UIFS_CtrlManControllerAnytimeTop_FW
0xff20b204,UIFS_DisconnectVideo_FW
0xff20b684,UIFS_DisplayFirmUpdateView_FW
0xff20b2a0,UIFS_EndClockMode_FW
0xff20b400,UIFS_GetAvItem_FW
0xff20b31c,UIFS_GetAvItemCount_FW
0xff20b538,UIFS_GetCurrentAvString_FW
0xff20b5b8,UIFS_GetCurrentTvString_FW
0xff20b2e4,UIFS_GetLastPath_FW
0xff0689d4,UIFS_GetMovieRecoadableNumber_FW
0xff24daec,UIFS_GetNumberOfDisplayedImage_FW
0xff17a2a0,UIFS_GetNumOfOptZoomPos_FW
0xff0689d0,UIFS_GetStillShotableNumber_FW
0xff20b500,UIFS_GetTvItem_FW
0xff20b38c,UIFS_GetTvItemCount_FW
0xff20af3c,UIFS_IsAutoPopupDownStrobe_FW
0xff20af44,UIFS_IsAvailableAvTvMode_FW
0xff20af24,UIFS_IsAvailableMovieRecDigZoom_FW
0xff20af1c,UIFS_IsAvailableMovieRecOptZoom_FW
0xff20af4c,UIFS_IsAvailablePowerZoom_FW
0xff20af34,UIFS_IsAvailableRecMenuAFMode_FW
0xff20af2c,UIFS_IsAvailableServoAF_FW
0xff068418,UIFS_IsAvailableShots_FW
0xff20b640,UIFS_IsOperationEvent_FW
0xff20b174,UIFS_MountExtFlash_FW
0xff179dd0,UIFS_MoveZoomTo_FW
0xff17a3d0,UIFS_MoveZoomToPositionWithTaskSwCtrlServ_FW
0xff20b114,UIFS_OpenPopupStrobe_FW
0xff3ebe90,UIFS_PlayTrimExecuteAllImageSize_FW
0xff20b248,UIFS_PostModeDial_FW
0xff20b244,UIFS_RestartPostingUIEvent_FW
0xff20b2b0,UIFS_SetCradleSetting_FW
0xff20b0c0,UIFS_SetDialMovieRec_FW
0xff20b0f4,UIFS_SetDialPlay_FW
0xff20b0a0,UIFS_SetDialStillRec_FW
0xff20b290,UIFS_StartClockMode_FW
0xff249a40,UIFS_StartMoviePlay_FW
0xff064984,UIFS_StartMovieRecord_FW
0xff0649a8,UIFS_StopMovieRecord_FW
0xff20b240,UIFS_StopPostingUIEvent_FW
0xff20b1a4,UIFS_UnmountExtFlash_FW
0xff25bc44,UIFS_WirelessExecuteSendForever_FW
0xff229438,UIFS_WriteFirmInfoToFile
0xff229438,UIFS_WriteFirmInfoToFile_FW
0xff0c0e90,UndisplayBusyOnScreen
0xff02c81c,UndisplayFactoryMode_FW
0xff0a4eb8,UnLoadScript_FW
0xff0328bc,UnlockAE
0xff032578,UnlockAF
0xff0ac40c,UnlockMainPower
0xff0ac40c,UnlockMainPower_FW
0xff463a88,UnregistColorMatrix_FW
0x006b5544,UnregisterInterruptHandler
0xff3724a0,UnRegisterZoomLensPositionPassedCBR_FW
0xff02b14c,VbattGet
0xff02b14c,VbattGet_FW
0xff3771f8,VerifyByte_FW
0xff027e4c,vsprintf
0xff2b0624,VStripeCheck_FW
0xff2b06f8,VStripeTassenThrough_FW
0xff1f2548,Wait_FW
0x006b8230,WaitForAllEventFlag
0x006b7e5c,WaitForAllEventFlagStrictly
0x006b8144,WaitForAnyEventFlag
0x006b7e30,WaitForAnyEventFlagStrictly
0xff371ff8,WaitMoveZoomLensComplete_FW
0xff027160,Write
0xff027160,Write_FW
0xff07c0ec,WRITEADJTABLETOFROM_FW
0xff07c124,WRITEADJUSTMENTDATATOFROM_FW
0xff46c43c,WriteGyroAdjustment_FW
0xff46c42c,WriteHallDeviceAdjustment_FW
0xff371acc,WriteMechaLogToFile_FW
0xff371abc,WriteMechaLogToRom_FW
0xff333fb8,WriteNFCOptUnitAssemblyAreaData_FW
0xff333c24,WriteNFCSystemArea_FW
0xff333fd8,WriteNFCSystemAreaForOptUnitAssembly_FW
0xff143fa4,WriteNFCUserArea_FW
0xff333c58,WriteNFCUserAreaWithInitNFCAdj_FW
0xff46c4b4,WritePWMAdjustment_FW
0x006ba9d0,WriteSDCard
0xff0714dc,WriteToRom_FW
0xff07c158,WRITEUSERSETTINGDATATOFROM_FW
0xff333610,WriteWLANMACAddressToFROM_FW
