0x01900187,GetRomID
0xdffc4909,GetSRAndDisableInterrupt
0xdffc491b,SetSR
0xdffc6385,CreateTask_low
0xdffc6737,get_self_task_id
0xdffc6769,createsemaphore_low
0xdffc6807,givesemaphore_low
0xdffc682f,takesemaphore_low
0xdffc6d29,get_task_properties
0xdffc6f91,dry_error_printf
0xdffc8ea9,heap_alloc
0xdffc8f65,heap_free
0xdffc9293,SleepTask
0xdffc9293,SleepTask_FW
0xdffc93bb,CreateTask
0xdffc93bb,CreateTask_FW
0xdffc95af,ExitTask
0xdffc95af,ExitTask_FW
0xdffc95d9,CreateTask_alt
0xdffc96f5,DebugAssert
0xdffc971b,DebugAssert2
0xdffc9725,set_assert_handler
0xdffc974d,CreateEventFlag
0xdffc9787,DeleteEventFlag
0xdffc97c5,CheckAnyEventFlag
0xdffc97fb,CheckAllEventFlag
0xdffc9831,WaitForAnyEventFlag
0xdffc98b7,WaitForAllEventFlag
0xdffc9939,SetEventFlag
0xdffc9967,ClearEventFlag
0xdffc9997,GetEventFlagValue
0xdffc99e5,RegisterInterruptHandler
0xdffc9ca5,j_GetSRAndDisableInterrupt
0xdffc9ca9,j_SetSR
0xdffc9d1d,CreateMessageQueue
0xdffc9d85,DeleteMessageQueue
0xdffc9de1,ReceiveMessageQueue
0xdffc9e73,TryReceiveMessageQueue
0xdffc9ebd,PostMessageQueue
0xdffc9f3f,TryPostMessageQueue
0xdffc9f75,GetNumberOfPostedMessages
0xdffc9fd5,CreateBinarySemaphore
0xdffca023,CreateCountingSemaphore_FW
0xdffca05d,DeleteSemaphore
0xdffca05d,DeleteSemaphore_FW
0xdffca09f,TryTakeSemaphore
0xdffca0cf,TakeSemaphore
0xdffca0cf,TakeSemaphore_FW
0xdffca149,GiveSemaphore
0xdffca149,GiveSemaphore_FW
0xdffca179,GetSemaphoreValue
0xdffca1d1,CreateTaskStrictly
0xdffca1ef,CreateTaskStrictly_alt
0xdffca211,CreateMessageQueueStrictly
0xdffca22b,CreateEventFlagStrictly
0xdffca245,CreateBinarySemaphoreStrictly
0xdffca25f,CreateCountingSemaphoreStrictly
0xdffca279,CreateRecursiveLockStrictly
0xdffca2ad,TakeSemaphoreStrictly
0xdffca2e5,PostMessageQueueStrictly
0xdffca301,WaitForAnyEventFlagStrictly
0xdffca31d,WaitForAllEventFlagStrictly
0xdffca339,AcquireRecursiveLockStrictly
0xdffca509,time
0xdffca573,GetTimeOfSystem_FW
0xdffca8bb,LocalTime
0xdffca9c9,j_LocalTime
0xdffca9cb,j_strftime
0xdffcac09,CreateRecursiveLock
0xdffcac7d,AcquireRecursiveLock
0xdffcad47,ReleaseRecursiveLock
0xdffcc4f1,dry_memset
0xdffcc501,dry_memzero
0xdffcc545,bzero
0xdffcc549,memset32
0xdffcc598,dry_memcpy
0xdffcc615,j_dry_memcpy_bytes
0xdffcc618,dry_memcpy_bytes
0xdffcc6c8,dry_memmove_bytes
0xdffcd8c5,_log
0xdffcdc39,_log10
0xdffcdd31,_pow
0xdffcf241,_sqrt
0xe0020011,exception_handler_Reset
0xe002023d,exception_handler_SupervisorCall
0xe002023f,exception_handler_FIQ
0xe0020241,exception_handler_IRQ
0xe00202dd,exception_handler_UndefinedInstruction
0xe0020307,exception_handler_PrefetchAbort
0xe0020321,exception_handler_DataAbort
0xe0020419,err_init_task
0xe0020419,init_task_error
0xe00206d5,task_Startup
0xe00208bf,init_ex_drivers
0xe00218ad,task_UartLog
0xe0021a23,StartRedirectUART_FW
0xe0021ac7,StopRedirectUART_FW
0xe0021de7,dry_panic
0xe0021e17,dry_panic_low
0xe00242d5,pvm_init_pool
0xe002432d,pvm_free
0xe00243a3,pvm_malloc
0xe002442b,pvm_get_largest_free_block_size
0xe00272f3,InitializeTestRec_FW
0xe0027347,TerminateTestRec_FW
0xe0027ae3,Initializedccd_FW
0xe0027ae3,InitializeDigicon_FW
0xe0027b6f,Terminatedccd_FW
0xe0027b6f,TerminateDigicon_FW
0xe0027bbb,ExecuteDigicon_FW
0xe00280cb,Executedccd_FW
0xe0028127,GetdccdImage_FW
0xe002818b,GetdccdFilterValue_FW
0xe002855d,j_InitializeTestRec_FW
0xe0028561,j_TerminateTestRec_FW
0xe0028565,ExecuteTestRec_FW
0xe0028571,ExecuteSubCameraTestRec_FW
0xe0028575,ExecuteTestRecCF_FW
0xe0028575,ExecuteTestRecSD_FW
0xe0028583,SetTestRecMasterCxCy_FW
0xe00285af,ExecuteTestRecWithInteg_FW
0xe00285bd,ExecuteTestRecSw1_FW
0xe00285f7,GetTestRecCrawAddress_FW
0xe00285ff,CalculateTestRecYUVData_FW
0xe002860f,SetTestRecSkimmingYUV_FW
0xe0028635,ExecuteTestRecDevelopProcess_FW
0xe002866f,j_Initializedccd_FW
0xe002866f,j_InitializeDigicon_FW
0xe0028673,j_Terminatedccd_FW
0xe0028673,j_TerminateDigicon_FW
0xe0028677,j_ExecuteDigicon_FW
0xe002867b,j_Executedccd_FW
0xe002867d,j_GetdccdImage_FW
0xe002867f,j_GetdccdFilterValue_FW
0xe0028681,ResetRegistNoticeCBR_FW
0xe002868b,RegistFirmScanNoticeCBR_FW
0xe002c783,SetDefaultRecParameter_FW
0xe002c7f7,SetEFLensLightFalloffCompTestRecParam_FW
0xe002c7fb,SetEFLensChromatismCompTestRecParam_FW
0xe002c7ff,SetEFLensDefaultCompTestRecParam_FW
0xe002c803,PrintEFLensCompTestRecParam_FW
0xe002c807,SetPictureStyleTypeTestRecParam_FW
0xe002c81f,SetPictureStyleSharpnessTestRecParam_FW
0xe002c837,SetPictureStyleContrastTestRecParam_FW
0xe002c851,SetPictureStyleSaturationTestRecParam_FW
0xe002c86b,SetPictureStyleColortoneTestRecParam_FW
0xe002ca45,SetPictureStyleDefaultTestRecParam_FW
0xe002ca5b,PrintPictureStyleTestRecParam_FW
0xe002e74f,task_dccdCalcTask
0xe003234b,task_SsStartupTask
0xe0032f57,task_CaptSeq
0xe0032f57,task_CaptSeqTask
0xe0036f2d,get_canon_mode_list
0xe0038a55,InitializeWLAN_FW
0xe0038a71,TerminateWLAN_FW
0xe0038af3,LeaveWLANNetwork_FW
0xe003d9fb,DisplayFactoryMode_FW
0xe003da01,UndisplayFactoryMode_FW
0xe003dacb,IsFAWLANRunning_FW
0xe003dad1,IsFAConnectUSB_FW
0xe003dad7,task_bomStopPTPIPTask
0xe003daf9,StopPtpipServiceForFAWLAN_FW
0xe003dcad,SetWLANFactoryMode_FW
0xe003dcd7,ClearWLANFactoryMode_FW
0xe003dd03,SetSSIDForFAWLAN_FW
0xe003dd3d,DummyUSBConnection_FW
0xe003e1b1,SetDurianMode_FW
0xe003e1db,ClearDurianMode_FW
0xe003e1db,ClearFactoryMode_FW
0xe003e205,SetFactoryMode_FW
0xe003e22f,ClearDUIDFixFlag_FW
0xe003e253,SetDUIDFixFlag_FW
0xe003e2ef,ClearFactoryMasterFlag_FW
0xe003e2f5,SetFactoryMasterFlag_FW
0xe003e2fb,ClearFactoryMasterROMProtection_FW
0xe003e311,SetFactoryMasterROMProtection_FW
0xe003e327,IsMountLens_FW
0xe003e33d,IsFactoryMode_FW
0xe003e38f,IsDUIDFixFlag_FW
0xe003e3bd,IsNormalCameraMode_FW
0xe003e3cb,StartFactoryModeController_FW
0xe003e821,SSFS_CompleteCaptModeChange_FW
0xe003e821,SSFS_CompleteFileWrite_FW
0xe003e821,SSFS_CompletePreCapt_FW
0xe003e821,SSFS_CompleteShootPicture_FW
0xe003e821,SSFS_CompleteStopDigZoom_FW
0xe003e821,SSFS_CompleteStopZoom_FW
0xe003e821,SSFS_CompleteSynchroWrite_FW
0xe003e821,SSFS_ShootPicture_FW
0xe003e881,task_SsTask
0xe003f1cf,task_ReadScheduleTask
0xe00445cb,EraseAdjustmentArea_FW
0xe00445f5,DumpAdjMirror_FW
0xe004460f,GetAdjTableVersion_FW
0xe004462f,j_GetAdjTableVersion_FW
0xe0044631,GetAdjTableMapVersion_FW
0xe004463b,GetAdjTableValueVersion_FW
0xe0044645,ShowDefaultAdjTableVersion_FW
0xe00446a1,LoadAdjustmentTable_FW
0xe00446a7,LoadDefectAdjTable_FW
0xe0044909,SaveAdjustmentTable_FW
0xe004494f,SaveDefectAdjTable_FW
0xe0044961,SaveAdjustmentValue_FW
0xe0044983,LoadAdjustmentValue_FW
0xe0044999,PrintAdjTableMap_FW
0xe0044b2f,CreateAdjustmentTableMirror_FW
0xe0044b33,RefreshAdjustmentTableMirror_FW
0xe0044b37,CreateDefectTableMirror_FW
0xe0044cb5,RefreshDefectTableMirror_FW
0xe0044cb9,j_CreateUserSettingMirror_FW
0xe0044cbd,PrintAdjKabotanInfo_FW
0xe0044d1f,WRITEADJTABLETOFROM_FW
0xe0044d3d,j_WRITEADJTABLETOFROM_FW
0xe0044d3f,WRITEADJUSTMENTDATATOFROM_FW
0xe0044d5b,WRITEUSERSETTINGDATATOFROM_FW
0xe0044fdb,GetDCPAdjOffset_FW
0xe00453c5,GetAdjustmentOffset_FW
0xe00453c9,GetProductID_FW
0xe00453db,GetAdjDataAreaAddress_FW
0xe00453df,GetAdjDurianFlagSize_FW
0xe00453e3,SetErasingSensorCleaningArea_FW
0xe004542b,CreateUserSettingMirror_FW
0xe0048ec3,task_ReadFileTask
0xe004b5a3,task_ShutterSoundTask
0xe004b693,task_DvlpSeqTask
0xe004c8d9,drysh_FW
0xe004e617,kbd_read_keys_r2
0xe004e73b,GetKbdState
0xe004ed23,j_GetKbdState
0xe004ed39,j_StartCameraLog_FW
0xe004ed3d,j_ShowCameraLog_FW
0xe004ed41,j_ShowCameraLogInfo_FW
0xe004ed45,j_StopCameraLog_FW
0xe004ed49,j_PutsCameraLogEvent_FW
0xe004ed4d,OpLog.Create_FW
0xe004ed9f,j_NewTaskShell_FW
0xe004eda3,j_ExMem.View_FW
0xe004eda7,j_ExMem.AllocUncacheable_FW
0xe004edab,j_ExMem.FreeUncacheable_FW
0xe004edaf,j_ExMem.AllocCacheable_FW
0xe004edb3,j_ExMem.FreeCacheable_FW
0xe004edb7,ExMem_FW
0xe0050eb3,task_ResizeTask
0xe0052ff5,task_WbSeqTask
0xe00547ef,task_DistTask
0xe005544b,set_exception_handler
0xe0055455,set_panic_handler
0xe00554a1,default_assert_handler
0xe00557e5,default_exception_handler
0xe00559d3,default_panic_handler
0xe0055d71,ExMem.View_FW
0xe005604f,exmem_ualloc
0xe00561d9,ExMem.AllocUncacheable_FW
0xe005625f,exmem_ufree
0xe005628f,ExMem.FreeUncacheable_FW
0xe005629b,exmem_alloc
0xe00562d5,ExMem.AllocCacheable_FW
0xe00562dd,exmem_free
0xe005632b,ExMem.FreeCacheable_FW
0xe0056439,task_CreateHeaderTask
0xe0056651,init_error_handlers
0xe00569d5,task_OpePlay
0xe0056b09,OpLog.Stop_FW
0xe0056b1f,OpLog.WriteToROM_FW
0xe0056b3f,j_OpLog.WriteToROM_FW
0xe0056b61,OpLog.ReadFromROM_FW
0xe0056ba3,OpLog.ReadFromSD_FW
0xe0056db3,OpLog.WriteToSD_FW
0xe005726b,OpLog.Get_FW
0xe0057281,OpLog.GetUsrSet_FW
0xe00572ff,OpLog.Play_FW
0xe00573f1,OpLog.Start_FW
0xe005747f,OpLog.Terminate_FW
0xe0057ea5,task_JpegEncTask
0xe0059a1f,HdmiRegDump_FW
0xe0059a91,CecRegDump_FW
0xe005a133,HardwareDefect_FW
0xe005aa15,GetLogToFile_FW
0xe005aa2b,IsRomLogAvailable_FW
0xe005aa37,EraseLogSector_FW
0xe005b079,kbd_p2_f
0xe005b319,task_PhySw
0xe005b569,GetSwitchStatus_FW
0xe005b5c1,GetSDDetect_FW
0xe005b5c7,GetSDProtect_FW
0xe005b5d9,GetDialEventId_FW
0xe005b5dd,GetLcdPosition_FW
0xe005b5e1,GetBatteryCoverClose_FW
0xe005b5e5,IsHvSensorExist_FW
0xe005b5e9,GetPopupOpen_FW
0xe005b5f5,kbd_read_keys
0xe005b62b,kbd_p1_f
0xe005b633,kbd_p1_f_cont
0xe005b7b1,TurnOffE1_FW
0xe005b81b,task_Bye
0xe005bb93,task_HdmiCecTask
0xe005bce1,ChangePowerState_FW
0xe005bd31,EnableHDMIPower
0xe005bd67,DisableHDMIPower
0xe005c13f,task_LensController
0xe005c2f7,task_LensController
0xe005c9e3,IsLensOutside_FW
0xe005c9fd,GetFocusStartZoomPosition_FW
0xe005ca05,GetMechaCondition_FW
0xe005e345,task_MechaAlarm
0xe005e84d,GetDcmSpeedLog_FW
0xe005e917,SetPMByGpio_FW
0xe005e921,ClearPMByGpio_FW
0xe005e92f,ClearPMByFs_FW
0xe005e939,MoveDCMotorCW_FW
0xe005ea09,MoveDCMotorCCW_FW
0xe005ea6b,SetDCMotorWaitTime_FW
0xe005efad,NRTBL.SetDarkSubType_FW
0xe005efbf,NRTBL.SetDefectCorrectType_FW
0xe005efd1,NRTBL.SetTassenType_FW
0xe005fb09,GetCurrentZoomLensPosition_FW
0xe005fb09,GetCurrentZoomPosition_FW
0xe005fb09,GetZoomLensCurrentPosition_FW
0xe005fb09,j_GetZoomLensCurrentPosition
0xe005fb75,GetCurrentZoomLensPoint_FW
0xe005fb75,GetCurrentZoomPoint_FW
0xe005fb75,GetZoomLensCurrentPoint
0xe005fb75,GetZoomLensCurrentPoint_FW
0xe005ff63,GetZoomLensTelePoint_FW
0xe005ff63,GetZoomTelePoint_FW
0xe0060269,IsZoomLensOutSidePosition_FW
0xe00604ed,GetZoomLensMechaEdgePosition_FW
0xe00604f1,GetZoomDrivingTime_FW
0xe0060511,GetZoomLensMinimumSpeedMoveLimitTime_FW
0xe0061f87,GetUsableAvRange
0xe0062bad,GetCurrentAvValue
0xe0062bad,GetCurrentAvValue_FW
0xe0062bad,GetIrisAv_FW
0xe0062d23,GetCurrentIrisPosition_FW
0xe0062d23,GetIrisCurrentPosition_FW
0xe0062f6b,GetIrisPRResetPosition_FW
0xe006307b,task_DevelopCR2
0xe00630b7,task_DevelopRawToYuv
0xe0063609,task_DevelopJpeg
0xe006500d,GetZoomPiSensorLevel_FW
0xe006503d,GetFocusPiSensorLevel_FW
0xe006506d,GetIrisPiSensorLevel_FW
0xe0067ab3,apex2us
0xe0068629,task_SsgMainTask
0xe0068877,task_SsgPeriodTask
0xe006a469,task_AlgStgAlg
0xe006a53d,task_AlgStgQr
0xe006a7d9,task_EncRemoteEVFJpgTask
0xe006aa35,GetMechaShutterMoveTime_FW
0xe006aa53,GetMechaShutterStatus_FW
0xe006aa69,ReloadMechaShutterAdjustment_FW
0xe006de65,GetIrisSpecOpenPosition_FW
0xe006de71,GetIrisSpecClosePosition_FW
0xe006fb7d,GetZoomAmpereLimitOffTime_FW
0xe006fda1,task_Gap4
0xe007156d,task__tgTask
0xe00720a9,GetCurrentShutterSpeed
0xe00720a9,GetCurrentShutterSpeed_FW
0xe00723bb,GetCurrentExposureTime_FW
0xe0072633,task_SyncPeriod
0xe0072781,task_SynchTask
0xe0074fa9,IMX183OBClamp.EnableEvent_FW
0xe0074fb3,IMX183OBClamp.DisableEvent_FW
0xe0074fbb,IMX183OBClamp.SetDeltaGainThresh_FW
0xe0074fc5,IMX183OBClamp.SetKidsThresh_FW
0xe0074fd5,IMX183OBClamp.SetChOffK_FW
0xe007d125,task_DetectMoveTask
0xe00841ff,Ltkids.IsChangeParamTest_FW
0xe00ab9a3,task_CtgTotalTask
0xe00af125,task_LiveImageTask
0xe00af531,task_LiveImage2ndTask
0xe00b5bc1,task_GapBS
0xe00b6833,task_MetaCtgPrsTask
0xe00f2b5d,task_FsIoNotifyTask
0xe00ffb8b,task_Raw2Ss2YuvTask
0xe0107753,LcdCon_SetLcdBackLightBrightness_FW
0xe0107757,LcdCon_SetLcdBackLightParameter_FW
0xe010778d,LcdCon_GetLcdBackLightParameter_FW
0xe01077b7,LcdCon_ShowLcdBackLightParameter_FW
0xe01077db,LcdCon_SaveLcdBackLightParameter_FW
0xe01082cb,TurnOnDisplay
0xe01082d9,j_TurnOffDisplay
0xe010894f,task_MechaNCTask
0xe0112385,task_FmidTask
0xe011c02f,GetFaceAuthBinAddr_FW
0xe011c033,GetFaceAuthBinSize_FW
0xe011c039,IsOKFaceAuthBinFile_FW
0xe013a3d1,task_ClockSavePU1
0xe016c461,task_AprocMusicTask
0xe016d2d1,task_AprocMainTask
0xe016d3b3,task_AprocBpGenTask
0xe016d415,task_AprocVaif3Task
0xe017105d,AprocSigProc_SetSigProcByMode_FW
0xe01710cd,AprocSigProc_InitialSet_FW
0xe01710f9,AprocSigProc_TestGen_FW
0xe0171101,AprocSigProc_DRange_FW
0xe0171107,AprocSigProc_DCCut_FW
0xe017110d,AprocSigProc_GainCrct_FW
0xe0171113,AprocSigProc_BgmMix_FW
0xe017111b,AprocSigProc_GainAdj_FW
0xe0171123,AprocSigProc_NoiseCut_FW
0xe017112b,AprocSigProc_Stereo_FW
0xe0171131,AprocSigProc_WindCut_FW
0xe0171137,AprocSigProc_EQ_FW
0xe017113f,AprocSigProc_FIL1_FW
0xe0171147,AprocSigProc_FIL2_FW
0xe017114f,AprocSigProc_FIL3_FW
0xe0171157,AprocSigProc_FIL4_FW
0xe017115f,AprocSigProc_ALC_FW
0xe0171165,AprocSigProc_Limiter_FW
0xe017116d,AprocSigProc_BGNoise_FW
0xe0171175,AprocSigProc_LevelMeter_FW
0xe017117d,AprocSigProc_ALCReset_FW
0xe0171185,AprocSigProc_WindCutReset_FW
0xe017118d,AprocSigProc_NCReset_FW
0xe01711a5,AprocSigProc_TestGen1kHz_FW
0xe018a30d,AprocSigProc_LoadProfileAdj_FW
0xe018a30d,SoundDevSetZoomNCProfile_FW
0xe018a6c5,AprocSigProc_NoiseCutEffect_FW
0xe018a6c5,SoundDevZoomNCEffective_FW
0xe01a7cfb,SoundDevParam_SetATTMode_FW
0xe01a7d13,SoundDevParam_SetMicSelect_FW
0xe01afcd3,task_DetSeqChaseT
0xe01b8d6d,fw_yuv_layer_buf_helper
0xe01ccb27,GraphicSystemCoreFinish_helper
0xe01ce281,MovieAF.Suspend_FW
0xe01ce28b,MovieAF.Resume_FW
0xe01d2b3f,StartTestRecLog_FW
0xe01d2b4b,StopTestRecLog_FW
0xe01d5655,GraphicSystemCoreFinish
0xe01d7ab9,GUISrv_StartGUISystem_FW
0xe01d7c5d,mktime_ext
0xe0207fd9,zicokick_start
0xe020806d,zicokick_copy
0xe021d61d,task_AfIntSrvTask
0xe022092d,task_ImagePlaySysConTask
0xe0222c8d,task_ImageRetryConTask
0xe022b329,task_Cave2MainTask
0xe0232c09,task_ImgPlyDC
0xe0232d1d,task_ImgPlyDCLow
0xe0232f41,task_AlbumReader
0xe023394f,task_SAEffect
0xe0236ae1,task_Cave2RecTask
0xe024d123,is_movie_recording
0xe02571bf,GetZ_AxisAcceleration_FW
0xe02571cb,GetY_AxisAcceleration_FW
0xe02571d7,GetX_AxisAcceleration_FW
0xe025737d,GetSlantAngle_FW
0xe02573f5,GetAoriAngle_FW
0xe0257423,GetAcceleHvPosition_FW
0xe0258af1,task_TricDecVTask
0xe025c22d,task_TricEncVTask
0xe025cb57,task_TricEncMsgTask
0xe025d527,task_TricInitTask
0xe0271853,PTM_AllReset_FW
0xe0271b8f,PTM_GetWorkingCaptureMode_FW
0xe0271b9b,PTM_SetCurrentItem_FW
0xe0271e69,PTM_NextItem_FW
0xe0271e6d,PTM_PrevItem_FW
0xe02721fb,PTM_SetProprietyEnable_FW
0xe02723e3,PTM_IsEnableItem_FW
0xe02724e3,PTM_BackupUIProperty_FW
0xe02724e3,SetParameterData
0xe02725cf,GetParameterData
0xe028c771,task_AFTask
0xe028dd2b,GetMacroSupportZoomPoint_FW
0xe0291a81,task_MoviePlay
0xe02980f9,MoveOpticalZoomAt
0xe02982c3,PT_MoveDigitalZoomToWide
0xe0298353,SS.GetDigitalZoomPosition_FW
0xe02989e7,DoAFLock
0xe0298a17,UnlockAF
0xe0298d6d,EnterToCompensationEVF
0xe0298dad,ExitFromCompensationEVF
0xe0298e1d,DoAELock
0xe0298e3b,UnlockAE
0xe0299ea5,PT_MFOn
0xe0299ed9,PT_MFOff
0xe029a115,SS.SetAvailShot_FW
0xe02a1a91,ExpCtrlTool_StartContiAE
0xe02a1bfd,ExpCtrlTool_StopContiAE
0xe02a7257,SoundDevSetSyncRate_FW
0xe02a7609,task_SoundTsk
0xe02a7725,InitializeAudio_FW
0xe02a7a0b,SoundDevAprocSignalMute_FW
0xe02a7d3d,SoundDevSetParamIn_FW
0xe02a86e3,SoundDevSetBgmMixRate_FW
0xe02a8701,SoundDevSetBgmData_FW
0xe02a8839,SoundDevBgmFadeOut_FW
0xe02a884b,SoundDevMovPlayMuteForStoryHighlight_FW
0xe02a8dad,TurnOnVideoOutMode_FW
0xe02a8ddd,TurnOffVideoOutMode_FW
0xe02a8ea3,BeepDrive_FW
0xe02a8eb7,BeepDriveComp_FW
0xe02a8ecb,BeepDriveStop_FW
0xe02a8ed9,SoundDevInitMusic_FW
0xe02a901f,SoundDevStopRecMusic_FW
0xe02a9055,SoundDevClearPath_FW
0xe02a9307,SoundDevRecMusic_FW
0xe02a93d7,SoundDevPlayMusic_FW
0xe02a9433,SoundDevStopPlayMusic_FW
0xe02a9485,SoundDevSetZoomNCAdjDigiProcThroughPath_FW
0xe02a948b,SoundDevSetZoomNCCheckPath_FW
0xe02a9497,j_SoundDevClearPath_FW
0xe02a9499,j_SoundDevZoomNCEffective_FW
0xe02a949d,j_SoundDevSetZoomNCProfile_FW
0xe02a94a1,SoundDevSetMovieRecPath_FW
0xe02a94b7,SoundDevSetSpVol_FW
0xe02a94c1,SoundDevSetSpkpwmVol_FW
0xe02a9661,SoundDevBeepGenGain_FW
0xe02a9667,SoundDevLineOut_FW
0xe02a966d,SoundDevSetRecPath_FW
0xe02a967d,SoundDevSetBeepPWMMuteParam_FW
0xe02a9697,SoundDevPlayOpSound_FW
0xe02a972f,SoundDevPlayOpSoundForStoryAlbum_FW
0xe02a98e5,SoundDevRecMusicOnDramTest_FW
0xe02a992b,SoundDevDumpChIn0_FW
0xe02a994d,SoundDevRecChIn0_FW
0xe02a9a87,ApMoniSel_FW
0xe02a9acf,SoundDevSetVaifLineSel_FW
0xe02a9afd,SoundDevAprocSetPathInDramSub_FW
0xe02a9b1b,SoundDevAprocSigProc_SetBgmFadeSetting_FW
0xe02a9b2b,SoundDevAprocSetPathMuteLout0_FW
0xe02a9b59,SoundDevAprocSetPathMuteSout0_FW
0xe02a9b87,SoundDevAprocSetPathMuteCout0_FW
0xe02a9bb5,SoundDevAprocSetPerifLineMute_FW
0xe02a9bdf,SoundDevAprocSetPerifHpMute_FW
0xe02a9c09,SoundDevAprocSetPerifSpMute_FW
0xe02aaa19,task_MetaCtg
0xe02b15e3,task_DetSeqFaceT
0xe02b2881,LcdCon_SetLcdDriver_FW
0xe02b28af,LcdCon_SetLcdAdjParameter_FW
0xe02b2919,LcdCon_GetLcdAdjParameter_FW
0xe02b2949,LcdCon_ShowLcdAdjParameter_FW
0xe02b296d,LcdCon_SaveLcdAdjParameter_FW
0xe02b297f,LcdCon_SetLcdParameter_FW
0xe02b2a3d,LcdCon_GetLcdParameter_FW
0xe02b2a6f,LcdCon_ShowLcdParameter_FW
0xe02b2a95,LcdCon_SaveLcdParameter_FW
0xe02b34e7,task_BrtCalcTask
0xe02d0ad9,task_ExpDrv
0xe02d0ad9,task_ExpDrvTask
0xe02e548f,EnableDebugLogMode_FW
0xe02e5499,DisableDebugLogMode_FW
0xe02e58ff,task_ZoomEvent
0xe02e5a8d,task_ZoomActuatorSpeedLog
0xe02e6073,IsZoomActuatorResetSensorPlusSide_FW
0xe02e661d,MoveZoomActuator_FW
0xe02e6645,SetZoomActuatorSpeedPPS_FW
0xe02e6653,GetZoomActuatorSpeedPPS_FW
0xe02e6659,j_GetZoomActuatorCurrentPosition_FW
0xe02e665d,j_IsZoomActuatorResetSensorPlusSide_FW
0xe02e665f,EnableZoomActuatorSpeedLog_FW
0xe02e6669,DisableZoomActuatorSpeedLog_FW
0xe02e6685,SetZoomSpeedCheckStopTime_FW
0xe02e6693,SetZoomPermitTargetMaxSpeedPPS_FW
0xe02e66ab,GetZoomActuatorCurrentPosition_FW
0xe02e931b,task_Cave2PbTask
0xe02ee203,handle_PTP_OC_ResetDevicePropValue
0xe02ee355,handle_PTP_OC_SetDevicePropValue
0xe02ee443,handle_PTP_OC_GetDevicePropValue
0xe02ee515,handle_PTP_OC_GetDevicePropDesc
0xe02f082b,get_playrec_mode
0xe02f31db,add_ptp_handler
0xe02fd079,j_GetRomID
0xe0303fad,UIFS_WirelessExecuteSendForever_FW
0xe030658f,mzrm_createmsg
0xe0306693,mzrm_sendmsg
0xe0306df1,EpilogShow_FW
0xe0306f1d,EpilogFile_FW
0xe0306f39,task_Epilog
0xe0306f63,EpilogMenu_FW
0xe0336089,UIFS_GetNumberOfDisplayedImage_FW
0xe033f9cb,task_FocusEvent
0xe034000f,GetFocusLensFinalStopSettingTime_FW
0xe03514cd,UIFS_MoveZoomTo_FW
0xe0351951,UIFS_GetNumOfOptZoomPos_FW
0xe0351a3d,UIFS_MoveZoomToPositionWithTaskSwCtrlServ_FW
0xe0356633,UIFS_StartMovieRecord_FW
0xe0356649,UIFS_StopMovieRecord_FW
0xe035b13f,task_CorctTask
0xe035d9c9,cameracon_set_state
0xe035dfcb,PB2Rec
0xe035e00f,Rec2PB
0xe035f8b9,cameracon_get_state
0xe035f947,UIFS_CancelStoreLensTimer_FW
0xe035fde7,j_Rec2PB
0xe0363de7,UIFS_IsAvailableShots_FW
0xe036434b,UIFS_GetStillShotableNumber_FW
0xe036434f,UIFS_GetMovieRecoadableNumber_FW
0xe036787b,IsWirelessConnect
0xe0368075,get_current_exp
0xe036a599,GetCurrentDriveBaseSvValue
0xe036ae25,SetPropertyCase
0xe036af69,GetPropertyCase
0xe036b501,PutsCameraLogEvent_FW
0xe036b533,ShowCameraLogInfo_FW
0xe036b579,ShowCameraLog_FW
0xe036b5a5,StartCameraLog_FW
0xe036b607,StopCameraLog_FW
0xe036b641,LogCameraEvent
0xe0370067,_GetSystemTime
0xe0370335,RegisterEventProcedure
0xe0370389,RegisterEventProcedure_alt1
0xe037038d,UnRegisterEventProcedure
0xe03703e3,ExecuteEventProcedure
0xe0370429,ExecuteEventProcedure_FW
0xe0370491,RegisterEventProcedure_alt2
0xe0370495,RegisterEventProcTable
0xe03704ab,UnRegisterEventProcTable
0xe03709d3,ExportToEventProcedure_FW
0xe03709d9,CreateProxyOfEventProcedure_FW
0xe0370a11,DeleteProxyOfEventProcedure_FW
0xe0370a49,RegisterEventProcTable_alt
0xe0370a4d,j_UnRegisterEventProcTable
0xe0370a4d,UnRegisterEventProcTable_alt
0xe0370ecb,DeleteFile_Fut
0xe0370f15,DeleteDirectory_Fut
0xe0370f4f,Fopen_Fut
0xe0370f4f,Fopen_Fut_FW
0xe0370f77,Fclose_Fut
0xe0370f77,Fclose_Fut_FW
0xe0370feb,Fread_Fut
0xe0370feb,Fread_Fut_FW
0xe0371023,Fwrite_Fut
0xe0371023,Fwrite_Fut_FW
0xe037105b,Fgets_Fut
0xe037108d,Fseek_Fut
0xe037108d,Fseek_Fut_FW
0xe03710c1,Feof_Fut
0xe03710eb,Fflush_Fut
0xe037111d,fut_prepare
0xe0371135,fut_finish
0xe0371491,CreateController_FW
0xe0371517,DeleteController_FW
0xe03715af,MoveControllerToTopOfZOrder_FW
0xe037160b,CtrlMan_ChangeZOrder_FW
0xe037165b,GetSelfControllerHandle_FW
0xe0371a61,set_control_event
0xe0371a91,j_set_control_event
0xe0371c9d,IsControlEventActive_FW
0xe0371cdf,SetLogicalEventActive
0xe0371cdf,UiEvnt_SetLogicalEventActive_FW
0xe0371d17,SetScriptMode
0xe0371d17,SetScriptMode_FW
0xe0371dab,UiEvnt_StartDisguiseCradleStatus_FW
0xe0371db3,UiEvnt_StopDisguiseCradleStatus_FW
0xe0371e69,ui_malloc_default
0xe0371eab,ui_free_default
0xe0371f09,ui_malloc
0xe0371f0f,ui_free
0xe03729a1,GetFocusLensPullInMaxSpeed_FW
0xe0372bf5,GetCurrentTargetDistance_FW
0xe0372bf5,GetFocusLensSubjectDistance
0xe0372c45,GetCurrentFocusLensPosition_FW
0xe0372c45,GetCurrentFocusPosition_FW
0xe0372eeb,GetFocusLensSubjectDistanceFromLens
0xe0372f63,GetFocusLensAvCoefficient_FW
0xe0372fe9,IsFocusLensOutSidePosition_FW
0xe0373007,GetFocusResetPosition_FW
0xe0373061,GetFocusDefaultResetPosition_FW
0xe03738a1,PrintFirmVersion_FW
0xe03738c5,PrintFaexeVersioin_FW
0xe03738cf,CreateFADBGSingalID_FW
0xe03738d7,FADBGSingal_FW
0xe0373945,FADBGPrintf_FW
0xe03739ff,FAPrintf_FW
0xe0373a2b,OutputLogToFile_FW
0xe0373abd,StopLogOut_FW
0xe0373ce3,GetLogData_FW
0xe0373ce7,GetLogDataOnlyAddMemory_FW
0xe0373ceb,ActivateAdjLog_FW
0xe0373cf9,InactivateAdjLog_FW
0xe0373d07,StartLogOut_FW
0xe0373d11,IsLogOutType_FW
0xe0373d17,GetCurrentMaximumLogSize_FW
0xe0373d81,Open_low
0xe0373e05,Close_low
0xe0373e3d,Write
0xe0373e3d,Write_FW
0xe0373e7b,Open
0xe0373e7b,Open_FW
0xe0373eb7,Close
0xe0373eb7,Close_FW
0xe0374047,j_Read_FW
0xe037404b,j_Write_FW
0xe0374089,lseek
0xe0374089,Lseek_FW
0xe0374097,OpenForScrip_FW
0xe03740bd,stat
0xe037422f,MakeDirectory_Fut
0xe03742b1,PrepareDirectory_x
0xe0374351,PrepareDirectory_1
0xe0374355,PrepareDirectory_0
0xe03747f5,init_sd_io_funcs
0xe0374bcf,get_fstype
0xe0374c35,GetDrive_ClusterSize
0xe0375125,GetDrive_TotalClusters
0xe0375149,GetDrive_FreeClusters
0xe03754ef,MakeSDCardBootable
0xe03756bf,StartPlayModeMenu_FW
0xe03756d9,StartRecModeMenu_FW
0xe0375785,ShutdownRecModeMenu_FW
0xe03758e7,ShutdownPlayModeMenu_FW
0xe0375995,ShutdownPlayModeMenuWithoutPbRedraw_FW
0xe037668d,DispSwCon_TurnOffDisplay_FW
0xe0376cc7,PTM_AllResetToFactorySetting_FW
0xe0376cd3,j_PTM_AllReset_FW
0xe0376ce7,PTM_RestoreUIProperty_FW
0xe0376d2b,PTM_GetCurrentItem
0xe0376d2b,PTM_GetCurrentItem_FW
0xe0376d71,j_PTM_GetWorkingCaptureMode_FW
0xe037741b,PTM_SetCurrentCaptureMode_FW
0xe03775b3,j_PTM_SetCurrentItem_FW
0xe03775cb,j_PTM_NextItem_FW
0xe03775cf,j_PTM_PrevItem_FW
0xe03775e3,j_PTM_IsEnableItem_FW
0xe03775eb,j_PTM_SetProprietyEnable_FW
0xe0377603,j_PTM_BackupUIProperty_FW
0xe0377dbb,transfer_src_overlay
0xe0378993,transfer_src_overlay_helper
0xe037a0ad,j_strcmp_FW
0xe037a0c1,strcmp
0xe037a0c1,strcmp_FW
0xe037a7f3,GetLogicalEventName_FW
0xe037a839,PostLogicalEventForNotPowerType
0xe037a839,PostLogicalEventForNotPowerType_FW
0xe037a86d,PostLogicalEventToUI
0xe037a86d,PostLogicalEventToUI_FW
0xe037a96b,PostEventShootSeqToUI_FW
0xe037a99d,ShowLogicalEventName_FW
0xe037ab79,task_CtrlSrv
0xe037b671,task_StartupImage
0xe037ca81,SetCurrentCaptureModeType
0xe037ca81,SetCurrentCaptureModeType_FW
0xe037dbed,GetCurrentCaptureModeType_FW
0xe037e475,PT_PlaySound
0xe037e5d5,j_malloc
0xe037e5d9,j_free
0xe037e5dd,malloc_strictly
0xe037e5fd,j_pvm_init_pool
0xe037e605,j_pvm_malloc
0xe037e609,j_pvm_free
0xe037e60d,pvm_get_largest_free_block_size_ptr
0xe037e665,dry_con_printf
0xe037e6a5,strcpy
0xe037e6a5,strcpy_FW
0xe037e6b5,sprintf_FW
0xe037e6c7,strlen
0xe037e6c7,strlen_FW
0xe037eb07,task_DevelopModule
0xe0383d3d,task_SceneDetectTask
0xe038a4b7,task_EdetSBJTask
0xe038f12f,task_MovieRecord
0xe0394a1d,ExecuteInitFactorySetting_FW
0xe0394a41,j_ExecuteShutDownPropertyService_FW
0xe0395587,task_FaceFrame
0xe03991a5,task_ImgPlyTask
0xe039933d,task_ImgPlyTsk2
0xe03a4023,task_FileScheduleTask
0xe03af92b,task_FileWrite
0xe03af92b,task_FileWriteTask
0xe03b5bc5,task_WBLPFace
0xe03bf171,memcmp
0xe03bf171,memcmp_FW
0xe03bf519,memcpy
0xe03bf519,memcpy_FW
0xe03e1d6d,task_WBCtrl
0xe03e38cd,HdmiViewParameter_FW
0xe03ea9a3,UIFS_Capture_FW
0xe03eaa55,UIFS_CaptureNoneStop_FW
0xe03ece73,FmtMenu_ExecuteQuickFormat_FW
0xe03f2fd5,task_ReadMultiConTask
0xe03f4ac1,SetHPTimerAfterNow
0xe03f4b5b,CancelHPTimer
0xe03fa829,closedir
0xe03fa861,OpenFastDir
0xe03fa8ff,ReadFastDir
0xe03fa935,j_closedir
0xe03fb7e1,task_DefMarkRomCopyTask
0xe03fbedd,IsUnitFirmMode_FW
0xe0401021,task_Thermometer
0xe0401177,GetCCDTemperature
0xe0401177,GetCCDTemperature_FW
0xe04011cd,GetBatteryTemperature
0xe04011cd,GetBatteryTemperature_FW
0xe0401223,GetOpticalTemperature
0xe0401223,GetOpticalTemperature_FW
0xe0401275,GetCCDMilliTemperature_FW
0xe04012d5,GetBatteryMilliTemperature_FW
0xe0401335,GetOpticalMilliTemperature_FW
0xe04013d1,IsOpticalTemperature_FW
0xe04013f5,IsCCDTemperature_FW
0xe0401449,IsBatteryTemperature_FW
0xe0401481,j_GetOpticalTemperature_FW
0xe0401483,j_GetCCDTemperature_FW
0xe0401485,j_GetBatteryTemperature_FW
0xe0401487,j_GetOpticalMilliTemperature_FW
0xe0401489,j_GetCCDMilliTemperature_FW
0xe040148b,j_GetBatteryMilliTemperature_FW
0xe040148d,j_IsOpticalTemperature_FW
0xe040148f,j_IsCCDTemperature_FW
0xe0401491,j_IsBatteryTemperature_FW
0xe0401ddd,UnLoadScript_FW
0xe0401e3b,Printf_FW
0xe0401e45,LoadScript_FW
0xe0402367,GetLatestHVPosition_FW
0xe0402395,file_counter_var_init
0xe0403913,task_EISMainTask
0xe040420d,task_TmgGen
0xe0408095,GetFocusLensResetPosition_FW
0xe04080a1,GetFocusLensResetDefaultPosition_FW
0xe040bca7,LiveImageTool.GetDzoomPosition_FW
0xe040bdf5,GetVRAMHPixelsSize
0xe040bdf5,GetVRAMHPixelsSize_FW
0xe040bdfd,GetVRAMVPixelsSize
0xe040bdfd,GetVRAMVPixelsSize_FW
0xe040be05,GetMovieJpegVRAMHPixelsSize_FW
0xe040be0f,GetMovieJpegVRAMVPixelsSize_FW
0xe040c2c9,E2LatOn_FW
0xe040c4e7,j_GetFaceAuthBinAddr_FW
0xe040c4eb,j_GetFaceAuthBinSize_FW
0xe040c4ef,j_IsOKFaceAuthBinFile_FW
0xe0414a45,task_SMAL_Enumeration
0xe0418515,task_ColorSBJTask
0xe0419079,task_MediaStatusMngr
0xe04192ef,j_get_current_nd_value
0xe041ca3f,qsort
0xe04200b1,task_InitFileModules
0xe04200e3,task_CommonDrivers
0xe042030f,WriteToRom_FW
0xe0420389,EraseRom_FW
0xe0420425,GetRomID_FW
0xe0422079,strncmp
0xe04253ff,task_ITCMainTask
0xe04258e7,dcache_clean_flush_and_disable
0xe042593d,dcache_flush_range
0xe0425999,dcache_clean_range
0xe0425a71,icache_flush_range
0xe0425f17,SetRecAutoShutdownTime_FW
0xe0425f35,SetPlayAutoShutdownTime_FW
0xe042ecd9,get_self_task_errno_pointer
0xe0431637,screenlock_helper
0xe043461d,task_MrkSetTask
0xe0439821,get_displaytype
0xe043985d,TurnOffDisplay
0xe0439e2b,DispCon_ShowYuvData_FW
0xe0439e51,DispCon_ShowColorBar_FW
0xe0439eb1,DispCon_ShowFiveStep_FW
0xe0439f7d,DispCon_ShowWhiteChart_FW
0xe0439faf,DispCon_ShowBlackChart_FW
0xe0439fbf,DispCon_ShowBitmapColorBar_FW
0xe0439ff9,DispCon_ShowCustomColorBar_FW
0xe043a079,DispCon_SetDisplayType_FW
0xe043a08d,DispCon_ShowColorChart_FW
0xe043a09f,DispCon_ShowWhiteLine_FW
0xe043a1f1,DispCon_ShowNStepsChart_FW
0xe043a29f,DispCon_TurnOnDisplay_FW
0xe043a2a9,DispCon_TurnOffDisplay_FW
0xe043a2b3,DispCon_TurnOnBackLight_FW
0xe043a2b7,DispCon_TurnOffBackLight_FW
0xe043a2bb,DispCon_SetMaxBackLightBrightness_FW
0xe043a2bf,DispCon_TurnOnBackLightForCheckVoltage_FW
0xe043a2ed,DispCon_TurnOffBackLightForCheckVoltage_FW
0xe043a36f,DispCon_SaveNTSCAdjParameter_FW
0xe043a379,DispCon_GetNTSCAdjParameter_FW
0xe043a3a5,DispCon_ShowNTSCAdjParameter_FW
0xe043a3b1,DispCon_SetNTSCAdjParameter_FW
0xe043a3e9,DispCon_SavePALAdjParameter_FW
0xe043a3f3,DispCon_GetPALAdjParameter_FW
0xe043a41f,DispCon_ShowPALAdjParameter_FW
0xe043a42b,DispCon_SetPALAdjParameter_FW
0xe043a4a3,DispCon_SetLcdGainAdjParameter_FW
0xe043a4d7,DispCon_GetLcdGainAdjParameter_FW
0xe043a501,DispCon_ShowLcdGainAdjParameter_FW
0xe043a50b,DispCon_SaveLcdGainAdjParameter_FW
0xe043a51f,DispCon_SetSSCGParameter_FW
0xe043a5c1,DispCon_ShowHdChart_FW
0xe043af3d,get_current_deltasv
0xe043db0d,task_WBIntegTask
0xe0451221,open
0xe0451293,close
0xe0451397,Read
0xe0451397,Read_FW
0xe045165f,task_MovieInit
0xe045197f,strchr
0xe04519d5,task_OBCtrlTask
0xe045be0d,imager_active_callback
0xe045bea3,ImagerActivate
0xe045bf2d,ClearImageDrive_FW
0xe045d359,task_LEDCon
0xe045d8a9,ExecuteShutDownPropertyService_FW
0xe045e135,Scene.ForbidContiSceneDetect_FW
0xe045e159,Scene.TestSunset_FW
0xe045e17f,Scene.TestBabySmile_FW
0xe045e1a7,Scene.TestBabySleep_FW
0xe045e1cf,Scene.TestHumanSmile_FW
0xe045e1f7,Scene.TestHumanSleep_FW
0xe045e21f,Scene.TestKidMove_FW
0xe0463383,vsprintf
0xe046362b,TP_FirmwareUpdate_FW
0xe0463661,TP_GetFirmwareVersion_FW
0xe0463a0b,task_TouchPanel
0xe0463c41,TouchPanelStartPolling_FW
0xe0463ca5,TouchPanelStopPolling_FW
0xe0463e25,TouchPanelExecRawDiffTest_FW
0xe0463e75,TouchPanelExecIDACTest_FW
0xe0463e77,TouchPanelExecBaselinesTest_FW
0xe0463eb1,TouchPanelExecTest_FW
0xe0463f39,TouchPanelSetSensitive_FW
0xe0463f53,TouchPanelSetReverseMode_FW
0xe0463f67,TouchPanelStartPrintPosition_FW
0xe0463f77,TouchPanelStopPrintPosition_FW
0xe0464269,File.ClearExifInfo_FW
0xe0464337,File.Delete_AllImg_FW
0xe046437b,File.SetSACustomEffect_FW
0xe0464923,File.Create_FW
0xe04651af,task_ImageStoreTask
0xe046d8f5,task_AlbumMaker
0xe046e571,AllocateUncacheableMemory
0xe046e59d,FreeUncacheableMemory
0xe046e5af,umalloc_strictly
0xe047181d,UIFS_WriteFirmInfoToFile
0xe047181d,UIFS_WriteFirmInfoToFile_FW
0xe047513b,malloc
0xe0475173,free
0xe047a18d,AFTool.GetEVal_FW
0xe047a2ed,j_GetMacroSupportZoomPoint_FW
0xe047a2f1,SetLockPosNonCorrectFlag_FW
0xe047a301,GetDarkFixedFocusPosition_FW
0xe047a317,AFTool.StoreAFixPosition_FW
0xe047a333,AFTool.SetAFLogType_FW
0xe047a337,AFTool.SetDebugAFSequence_FW
0xe047a657,task_FaceScoreTask
0xe0484ca5,task_UsbcTask
0xe0484f45,sscanf_FW
0xe0484f57,strncpy
0xe0484f7b,strcat
0xe0485425,task_MechaCPUTransfer
0xe048a29b,ShutterTool.SetTv_FW
0xe048a2a3,ShutterTool.SetTvWithErrMode_FW
0xe048a2ad,ShutterTool.SetTvAfterDriveChange_FW
0xe048a2c7,ShutterTool.SetTvAndFrameRateType_FW
0xe048a369,ShutterTool.CheckTv_FW
0xe048a383,ShutterTool.CheckTvWithErrMode_FW
0xe048a3f5,ShutterTool.SetExpTime_FW
0xe048a3fb,ShutterTool.SetExpTimeWithErrMode_FW
0xe048a401,ShutterTool.SetExpTimeAndFrameRateType_FW
0xe048a49d,ShutterTool.CheckExpTime_FW
0xe048a4b1,ShutterTool.CheckExpTimeWithErrMode_FW
0xe048a4c3,ShutterTool.GetCurTv_FW
0xe048a4d7,ShutterTool.GetCurExpTime_FW
0xe048a4eb,ShutterTool.GetLimOfTv_FW
0xe048a50d,ShutterTool.GetLimOfTvRegular_FW
0xe048a52f,ShutterTool.GetLimOfExpTime_FW
0xe048a54d,ShutterTool.GetLimOfExpTimeRegular_FW
0xe048a56b,ShutterTool.SetTvForFix_FW
0xe048a583,ShutterTool.SetExpTimeForFix_FW
0xe048a599,ShutterTool.GetLimOfTvForFix_FW
0xe048a5ab,ShutterTool.GetLimOfTvForFixWithAv_FW
0xe048a86b,j_TouchPanelStartPolling_FW
0xe048a86f,j_TouchPanelStopPolling_FW
0xe048b4f7,GetNdMoveTime_FW
0xe048f96b,GetFocusLensResetVoltage_FW
0xe0490ec3,task_BatteryTask
0xe04912e5,GetVBatVoltage_FW
0xe04912e5,VbattGet
0xe04912e5,VbattGet_FW
0xe04918d1,task_Accelerometer
0xe049205b,GetSlantData_FW
0xe0492087,GetAoriAccelerationData_FW
0xe04921a1,j_GetX_AxisAcceleration_FW
0xe04921a5,j_GetY_AxisAcceleration_FW
0xe04921a9,j_GetZ_AxisAcceleration_FW
0xe04921ad,GetScalar_Acceleration_FW
0xe04921b5,GetAccelerometerDataWithCorrect_FW
0xe04921d7,CalcAccelerometerAtanAngle_FW
0xe04921e3,j_GetSlantData_FW
0xe04921e5,EnableAcceleLogWrite_FW
0xe04921ef,DisableAcceleLogWrite_FW
0xe0492207,EnableAcceleLogRead_FW
0xe0492211,DisableAcceleLogRead_FW
0xe049222d,StartAcceleSlantMotionDetect_FW
0xe0492231,StopAcceleSlantMotionDetect_FW
0xe0492235,LoadAcceleParamFromFile_FW
0xe0492277,RegisterElecLevelInfoNotifyCBR_FW
0xe0492289,UnRegisterElecLevelInfoNotifyCBR_FW
0xe0492293,EnableHvUpdate_FW
0xe049229d,DisableHvUpdate_FW
0xe04922a7,j_GetSlantAngle_FW
0xe04922ab,j_GetAcceleHvPosition_FW
0xe04922af,j_GetAoriAngle_FW
0xe0492aeb,GetInputAverageLevel_FW
0xe0492b09,SetStereoSeparation_FW
0xe0494157,StartCzTuning_FW
0xe049415b,MoveCzPeakPositon_FW
0xe049415f,ClearCzRecordingMovie_FW
0xe049415f,CzDebugPrint_FW
0xe049415f,ForceCzRecordingMovie_FW
0xe049415f,SetCzDebugFocusMode_FW
0xe049415f,SetCzDebugSubjectDistance_FW
0xe049415f,StartCzLog_FW
0xe049415f,StopAndSaveCzLog_FW
0xe049416b,CzDebugPrintToFile_FW
0xe0494d6f,task_IS_GetExposureTimingTask
0xe0495421,task_ISMainTask
0xe04956f1,ISInitMotion_FW
0xe0495cdd,GetISPWMFreqData_FW
0xe0495cdd,GetISPWMFrequency_FW
0xe0495ce1,GetISPWMPeriod_FW
0xe0495d51,StartISLocalAutoCenter_FW
0xe0495d7d,StartISLocalHallAdjust_FW
0xe049607b,GetGyroDataPitch_FW
0xe0496091,GetGyroDataYaw_FW
0xe04960cf,GetGyro10BitDACPitch_FW
0xe04960d7,GetGyro10BitDACYaw_FW
0xe04960df,GetGyroHPFINOffsetPitch_FW
0xe04960e9,GetGyroHPFINOffsetYaw_FW
0xe04960f3,GetGyroHPFINPitch_FW
0xe04960fb,GetGyroHPFINYaw_FW
0xe049634b,GetDISModeParameter_FW
0xe049641f,GetFixedPWMOutA_FW
0xe0496425,GetFixedPWMOutB_FW
0xe0498c09,task_ControlLog
0xe049e8a9,LCDMsg_SetDrawMode_FW
0xe049e907,LCDMsg_SetStr_FW
0xe049e9c1,LCDMsg_SetNum_FW
0xe049ea43,LCDMsg_SwDisp_FW
0xe049ea8b,LCDMsg_Move_FW
0xe049eb17,LCDMsg_MoveRatio_FW
0xe049eb5d,LCDMsg_ChangeColor_FW
0xe049ebdf,LCDMsg_Delete_FW
0xe049eca9,LCDMsg_Create_FW
0xe049ed75,LCDRect_Move_FW
0xe049eddd,LCDRect_MoveRatio_FW
0xe049ee8d,LCDRect_Resize_FW
0xe049eef5,LCDRect_ResizeRatio_FW
0xe049efc3,LCDRect_ChangeColor_FW
0xe049f067,LCDRect_SwDisp_FW
0xe049f1a5,LCDRect_Create_FW
0xe049f241,LCDRect_Delete_FW
0xe04a0183,Ltkids.SetCapThrough_FW
0xe04a0191,Ltkids.SetLiveThrough_FW
0xe04a019f,Ltkids.SetCapRtsThrough_FW
0xe04a01ad,Ltkids.SetLiveRtsThrough_FW
0xe04a01bb,Ltkids.SetEventFlg_FW
0xe04a01d9,Ltkids.SetIsoSpeed_FW
0xe04a55ed,task_PtpipContoroller
0xe04a678f,task_DPOFTask
0xe04ac7dd,memset
0xe04ac7dd,memset_FW
0xe04b23d9,strrchr
0xe04b24fd,GetDriverInfoEvent_FW
0xe04b2ba9,task_IrisEvent
0xe04b35f7,EnableIrisActuator_FW
0xe04b3611,DisableIrisActuator_FW
0xe04b362b,ResetIrisActuator_FW
0xe04b36bf,GetLensErrorStatus_FW
0xe04d0593,UnlockMainPower
0xe04d0593,UnlockMainPower_FW
0xe04d05f7,LockMainPower
0xe04d05f7,LockMainPower_FW
0xe04d0647,SetAutoShutdownTime
0xe04d0647,SetAutoShutdownTime_FW
0xe04d1bd9,get_dial_hw_position
0xe04d1d55,task_IrisCycleEvent
0xe04d262d,GetZoomPiDefaultPosition_FW
0xe04d2641,GetZoomResetSensorLevel_FW
0xe04d26f5,GetZoomLensDriveResetAmpereDac_FW
0xe04d27b9,GetZoomPiChangePosition_FW
0xe04d4c99,task_MechaShutter
0xe04d9705,GetAdVBattBottom_FW
0xe04d970b,GetAdChValue
0xe04d970b,GetAdChValue_FW
0xe04d99df,task_SD1stInit
0xe04d9e59,UIFS_CtrlManControllerAnytimeTop_FW
0xe04d9e5f,UIFS_IsAvailableMovieRecOptZoom_FW
0xe04d9e63,UIFS_IsAvailableMovieRecDigZoom_FW
0xe04d9e67,UIFS_IsAvailableServoAF_FW
0xe04d9e6b,UIFS_IsAvailableRecMenuAFMode_FW
0xe04d9e6f,UIFS_IsAutoPopupDownStrobe_FW
0xe04d9e73,UIFS_IsAvailableAvTvMode_FW
0xe04d9e77,UIFS_IsAvailablePowerZoom_FW
0xe04d9f85,UIFS_SetDialStillRec_FW
0xe04d9f9f,UIFS_SetDialMovieRec_FW
0xe04d9fcf,UIFS_SetDialPlay_FW
0xe04d9fe9,UIFS_OpenPopupStrobe_FW
0xe04da00b,UIFS_ClosePopupStrobe_FW
0xe04da02f,UIFS_MountExtFlash_FW
0xe04da051,UIFS_UnmountExtFlash_FW
0xe04da075,UIFS_ConnectVideo_FW
0xe04da099,UIFS_DisconnectVideo_FW
0xe04da0bd,j_UIFS_MoveZoomTo_FW
0xe04da0c1,j_UIFS_MoveZoomToPositionWithTaskSwCtrlServ_FW
0xe04da0c5,j_UIFS_GetNumOfOptZoomPos_FW
0xe04da0c9,UIFS_StopPostingUIEvent_FW
0xe04da0cb,UIFS_RestartPostingUIEvent_FW
0xe04da0cd,UIFS_PostModeDial_FW
0xe04da0f7,j_UIFS_Capture_FW
0xe04da0fb,j_UIFS_CaptureNoneStop_FW
0xe04da0ff,j_UIFS_StartMovieRecord_FW
0xe04da103,j_UIFS_StopMovieRecord_FW
0xe04da107,UIFS_StartClockMode_FW
0xe04da111,UIFS_EndClockMode_FW
0xe04da11b,UIFS_SetCradleSetting_FW
0xe04da11d,j_UIFS_WriteFirmInfoToFile_FW
0xe04da121,j_UIFS_GetMovieRecoadableNumber_FW
0xe04da125,j_UIFS_GetStillShotableNumber_FW
0xe04da129,UIFS_ChangeShootState_FW
0xe04da13f,UIFS_GetLastPath_FW
0xe04da163,UIFS_GetAvItemCount_FW
0xe04da1a1,UIFS_GetTvItemCount_FW
0xe04da1e1,UIFS_GetAvItem_FW
0xe04da205,UIFS_GetTvItem_FW
0xe04da229,UIFS_GetCurrentAvString_FW
0xe04da27f,UIFS_GetCurrentTvString_FW
0xe04da2db,j_UIFS_IsAvailableShots_FW
0xe04da2df,UIFS_IsOperationEvent_FW
0xe04da307,UIFS_SetTouchOperation_FW
0xe04da321,j_UIFS_StartMoviePlay_FW
0xe04da325,UIFS_PostBatAuthOK_FW
0xe04da33f,UIFS_PostBatAuthNG_FW
0xe04da359,UIFS_PostBatNoChange_FW
0xe04da373,j_UIFS_GetNumberOfDisplayedImage_FW
0xe04da377,j_UIFS_PlayTrimExecuteAllImageSize_FW
0xe04da37b,j_UIFS_WirelessExecuteSendForever_FW
0xe04da37f,j_UIFS_CancelStoreLensTimer_FW
0xe04da383,UIFS_DisplayFirmUpdateView_FW
0xe04da38b,UIFS_ResetMenuPos_FW
0xe04da3db,UI.CreatePublic_FW
0xe04dad9b,UI_ShowStateOfRecMode_FW
0xe04dadad,UI.Create_FW
0xe04dadad,UI_RegistDebugEventProc_FW
0xe04ddaa5,UIFS_StartMoviePlay_FW
0xe04e58d5,UIFS_PlayTrimExecuteAllImageSize_FW
0xe04e8371,strtolx
0xe04e84cb,strtol
0xe04e875b,task_MotionVector
0xe04ea2f5,task_ScenarioMaker
0xe04f0ee9,task_BA_Task
0xe04f0f6f,BA_IsBatteryChanged_FW
0xe04f1135,_ToggleBatteryStatus_FW
0xe04f176b,task_EvShel
0xe04f1821,NewTaskShell_FW
0xe04f195d,atol_FW
0xe04f2173,ConnectPtpIPService_FW
0xe04f2179,DisconnectPtpIPService_FW
0xe04f7f17,task_WdtPrint
0xe04f7fcb,task_WdtReset
0xe04f7ff1,task_WdtPU1Check
0xe04f8077,StartWDT_FW
0xe04f80b5,StopWDT_FW
0xe04f8213,strstr
0xe04fa831,task_MovieTranscoder
0xe04fd131,task_Nd
0xe04fd865,get_current_nd_value
0xe04fd88b,get_nd_value
0xe0503ad5,RomIntegrityCheck_FW
0xe0503af1,GetBuildDate_FW
0xe0503af5,PrintBuildDate_FW
0xe0503afd,GetBuildTime_FW
0xe0503b01,PrintBuildTime_FW
0xe0503b09,GetFirmwareVersion_FW
0xe0503b0d,PrintFirmwareVersion_FW
0xe0503b53,GetInternalFirmwareVersion_FW
0xe0503b57,PrintInternalFirmwareVersion_FW
0xe0503bb7,CheckSumAll_FW
0xe0503ca5,GetChipVersion_FW
0xe0503ca9,RomCheckSum_FW
0xe0503ddb,ExpCtrlTool.SetExpMode_FW
0xe0503e0d,ExpCtrlTool.SoundDevTest_FW
0xe05044d1,task_WebServiceApp
0xe0504eb5,LoadParamDataFromAdjTableBin_FW
0xe0504f57,LoadDataFromAdjTableBin_FW
0xe0504fdd,DeviceUniqueIDCheckSum_FW
0xe050520b,LoadDUIDCheckSum_FW
0xe0505221,SaveDUID_FW
0xe050522f,LoadDUID_FW
0xe0505233,SaveDUIDCheckSum_FW
0xe050523f,j_LoadDUIDCheckSum_FW
0xe0505241,SaveFactoryAdjData_FW
0xe0505253,LoadFactoryAdjData_FW
0xe0505259,SaveHistoryAdjData_FW
0xe050526b,LoadHistoryAdjData_FW
0xe0505271,SaveFactoryIDData_FW
0xe050527d,LoadFactoryIDData_FW
0xe05095bb,task_FileManMarkAllTask
0xe0509763,task_SetGeoTagExecution
0xe050deb1,task_ComWireless
0xe050f9b5,GetIrisDriveVoltage_FW
0xe050f9bd,GetIrisDriveVoltageLow_FW
0xe050f9d5,GetIrisSettingWaitVoltage_FW
0xe050f9e5,GetIrisHoldVoltage_FW
0xe0515cdf,handle_PTP_OC_CANON_EOS_GetEvent
0xe051a40f,handle_PTP_OC_CANON_CheckEvent
0xe051bb71,GetZoomLensCurrentPosition
0xe051e837,SDCardUHSActive_FW
0xe051ea51,ReadSDCard
0xe051eaff,WriteSDCard
0xe051ffb5,task_TrnsCtrlTask
0xe0523b21,strftime
0xe0525ae5,task_ConsoleSvr
0xe0525e59,RotateConsoleZOder_FW
0xe0525edf,task_LowConsole
0xe0525f1d,taskcreate_LowConsole
0xe0525fc3,CPrintf_FW
0xe0525ffb,CPutChar_FW
0xe0526011,GetCh_FW
0xe0526041,GetStringWithPrompt_FW
0xe052607f,OpenConsole_FW
0xe0526133,CloseConsole_FW
0xe0526403,GetFocusLensCurrentPosition_FW
0xe0526407,GetFocusLensCurrentPositionWithMotor_FW
0xe052640b,GetFocusLensDriveVoltage_FW
0xe0526449,GetFocusLensHoldVoltage_FW
0xe0526477,GetFocusLensGainSlope_FW
0xe0527fa1,NFCEvt.IsNfcStart_FW
0xe0527faf,task_NfcCon_EvtTask
0xe0528005,NFCEvt.Create_FW
0xe052aa7d,task_RedirectUARTTask
0xe052af1f,task_fprintSNRTask
0xe052b65d,task_LachesisTest
0xe052b7a9,srand
0xe052b7af,rand
0xe052bb69,task_PTPSessionTASK
0xe052c255,task_NormalThumbCache
0xe052cb79,task_DecJpgRd
0xe052ff17,RegComEventProc_FW
0xe05301cd,handle_PTP_OC_CloseSession
0xe0530233,handle_PTP_OC_OpenSession
0xe05302d5,handle_PTP_OC_GetDeviceInfo
0xe0533a97,handle_PTP_OC_GetStorageIDs
0xe0533b31,handle_PTP_OC_GetStorageInfo
0xe053412d,handle_PTP_OC_GetObject
0xe0534223,handle_PTP_OC_GetThumb
0xe05342b5,handle_PTP_OC_GetPartialObject
0xe05343cb,handle_PTP_OC_SetObjectProtection
0xe0534433,handle_PTP_OC_GetObjectInfo
0xe05344bd,handle_PTP_OC_CANON_GetPartialObjectInfo
0xe0534639,handle_PTP_OC_CANON_GetPartialObjectEx
0xe05347d7,handle_PTP_OC_CANON_GetObjectAttributes
0xe0534833,handle_PTP_OC_CANON_SetObjectArchive
0xe053488f,handle_PTP_OC_CANON_SendObjectInfoByPath
0xe053488f,handle_PTP_OC_SendObjectInfo
0xe0534ac1,handle_PTP_OC_0x904c
0xe0534cad,handle_PTP_OC_CANON_GetObjectHandleByName
0xe0534d63,handle_PTP_OC_CANON_SetObjectTime
0xe0534dad,handle_PTP_OC_DeleteObject
0xe0534ea7,handle_PTP_OC_FormatStore
0xe0534f3d,handle_PTP_OC_0x9038
0xe0534fcb,handle_PTP_OC_0x9039
0xe053505d,handle_PTP_OC_0x903a
0xe05350cb,handle_PTP_OC_0x903b
0xe05350f3,handle_PTP_OC_0x904b
0xe05351bb,handle_PTP_OC_GetNumObjects
0xe0535271,handle_PTP_OC_GetObjectHandles
0xe05353c1,handle_PTP_OC_CANON_GetObjectInfoEx
0xe05355a3,handle_PTP_OC_CANON_SendObjectByPath
0xe05355a3,handle_PTP_OC_SendObject
0xe053571b,handle_PTP_OC_CANON_SendPartialObject
0xe0535877,handle_PTP_OC_CANON_IsNeoKabotanProcMode
0xe05358d1,handle_PTP_OC_0x9062
0xe0536633,RequestDisconnectPTPIP_FW
0xe05366c5,RequestConnectPTPIP_FW
0xe05366fb,RequestConnectPTPIPDef_FW
0xe053676d,RegisterNotifyConnectPTPIP_FW
0xe053676d,RegisterNotifyPTPIP_FW
0xe0536785,RegisterResponseConnectPTPIP_FW
0xe0536785,RegisterResponsePTPIP_FW
0xe053679d,TerminatePTPIPTransportResponder_FW
0xe0536801,InitializePTPIPTransportResponder_FW
0xe0536a99,PrintAllAEIntegData_FW
0xe0537023,AbortAEIntegralValue_FW
0xe0537047,j_AbortAEIntegralValue_FW
0xe053705d,SetAEIntegStrobeProperty_FW
0xe05370bd,SetAEIntegCorrectProperty_FW
0xe05370ef,SetAEIntegralValueProperty_FW
0xe053710d,SetAEIntegralGetaTime_FW
0xe05372f5,GetAEIntegWinData_FW
0xe05372ff,j_GetAEIntegWinData_FW
0xe0537301,GetAEIntegWinDataWithMode_FW
0xe05374a3,GetAEIntegralValueWithFix_FW
0xe0537547,GetAllAEIntegralAllValueWithFix_FW
0xe05375c5,GetOnlyAEIntegData_FW
0xe053760d,SetWhiteCoefficient_FW
0xe0537653,SetAEIntegWindowsMode_FW
0xe0537689,SetAEIntegValueBit_FW
0xe0537699,GetAEIntegValueBit_FW
0xe053769f,GetAEIntegralServiceMode_FW
0xe05376a5,StopAEIntegralService_FW
0xe0537749,j_StopAEIntegralService_FW
0xe05378e3,StartAEIntegralService_FW
0xe05378e9,SetLineDefMarkThroughMode_FW
0xe0537909,SetAEIntegAverageOBData_FW
0xe053791f,SetAdjAEIntegSmearLimitter_FW
0xe0537931,SetDefaultAEIntegSmearLimitter_FW
0xe053793b,AttachIntegCrawData_FW
0xe0537a5b,GetCrawDataAddr_FW
0xe053898d,task_FilYuvMaker
0xe053b3ed,task_EFChargeT
0xe053b5bb,EF.IsChargeFull_FW
0xe053b5bb,IsStrobeChargeCompleted
0xe053c2cb,task_NfcConTask
0xe053cce7,handle_PTP_OC_MTP_GetObjPropList
0xe053d09d,handle_PTP_OC_MTP_SetObjectPropValue
0xe053d14f,handle_PTP_OC_MTP_GetObjectPropValue
0xe053d2e1,handle_PTP_OC_MTP_GetObjectPropDesc
0xe053d57b,handle_PTP_OC_MTP_GetObjectPropsSupported
0xe053d9d1,handle_PTP_OC_CANON_TerminateEventProc_051
0xe053d9d1,handle_PTP_OC_CANON_TerminateEventProc_05D
0xe053da79,handle_PTP_OC_CANON_QuickLoadTransparentMemory
0xe053db55,handle_PTP_OC_CANON_SaveTransparentMemory
0xe053dc43,handle_PTP_OC_CANON_LoadTransparentMemory
0xe053dced,handle_PTP_OC_CANON_QuerySizeOfTransparentMemory
0xe053de67,handle_PTP_OC_CANON_IsEventProcRunning
0xe053df1b,handle_PTP_OC_CANON_GetEventProcReturnData
0xe053dfa5,handle_PTP_OC_CANON_ExecuteEventProc
0xe053e035,handle_PTP_OC_CANON_InitiateEventProc0
0xe053e035,handle_PTP_OC_CANON_InitiateEventProc1
0xe053e6bb,task_PTPtoFAPI_EventProcTask_Try
0xe053e727,task_PTPtoFAPI_EventProcTask_Block
0xe053f29d,handle_PTP_OC_CANON_EOS_PCHDDCapacity
0xe053f2cd,handle_PTP_OC_CANON_EOS_GetCameraSupport
0xe0541409,handle_PTP_OC_CANON_EOS_GetStorageIDs
0xe05414a3,handle_PTP_OC_CANON_EOS_GetStorageInfo
0xe05416e7,handle_PTP_OC_CANON_EOS_GetObjectInfo
0xe05417cf,handle_PTP_OC_CANON_EOS_DeleteObject
0xe0541835,handle_PTP_OC_CANON_EOS_FormatStore
0xe054195d,handle_PTP_OC_CANON_EOS_GetPartialObject
0xe0541b23,handle_PTP_OC_CANON_EOS_GetObjectInfoEx
0xe0541cf1,handle_PTP_OC_CANON_EOS_GetThumbEx
0xe0541ec5,handle_PTP_OC_CANON_EOS_SetObjectAttributes
0xe0541f39,handle_PTP_OC_CANON_EOS_TransferComplete
0xe0541f6d,handle_PTP_OC_CANON_EOS_CancelTransfer
0xe0541f9f,handle_PTP_OC_CANON_EOS_GetPartialObjectEx
0xe054209d,handle_PTP_OC_CANON_EOS_EndGetPartialObjectEx
0xe0542159,handle_PTP_OC_CANON_EOS_GetCTGInfo
0xe054238f,handle_PTP_OC_CANON_EOS_SetRating
0xe05423f9,handle_PTP_OC_CANON_EOS_NotifyEstimateNumberofImport
0xe0542443,handle_PTP_OC_CANON_EOS_NotifyNumberofImported
0xe05424ad,handle_PTP_OC_CANON_EOS_NotifySizeOfPartialDataTransfer
0xe0542679,handle_PTP_OC_CANON_EOS_NotifyFinish
0xe0542721,handle_PTP_OC_CANON_EOS_RequestInnerDevelopStart
0xe0542877,handle_PTP_OC_CANON_EOS_RequestInnerDevelopEnd
0xe05428e9,handle_PTP_OC_CANON_GetGpsMobilelinkObjectInfo
0xe0542a3f,handle_PTP_OC_CANON_SendGpsTagInfo
0xe0542ad9,handle_PTP_OC_CANON_GetTranscodeApproxSize
0xe0542b81,handle_PTP_OC_CANON_RequestTranscodeStart
0xe0542ca5,handle_PTP_OC_CANON_RequestTranscodeCancel
0xe0543835,handle_PTP_OC_0x902f
0xe05438f1,handle_PTP_OC_CANON_ChangeUSBProtocol
0xe0543a21,handle_PTP_OC_CANON_GetRootCertificateSpec
0xe0543a89,handle_PTP_OC_CANON_GetRootCertificateData
0xe0543b3f,handle_PTP_OC_CANON_SetRootCertificateData
0xe0543c07,handle_PTP_OC_CANON_DeleteRootCertificateData
0xe0545465,task_IMLApp
0xe054650f,task_PtpipPacketDetector
0xe0546a03,task_WSSAPP
0xe0549cf1,task_FORMAT_TASK_PROGRESS
0xe0549f31,task_FORMAT_TASK_NAME
0xe054c303,ActivateImager_FW
0xe054c35f,ActivateImagerXOne_FW
0xe054c3f1,QuietImager_FW
0xe054c459,CancelImager_FW
0xe054c46f,ChangeImagerToRegularDrive_FW
0xe054c473,ChangeImagerToWholeParallel_FW
0xe054c477,ChangeImagerToWholeParallelBP_FW
0xe054c47b,ChangeImagerToWideDraftFinancier_FW
0xe054c47f,ChangeImagerToCombiParallel_FW
0xe054c483,ChangeImagerToWideDraft_FW
0xe054c487,ChangeImagerToFocusJet_FW
0xe054c48b,ChangeImagerToMangoPudding_FW
0xe054c48f,ChangeImagerToSuperWideDraft_FW
0xe054c493,ChangeImagerToHoneyFlash_FW
0xe054c497,ChangeImagerToMillefeAdjust_FW
0xe054c49b,ChangeImagerToDigiconMode_FW
0xe054c49b,ChangeImagerToOITA_XAVIER_FW
0xe054c49f,ChangeImagerToAlternateDraft_FW
0xe054c4a3,ChangeImagerToUltraGhostQ_FW
0xe054c4a7,ChangeImagerToMontblancWhole_FW
0xe054c4ab,ChangeImagerToMontblancMillefe_FW
0xe054c4af,ChangeImagerToMontblancMovie_FW
0xe054c4b3,ChangeImagerToHarleyDavidson_FW
0xe054c4b7,ChangeImagerToMachDashV_FW
0xe054c4bb,ChangeImagerToFantaJungle_FW
0xe054c4bf,ChangeImagerToHoneyFlashDark_FW
0xe054c4c3,ChangeImagerToRoadKing_FW
0xe054c4c7,ChangeImagerToLCWideDraft_FW
0xe054c4cb,ChangeImagerToFalconJump_FW
0xe054c4cf,ChangeImagerToSpriteSunshine_FW
0xe054c4d3,ChangeImagerToHealthyVegetable_FW
0xe054c4d7,ChangeImagerToElectraGlide_FW
0xe054c4db,ChangeImagerToVeryFastWideDraft_FW
0xe054c4df,ChangeImagerToVeryFastMangoPudding_FW
0xe054c4e3,ChangeImagerToHarleySunshine_FW
0xe054c4e7,ChangeImagerToRoadQueen_FW
0xe054c4eb,ChangeImagerToHarleyDavidsonNepal_FW
0xe054c4ef,ChangeImagerToRoadKingNepal_FW
0xe054c4f3,ChangeImagerToSuperWideNepal_FW
0xe054c4f7,ChangeImagerToLasVegasMagic_FW
0xe054c4fb,ChangeImagerToEsperRocketH_FW
0xe054c4ff,ChangeImagerToElectraGlideNepal_FW
0xe054c503,ChangeImagerToHarleySunshineNepal_FW
0xe054c507,ChangeImagerToEsperRocketHNepal_FW
0xe054c50b,ChangeImagerToAstroMetamorphose_FW
0xe054c527,j_E2LatOn_FW
0xe054c52b,ChangeAutoSlowShutterEnable_FW
0xe054cb2d,handle_PTP_OC_CANON_EOS_SetDevicePropValueEx
0xe054cc19,handle_PTP_OC_CANON_EOS_RequestDevicePropValue
0xe054cced,handle_PTP_OC_CANON_EOS_SetRemoteMode
0xe054cd5b,handle_PTP_OC_CANON_EOS_RemoteReleaseOn
0xe054ce51,handle_PTP_OC_CANON_EOS_RemoteReleaseOff
0xe054d087,handle_PTP_OC_CANON_EOS_GetViewFinderData
0xe054d37d,handle_PTP_OC_CANON_EOS_DoAf
0xe054d3b9,handle_PTP_OC_CANON_EOS_TouchAfPosition
0xe054d461,handle_PTP_OC_CANON_EOS_AfCancel
0xe0550f29,Edet.Delete_FW
0xe0550f3d,Edet.Create_FW
0xe0550f7d,EngApp.Delete_FW
0xe0550fbb,EngApp.Create_FW
0xe0551841,fut_flush
0xe05518fd,fopen_low
0xe055199b,fclose_low
0xe05519d9,fread_low
0xe0551a89,fwrite_low
0xe0551b1f,fgets_low
0xe0551bb7,fseek_low
0xe0551d51,j_InitializeMechaUnitExeTest_FW
0xe0551d55,j_TerminateMechaUnitExeTest_FW
0xe0551d59,j_IsUnitFirmMode_FW
0xe0551d5d,MechaUnRegisterEventProcedure_FW
0xe0551da7,Mecha.Create_FW
0xe0551e03,MechaReset_FW
0xe0551e0b,MechaTerminate_FW
0xe0551e13,ShowMechaMacro_FW
0xe0551e51,GetMechaAdjParamData_FW
0xe05520c1,DispDev_EnableEventProc
0xe05520c1,DispDev_EnableEventProc_FW
0xe05520f9,SetSDPwrPort_FW
0xe055210d,j_GetAdVBattBottom_FW
0xe0552111,j_GetAdChValue_FW
0xe0552115,j_BeepDrive_FW
0xe0552119,j_BeepDriveComp_FW
0xe055211d,j_BeepDriveStop_FW
0xe0552121,j_SetStereoSeparation_FW
0xe0552125,j_InitializeAudio_FW
0xe0552129,j_VbattGet_FW
0xe055212d,LEDDrive
0xe055212d,LEDDrive_FW
0xe055215d,ShowPhySwStatus_FW
0xe0552167,SetRawSWCheckMode_FW
0xe0552171,OnPrintPhySw_FW
0xe055217b,OffPrintPhySw_FW
0xe0552185,j_GetSwitchStatus_FW
0xe0552189,ShowSDStatus_FW
0xe0552193,j_GetSDDetect_FW
0xe0552197,j_GetSDProtect_FW
0xe055219b,SetIgnoreAVJACK_FW
0xe05521a5,j_GetDialEventId_FW
0xe05521a9,j_GetLcdPosition_FW
0xe05521ad,j_GetBatteryCoverClose_FW
0xe05521b1,j_IsHvSensorExist_FW
0xe05521b5,j_GetDriverInfoEvent_FW
0xe05521b9,GetTimeFromRTC_FW
0xe05521c5,EraseSignature_FW
0xe05521cd,j_GetPopupOpen_FW
0xe05521d1,Driver.Create_FW
0xe05521d1,Driver_EnableEventProc_FW
0xe0552571,SetPropertyCase_FW
0xe055257f,GetPropertyCase_FW
0xe05525c5,mod_FW
0xe05525d5,GetDateAndTime_FW
0xe055263f,j_Printf_FW
0xe0552643,j_MonSelEvent_FW
0xe0552647,j_MemoryChecker_FW
0xe055264b,j_VerifyByte_FW
0xe055264f,j_SDump_FW
0xe0552653,Dump_FW
0xe055265d,Dump32_FW
0xe0552669,Poke32_FW
0xe0552673,Poke16_FW
0xe055267d,Poke8_FW
0xe0552687,j_Peek32_FW
0xe055268b,j_Peek16_FW
0xe055268f,j_Peek8_FW
0xe0552693,Wait_FW
0xe055269d,j_exec_FW
0xe05526a1,ShowAllTaskInfo_FW
0xe05526ab,System.Delete_FW
0xe0552c89,System.Create_FW
0xe0552fb9,SS.MoveOpticalZoomToTele_FW
0xe0552fc5,SS.MoveOpticalZoomToWide_FW
0xe0552fd1,PT_MoveOpticalZoomAt
0xe0552fd1,SS.MoveOpticalZoomAt_FW
0xe0552fe1,SS.MoveDigitalZoomToTele_FW
0xe0552feb,SS.MoveDigitalZoomToWide_FW
0xe0552ff5,SS.MoveDigitalZoomAt_FW
0xe0553001,SS.GetDigitalZoomTele_FW
0xe055300f,j_SS.GetDigitalZoomPosition_FW
0xe0553013,SS.ChangeZoomSpeed_FW
0xe055301f,SS.DoAFLock_FW
0xe0553029,SS.UnlockAF_FW
0xe0553033,SS.DoAELock_FW
0xe055303d,SS.UnlockAE_FW
0xe0553047,SS.MFOn_FW
0xe0553051,SS.MFOff_FW
0xe055305b,SS.Create_FW
0xe0553095,InitializeAdjustmentSystem_FW
0xe05530b5,TerminateAdjustmentSystem_FW
0xe05530d5,InitializeAdjustmentFunction_FW
0xe05530eb,FA.Delete_FW
0xe05530f7,FA.Create_FW
0xe0553111,DispDev.Create_FW
0xe055312d,SaveBmpVRAMData_FW
0xe05532db,SavePaletteData_FW
0xe055353d,Capture.Create_FW
0xe0553575,EngineDriver.Create_FW
0xe05535b1,EngApp.CreatePub_FW
0xe055363f,EFUSE_ReadData_FW
0xe055a42d,GetAdjAcceleration_FW
0xe055a437,ReloadProtractorAdjustment_FW
0xe055a46d,GetAdjProtractorAngle_FW
0xe055a471,CalculateProtractorATanData_FW
0xe055a47d,GetAccelerometerTemperature_FW
0xe055a481,GetAdjAccelerationDataWithCorrect_FW
0xe055a485,j_GetAoriAccelerationData_FW
0xe055a51f,CheckTPRawLevel_FW
0xe055a525,ExecuteAvs_FW
0xe055a531,CheckAvs_FW
0xe055a595,GetEFuseData_FW
0xe055a599,LoadAvsAdjData_FW
0xe055a59d,j_InitializeWLAN_FW
0xe055a5a1,j_TerminateWLAN_FW
0xe055a5bd,JoinWLANNetwork_FW
0xe055a6a7,PingWLANNetwork_FW
0xe055a6b3,j_LeaveWLANNetwork_FW
0xe055a6b7,StartFAWLANService_FW
0xe055a6bd,StopFAWLANService_FW
0xe055a6cb,GetWLANMACAddress_FW
0xe055a6e5,WriteWLANMACAddressToFROM_FW
0xe055a747,GetWLANEepromNum_FW
0xe055a767,GetCurrentCcdTemp_FW
0xe055a77d,j_GetCurrentCcdTemp_FW
0xe055a77f,GetCurrentOptTemp_FW
0xe055a7a3,j_GetCurrentOptTemp_FW
0xe055a7a5,GetCameraInformationData_FW
0xe055a7c9,j_GetCameraInformationData_FW
0xe055a7cb,GetTotalShootCount_FW
0xe055a851,j_GetTotalShootCount_FW
0xe055aac5,InitializeSoundDevForRecEvent_FW
0xe055aad3,SetNCParamForAdjEvent_FW
0xe055aae1,RecSoundForNCAdjEvent_FW
0xe055aaeb,SetNoiseAddParamForZoomNCEvent_FW
0xe055aaf3,ReloadZoomNCProfileEvent_FW
0xe055aafb,SetZoomNCEffectiveEvent_FW
0xe055ab09,ClearSoundDevForRecEvent_FW
0xe055ab23,GetModeDialState_FW
0xe055ab95,GetModeDialName_FW
0xe055aba3,IsSDDetect_FW
0xe055abdd,j_IsSDDetect_FW
0xe055abe3,InitializeNFCAdjustment_FW
0xe055abeb,j_ClearNFCSystemArea_FW
0xe055abf3,WriteNFCSystemArea_FW
0xe055abfd,j_WriteNFCUserArea_FW
0xe055ac15,WriteNFCUserAreaWithInitNFCAdj_FW
0xe055ac1d,j_ResetNFCSystemArea_FW
0xe055ac6b,GetNFCSystemAreaData_FW
0xe055acc1,GetNFCUserAreaData_FW
0xe055ace9,CheckNFCTagWithCount_FW
0xe055ad5f,GetNFCOptUnitAssemblyAreaData_FW
0xe055ad89,WriteNFCOptUnitAssemblyAreaData_FW
0xe055ad93,j_ClearNFCOptUnitAssemblyAreaData_FW
0xe055ad9f,WriteNFCSystemAreaForOptUnitAssembly_FW
0xe055add5,j_WriteNFCSystemAreaForOptUnitAssembly_FW
0xe055adf3,GetBatteryVoltage_FW
0xe055ae07,j_GetBatteryVoltage_FW
0xe055ae09,StartDisplayHDMIForFAMode_FW
0xe055ae49,StopDisplayHDMIForFAMode_FW
0xe055ae57,j_StartDisplayHDMIForFAMode_FW
0xe055ae59,j_StopDisplayHDMIForFAMode_FW
0xe055b9cd,task_TimerUtility
0xe055bdb9,ClearNFCSystemArea_FW
0xe055bef1,ResetNFCSystemArea_FW
0xe055c41b,WriteNFCUserArea_FW
0xe055c59f,ClearNFCOptUnitAssemblyAreaData_FW
0xe055cc55,handle_PTP_OC_CANON_EOS_SetEventMode
0xe055cce3,handle_PTP_OC_CANON_EOS_SetUILock
0xe055cd13,handle_PTP_OC_CANON_EOS_ResetUILock
0xe055cd41,handle_PTP_OC_CANON_EOS_KeepDeviceOn
0xe055cd6f,handle_PTP_OC_CANON_EOS_SetRequestOLCInfoGroup
0xe055f2c9,task_ImageSyncController
0xe0560069,MoveIrisToAv_FW
0xe0560097,j_GetCurrentAvValue_FW
0xe0560115,j_GetUsableAvRange
0xe0560119,MoveIrisFullOpen_FW
0xe056013b,MoveIrisFullClose_FW
0xe056015d,ResetIrisPosition_FW
0xe056017f,MoveIrisWithTerminatePosition_FW
0xe05601a1,MoveIrisMechaPositionWithBacklash_FW
0xe05601c7,MoveIrisMechaPositionWithoutBacklash_FW
0xe05601ed,MoveIrisToAvWithoutBacklash_FW
0xe0560217,GetUsableMinAv
0xe0560217,GetUsableMinAv_FW
0xe0560227,j_GetUsableMinAv_FW
0xe0560229,GetUsableMaxAv
0xe0560229,GetUsableMaxAv_FW
0xe0560239,j_GetUsableMaxAv_FW
0xe056023f,j_GetCurrentIrisPosition_FW
0xe0560283,ReloadIrisAdjustment_FW
0xe0560291,ReloadGetaAdjustment_FW
0xe056029b,GetCurrentAvCoefficient_FW
0xe05602ab,j_GetCurrentAvCoefficient_FW
0xe05602b1,j_GetIrisPRResetPosition_FW
0xe0561147,AdditionAgentRAM_FW
0xe0561269,memShow_FW
0xe05629c9,EF.StartEFCharge_FW
0xe0562a03,EF.StopEFCharge_FW
0xe0562a0d,EF.SetEFChargeTimeOut_FW
0xe0562a1b,EF.SetChargeOnTime_FW
0xe0562a29,EF.GetEFY_FW
0xe0562a91,EF.GetEFY2_FW
0xe0562a99,EF.GetEFModAddPixelGain_FW
0xe0562a9f,j_EF.GetAdjustPreSvOffset_FW
0xe0562aa3,j_EF.GetEFModExamDriveType_FW
0xe0562aa7,j_EF.IsIrisTypeKosaiShibori_FW
0xe0562aab,EF.StartInternalPreFlash_FW
0xe0562ad9,EF.StartInternalMainFlash_FW
0xe0562b33,EF.FlashWithoutSync_FW
0xe0562b49,EF.FlashForColorTempEvaluation_FW
0xe0562b4d,EF.SetMainFlashTime_FW
0xe0562b59,j_EF.IsChargeFull_FW
0xe0562b5d,EF.AdjPreFlash_FW
0xe0562b93,EF.SetChargeMode_FW
0xe0563b6f,task_PingManager
0xe056550d,HdmiSetOutputResolusion_FW
0xe056550f,HdmiChange5VShortState_FW
0xe0565515,HecHdmiCecPhysicalCheckForScript_FW
0xe056556d,HdmiAudioSampleFreq_FW
0xe056556f,LockHdmiState_FW
0xe0565571,EdidView_FW
0xe0565573,EdidDump_FW
0xe0565575,j_CecRegDump_FW
0xe0565579,j_HdmiRegDump_FW
0xe05658f9,SetFaexeEventTableActivation_FW
0xe056614b,InitializeMechaUnitExeTest_FW
0xe0566155,TerminateMechaUnitExeTest_FW
0xe0566221,MoveCZToPoint_FW
0xe0566247,MoveCZToWide_FW
0xe0566267,MoveCZToTele_FW
0xe0566287,MoveCZToPointByOVF_FW
0xe05662a9,StopCZ_FW
0xe05662c7,GetCZStillHighSpeed_FW
0xe05662cb,GetCZStillLowSpeed_FW
0xe05662cf,GetCZMovieHighSpeed_FW
0xe05662d3,GetCZMovieLowSpeed_FW
0xe05662d7,GetCZStillDefaultSpeed_FW
0xe05662db,GetCZMovieDefaultSpeed_FW
0xe05662df,IsAvailableCZSpeed_FW
0xe05662e5,GetCZFramingAssistStillSpeed_FW
0xe05662e9,GetCZFramingAssistAutoHighSpeed_FW
0xe05662ed,GetCZFramingAssistAutoLowSpeed_FW
0xe0566383,GetFocusLensIrisCoefficient_FW
0xe0566395,ResetFocusLens_FW
0xe05663d1,EscapeFocusLens_FW
0xe0566421,MoveFocusLensToTerminate_FW
0xe056645d,MoveFocusLensToTerminateWithKeepExciting_FW
0xe0566499,MoveFocusLensWithDistance_FW
0xe056650f,MoveFocusLensWithPosition_FW
0xe0566587,MoveFocusLensWithPositionWithNonStepOut_FW
0xe05665ff,MoveFocusLensWithFinalPosition_FW
0xe056667f,MoveFocusLensWithPositionImmediateReturn_FW
0xe05666bf,MoveFocusLensWithPositionWithoutBacklash_FW
0xe056674d,MoveFocusLensWithFinalPositionWithNonStepOutWithoutBacklash_FW
0xe05667c5,MoveFocusLensWithFinalPositionWithoutBacklash_FW
0xe056683d,MoveFocusLensTowardPosition_FW
0xe05668bf,MoveFocusLensWithPositionWithCompBacklash_FW
0xe0566951,MoveFocusActuator_FW
0xe05669f5,SetFocusActuatorHoldVoltage_FW
0xe0566a01,SetFocusActuatorSlopeHoldVoltage_FW
0xe0566a0f,SetFocusLensSpeed_FW
0xe0566a5f,SetFocusLensSpeedTable_FW
0xe0566acb,SetFocusLensAccelerationTable_FW
0xe0566b69,SetFocusLensSlowdownTable_FW
0xe0566ba9,SetFocusLensDefaultPullOutTable_FW
0xe0566bb5,SetFocusLensCondition_FW
0xe0566c3b,ShowFocusLensCurrentSpeedTable_FW
0xe0566c7b,SetFocusLensMaxSpeedLimit_FW
0xe0566c85,CancelFocusLensMaxSpeedLimit_FW
0xe0566c8f,EnableFocusLens_FW
0xe0566cc1,DisableFocusLens_FW
0xe0566cf7,EnableFocusLensSilentMode_FW
0xe0566d13,DisableFocusLensSilentMode_FW
0xe0566d2f,j_GetFocusLensCurrentPosition_FW
0xe0566d33,j_GetFocusLensCurrentPositionWithMotor_FW
0xe0566d37,j_GetFocusLensResetPosition_FW
0xe0566d3b,j_GetFocusLensResetDefaultPosition_FW
0xe0566d3f,GetFocusLensSubjectDistance_FW
0xe0566d51,GetFocusLensSubjectDistanceNumber_FW
0xe0566d55,GetFocusLensPositionRatio_FW
0xe0566d59,GetFocusLensLoadSubjectDistance_FW
0xe0566d6f,ChangeFocusDistanceToPosition_FW
0xe0566d75,GetFocusLensLoadCamTable_FW
0xe0566d99,j_GetFocusLensDriveVoltage_FW
0xe0566d9d,SetFocusLensDriveVoltage_FW
0xe0566dc1,j_GetFocusLensHoldVoltage_FW
0xe0566dc5,SetFocusLensHoldVoltage_FW
0xe0566de9,j_GetFocusLensResetVoltage_FW
0xe0566ded,j_GetFocusLensGainSlope_FW
0xe0566df1,SetFocusLensGainSlope_FW
0xe0566e15,GetFocusLensMoveMaxPosition_FW
0xe0566e25,GetFocusLensMoveMinPosition_FW
0xe0566e35,j_GetFocusLensPullInMaxSpeed_FW
0xe0566e39,GetFocusLensMoveRangeOfTelePoint_FW
0xe0566e79,FocusLensStopQuickly_FW
0xe0566ec9,GetFocusLensCarrierFrequency_FW
0xe0566edd,SetFocusLensCarrierFrequency_FW
0xe0566f01,MoveFocusLensChangeCarrierFrequency_FW
0xe0567049,j_GetFocusLensAvCoefficient_FW
0xe056704d,ShowFocusLensIrisCoefficientCheckSum_FW
0xe05670b1,ChangeFocusLensStopSettingType_FW
0xe05670bd,j_GetFocusLensFinalStopSettingTime_FW
0xe0567149,ResetIris_FW
0xe0567167,MoveIrisToStandbyPosition_FW
0xe0567185,MoveIrisWithAv
0xe0567185,MoveIrisWithAv_FW
0xe05671a7,MoveIrisWithAvAndSpeed_FW
0xe05671cf,MoveIrisToPositionWithBacklash_FW
0xe05671f1,MoveIrisToTerminatePosition_FW
0xe056720f,MoveIrisToFullOpen_FW
0xe056722d,MoveIrisToFullClose_FW
0xe056724b,j_GetIrisAv_FW
0xe056724f,j_GetIrisCurrentPosition_FW
0xe0567253,MoveIrisWithAvWithoutBacklash_FW
0xe0567275,MoveIrisToPositionWithoutBacklash_FW
0xe0567297,MoveIrisWithAvAndSpeedWithoutBacklash_FW
0xe05672bf,EnableIris_FW
0xe05672d9,DisableIris_FW
0xe05672f3,j_GetIrisSpecOpenPosition_FW
0xe05672f7,j_GetIrisSpecClosePosition_FW
0xe05672fb,j_GetIrisDriveVoltage_FW
0xe05672ff,SetIrisDriveVoltage_FW
0xe056730b,j_GetIrisDriveVoltageLow_FW
0xe056730f,SetIrisDriveVoltageLow_FW
0xe056731b,j_GetIrisSettingWaitVoltage_FW
0xe056731f,SetIrisSettingWaitVoltage_FW
0xe056732b,j_GetIrisHoldVoltage_FW
0xe056732f,SetIrisHoldVoltage_FW
0xe056733b,ChangeIrisSpeed_FW
0xe0567355,MoveIrisWithAvAndAvSpeed_FW
0xe056737d,MoveIrisWithAvAndAvSpeedWithoutBacklash_FW
0xe05673a5,GetIrisAvHysteresisOfPosition_FW
0xe05673ed,MoveLensToFirstPoint_FW
0xe0567423,MoveLensToTerminatePoint_FW
0xe056744b,j_IsLensOutside_FW
0xe056744f,j_GetLensErrorStatus_FW
0xe0567453,j_GetFocusStartZoomPosition_FW
0xe0567457,EnableLensError_FW
0xe0567461,DisableLensError_FW
0xe056746b,SetLensOutsideFlag_FW
0xe0567477,ShowMechaCondition_FW
0xe05674d5,j_GetMechaCondition_FW
0xe05675d1,WriteMechaLogToRom_FW
0xe05675db,WriteMechaLogToFile_FW
0xe05675f5,EnableMechaCircuit_FW
0xe05675ff,DisableMechaCircuit_FW
0xe0567609,EnableFocusPiCircuit_FW
0xe0567613,DisableFocusPiCircuit_FW
0xe056761d,j_GetFocusPiSensorLevel_FW
0xe0567621,EnableZoomPiCircuit_FW
0xe056762b,DisableZoomPiCircuit_FW
0xe0567635,j_GetZoomPiSensorLevel_FW
0xe0567639,EnableZoomEncoderCircuit_FW
0xe0567643,DisableZoomEncoderCircuit_FW
0xe056764d,EnableIrisPiCircuit_FW
0xe0567657,DisableIrisPiCircuit_FW
0xe0567661,j_GetIrisPiSensorLevel_FW
0xe0567665,SendMechaCircuitData_FW
0xe0567679,ReceiveMechaCircuitData_FW
0xe0567691,ReceiveMechaCircuitDataAll_FW
0xe05676af,EnableResetGpio_FW
0xe05676bd,DisableResetGpio_FW
0xe05676c9,MonSelToCamif_FW
0xe056775f,MonSelCamifFunction_FW
0xe0567809,MonSelCamifFunctionPlus_FW
0xe0567919,MonSelToCdomain_FW
0xe056796d,MonSelCdomainFunction_FW
0xe0567977,MonSelToClkgen_FW
0xe0567a09,MonSelClkgenFunction_FW
0xe0567a1d,MonSelToPiass_FW
0xe0567ab3,MonSelPiassFunction_FW
0xe0567b11,MonSelPiassFunctionPlus_FW
0xe0567c35,CloseMechaShutter_FW
0xe0567c53,OpenMechaShutter_FW
0xe0567c71,CloseMechaShutterWithTiming_FW
0xe0567c9b,SetMechaShutterCloseDacSetting_FW
0xe0567ca9,GetMechaShutterCloseDacSetting_FW
0xe0567cc7,SetMechaShutterOpenDacSetting_FW
0xe0567cd5,GetMechaShutterOpenDacSetting_FW
0xe0567cf3,SetMechaShutterWaitTimeSetting_FW
0xe0567cff,j_GetMechaShutterStatus_FW
0xe0567d03,j_GetMechaShutterMoveTime_FW
0xe0567d07,SetMechaShutterMoveTime_FW
0xe0567d79,TurnOnNdFilter_FW
0xe0567d93,TurnOffNdFilter_FW
0xe0567dad,TurnOnNdFilterWithTiming_FW
0xe0567dd3,TurnOffNdFilterWithTiming_FW
0xe0567df9,j_GetNdMoveTime_FW
0xe0567dfd,SetNdMoveTime_FW
0xe0567e09,SetNdDacSetting_FW
0xe0567e25,EnableZoomLensEncoderPowerControl_FW
0xe0567e2f,DisableZoomLensEncoderPowerControl_FW
0xe0567e95,ResetZoomLens_FW
0xe0567eb5,ResetZoomLensToFirst_FW
0xe0567ee3,ResetZoomLensToTerminate_FW
0xe0567f11,MoveZoomLensWithPoint
0xe0567f11,MoveZoomLensWithPoint_FW
0xe0567f43,MoveZoomLensWithPointImmediateReturn_FW
0xe0567f55,WaitMoveZoomLensComplete_FW
0xe0567f73,MoveZoomLensWithPosition_FW
0xe0567fa5,MoveZoomLensWithPositionStart_FW
0xe0567fb9,MoveZoomLensToTerminatePosition_FW
0xe0567fe7,MoveZoomLensToMechaEdge_FW
0xe0568033,StopZoomLens_FW
0xe0568041,SetZoomLensSpeedMode_FW
0xe056804d,GetZoomLensDriveAmpereDac_FW
0xe0568053,SetZoomLensDriveAmpereDac_FW
0xe0568063,j_GetZoomLensDriveResetAmpereDac_FW
0xe0568067,SetZoomLensDriveResetAmpereDac_FW
0xe0568075,GetZoomResetWidePosition_FW
0xe0568085,GetZoomSinkPosition_FW
0xe0568095,EnableZoomLensSpeedControl_FW
0xe05680a1,DisableZoomLensSpeedControl_FW
0xe05680ad,EnableZoomLensElectricControl_FW
0xe05680b9,DisableZoomLensElectricControl_FW
0xe05680c5,j_GetZoomLensCurrentPoint_FW
0xe05680c9,j_GetZoomLensCurrentPosition_FW
0xe05680cd,j_GetZoomLensTelePoint_FW
0xe05680d1,j_GetZoomLensMechaEdgePosition_FW
0xe05680d5,ChangeZoomPointToPosition_FW
0xe05680dd,ChangeZoomLensPointToMagnification_FW
0xe05680e5,ChangeZoomLensMagnificationToPoint_FW
0xe05680ed,SetZoomAmpereLimitOffTime_FW
0xe05680fb,j_GetZoomAmpereLimitOffTime_FW
0xe05680ff,SetZoomLensMoveTimeLimit_FW
0xe056810b,j_GetZoomLensMinimumSpeedMoveLimitTime_FW
0xe056810f,SetZoomLensCurrentPosition_FW
0xe056811d,SetZoomLensResetMoveTimeLimit_FW
0xe0568133,SetZoomLensSpeedChangeMaxTime_FW
0xe056813d,SetZoomLensSpeedChangeRate_FW
0xe056814f,MoveZoomLensWithPositionAndSpeedChange_FW
0xe056821b,RegisterZoomLensPositionPassedCBR_FW
0xe0568259,UnRegisterZoomLensPositionPassedCBR_FW
0xe05683ab,DcmWowFla_FW
0xe056842f,DcmWowFlaForSD_FW
0xe05685f7,DcmTfMeasure_FW
0xe0568679,DcmTfMeasureForSD_FW
0xe0568809,StartZoomLensSpeedLog_FW
0xe0568821,StopAndSaveZoomLensSpeedLog_FW
0xe0568905,ISAutoCenter_FW
0xe056890f,StartISLocalAdjust_FW
0xe0568919,j_StartISLocalHallAdjust_FW
0xe056891d,j_StartISLocalAutoCenter_FW
0xe0568921,ISMoveToMechaEdgeOPEN_FW
0xe056892f,ISChangeOPENtoCLOSE_FW
0xe0568939,SetISDriveAaxis_FW
0xe0568947,SetISDriveBaxis_FW
0xe0568955,SetISHallOffsetAaxis_FW
0xe0568963,SetISHallOffsetBaxis_FW
0xe0568971,SetISHallOffsetbyAxisType_FW
0xe0568985,SetISHallGainAaxis_FW
0xe0568993,SetISHallGainBaxis_FW
0xe05689a1,SetISHallGainbyAxisType_FW
0xe05689b5,GetISDriveAaxis_FW
0xe05689c9,GetISDriveBaxis_FW
0xe05689dd,GetISPositionAaxis_FW
0xe05689f1,GetISPositionBaxis_FW
0xe0568a05,GetISHallOffsetAaxis_FW
0xe0568a19,GetISHallOffsetBaxis_FW
0xe0568a2d,GetISHallOffsetbyAxisType_FW
0xe0568a49,GetISHallOffsetDacBitNum_FW
0xe0568a5d,GetISHallGainAaxis_FW
0xe0568a71,GetISHallGainBaxis_FW
0xe0568a85,GetISHallGainbyAxisType_FW
0xe0568aa1,SetISControlType_FW
0xe0568aad,FixISStatus_FW
0xe0568ab9,SetISStillStatus_FW
0xe0568ac3,SelectPositionSignal_FW
0xe0568acf,ClearISIComponent_FW
0xe0568ad9,GetISHallOut1Amp_FW
0xe0568af3,GetISHallOut2Amp_FW
0xe0568b0d,ISMDStart_FW
0xe0568b17,ISMDStop_FW
0xe0568b21,EnableISDriveError_FW
0xe0568b2b,DisableISDriveError
0xe0568b2b,DisableISDriveError_FW
0xe0568b35,SetISHallAmpFirstGain_FW
0xe0568b41,GetISHallAmpFirstGain_FW
0xe0568b5b,StartLoopGainCalc_FW
0xe0568b7b,GetLoopGainCalcData_FW
0xe0568bb1,SetLoopGainAdjValue_FW
0xe0568bc3,GetLoopGainAdjValue_FW
0xe0568bd9,StopLoopGainCalc_FW
0xe0568be3,GetISCrossTalkComp_FW
0xe0568c1f,SetISCrossTalkCompA1_FW
0xe0568c2d,SetISCrossTalkCompA2_FW
0xe0568c3b,SetISCrossTalkCompB1_FW
0xe0568c49,SetISCrossTalkCompB2_FW
0xe0568c57,SetDISModeParam_FW
0xe0568c63,GetDISModeParamType_FW
0xe0568c77,DisableDISModeChange_FW
0xe0568c81,EnableDISModeChange_FW
0xe0568c8b,SetISCenterShiftA_FW
0xe0568c99,SetISCenterShiftB_FW
0xe0568ca7,GetISCenterShiftA_FW
0xe0568cb9,GetISCenterShiftB_FW
0xe0568ccb,SetPoweredISON_FW
0xe0568cd7,SetPoweredISOFF_FW
0xe0568ce3,ISFixedPWMON_FW
0xe0568cef,ISFixedPWMOFF_FW
0xe0568cfb,SetFixedPWMOutA_FW
0xe0568d09,SetFixedPWMOutB_FW
0xe0568d17,j_GetFixedPWMOutA_FW
0xe0568d1b,j_GetFixedPWMOutB_FW
0xe0568d1f,SetISPWMFreqAndFixed_FW
0xe0568d2b,SetISPWMFrequency_FW
0xe0568d37,j_GetISPWMFrequency_FW
0xe0568d3b,j_GetISPWMPeriod_FW
0xe0568d3f,StartISPWMFreqChangeTest_FW
0xe0568d49,StopISPWMFreqChangeTest_FW
0xe0568d53,GetISPWMDutyCompAaxis_FW
0xe0568d6d,GetISPWMDutyCompBaxis_FW
0xe0568f99,GetISPWMCompGainA1_FW
0xe0568fab,GetISPWMCompGainA2_FW
0xe0568fbd,GetISPWMCompGainB1_FW
0xe0568fcf,GetISPWMCompGainB2_FW
0xe0568fe1,SetISPWMCompGainA1_FW
0xe0568fef,SetISPWMCompGainA2_FW
0xe0568ffd,SetISPWMCompGainB1_FW
0xe056900b,SetISPWMCompGainB2_FW
0xe0569019,SetWaitTime_FW
0xe0569027,GetWaitTime_FW
0xe056903b,SetSlowWaitTime_FW
0xe0569049,GetSlowWaitTime_FW
0xe056905d,SetMoveEdgeWaitTime_FW
0xe056906b,GetMoveEdgeWaitTime_FW
0xe056907f,GetDisSupportStatus_FW
0xe0569083,GetISCenterDrivebyAxisType_FW
0xe056909f,SetISGyroGainAaxis_FW
0xe05690ad,SetISGyroGainBaxis_FW
0xe05690bb,SetISGyroGainbyAxisType_FW
0xe05690cf,GetISGyroGainAaxis_FW
0xe05690e3,GetISGyroGainBaxis_FW
0xe05690f7,GetISGyroGainbyAxisType_FW
0xe0569113,j_GetGyroDataPitch_FW
0xe0569117,j_GetGyroDataYaw_FW
0xe056911b,SetGyro10BitDACPitch_FW
0xe0569129,SetGyro10BitDACYaw_FW
0xe0569137,j_GetGyro10BitDACPitch_FW
0xe056913b,j_GetGyro10BitDACYaw_FW
0xe056913f,SetGyroHPFINOffsetPitch_FW
0xe056914d,SetGyroHPFINOffsetYaw_FW
0xe056915b,j_GetGyroHPFINOffsetPitch_FW
0xe056915f,j_GetGyroHPFINOffsetYaw_FW
0xe0569163,j_GetGyroHPFINPitch_FW
0xe0569167,j_GetGyroHPFINYaw_FW
0xe056916b,SetISTuningFlag_FW
0xe0569177,SetGyroFilterChargeStart_FW
0xe056917b,SetGyroFilterChargeStop_FW
0xe056917f,GetGyroFilterCharge_FW
0xe0569193,GetISFirmVersion_FW
0xe05691ad,GetMechaDSPVersion_FW
0xe05691c7,GetISParamVersion_FW
0xe05691e1,SetZoomPosition_FW
0xe05691ed,ISControlStart_FW
0xe05691f7,ISControlStop_FW
0xe0569201,ISPanModeStart_FW
0xe056920b,ISPanModeStop_FW
0xe0569215,ChangeParallelMode_FW
0xe0569221,SetLPFParallelBest_FW
0xe0569231,GetLPFParallelBest_FW
0xe0569253,SetISHPFCutoff_FW
0xe056925f,ClearISZData_FW
0xe0569269,SetISLPFAaxis_FW
0xe0569275,SetISLPFBaxis_FW
0xe0569281,EnableISAutoGyroOffset_FW
0xe056928b,DisableISAutoGyroOffset_FW
0xe0569295,SetISAdjData_FW
0xe056929f,EnableMacroIS_FW
0xe05692a9,DisableMacroIS_FW
0xe05692b3,StartMacroISContiMode_FW
0xe05692bd,StartMacroISAdjust_FW
0xe05692c7,StopMacroISAdjust_FW
0xe05692d1,GetMacroISEstimRadiusA_FW
0xe05692e3,GetMacroISEstimRadiusB_FW
0xe05692f5,SetISFocusLensDistance_FW
0xe05692ff,GetMacroISGainA_FW
0xe0569311,GetMacroISGainB_FW
0xe0569323,SetMacroISGainA_FW
0xe0569331,SetMacroISGainB_FW
0xe056933f,GetMacroISAngleAndVelocityA_FW
0xe0569361,GetMacroISAngleAndVelocityB_FW
0xe05695ed,GetAccelX_atMechaCpu_FW
0xe05695ff,GetAccelY_atMechaCpu_FW
0xe0569611,GetAccelZ_atMechaCpu_FW
0xe0569623,GetAccelX_Raw_atMechaCpu_FW
0xe0569635,GetAccelY_Raw_atMechaCpu_FW
0xe0569647,GetAccelZ_Raw_atMechaCpu_FW
0xe0569659,MechaCPUMemoryDump_FW
0xe056966b,MechaCPUMemoryWrite_FW
0xe056967f,ISMemoryWrite_FW
0xe0569693,ISActive_FW
0xe056969f,StartImStEventProc_FW
0xe0569711,GetGyroDataRoll_FW
0xe0569725,SetGyro10BitDACRoll_FW
0xe0569733,GetGyro10BitDACRoll_FW
0xe0569747,SetGyroHPFINOffsetRoll_FW
0xe0569755,GetGyroHPFINOffsetRoll_FW
0xe0569769,GetGyroHPFINRoll_FW
0xe056977d,SetVectorISFlag_FW
0xe0569a3d,MemoryChecker_FW
0xe0569a75,VerifyByte_FW
0xe0569c97,SDump_FW
0xe0569dc7,FreeMemory_FW
0xe0569dcd,AllocateMemory_FW
0xe0569ddf,Peek32_FW
0xe0569de3,Peek16_FW
0xe0569de9,Peek8_FW
0xe0569def,GetSystemTime
0xe0569def,GetSystemTime_FW
0xe0569dfb,exec_FW
0xe0569e37,MonSelEvent_FW
0xe0569f55,MakeBootDisk_FW
0xe0569f61,MakeScriptDisk_FW
0xe056b85d,EF.GetAdjustPreSvOffset_FW
0xe056b861,EF.GetEFModExamDriveType_FW
0xe056b86d,EF.IsIrisTypeKosaiShibori_FW
0xe056ff3b,LiveImageTool.StartEVF_FW
0xe056ff41,LiveImageTool.StartEVFFocusJet_FW
0xe056ff47,LiveImageTool.StartEVFMF_FW
0xe056ff4d,LiveImageTool.StartEVFMovFULLHD_FW
0xe056ff5b,LiveImageTool.StartEVFMovFULLHD30P_FW
0xe056ff69,LiveImageTool.StartEVFMovFULLHD60P_FW
0xe056ff77,LiveImageTool.StartEVFMovHD_FW
0xe056ff85,LiveImageTool.StartEVFMovHD60P_FW
0xe056ff93,LiveImageTool.StartEVFMovQVGA_FW
0xe056ff9f,LiveImageTool.StartEVFMovQVGA_HS_FW
0xe056ffa3,LiveImageTool.StartEVFMovVGA_FW
0xe056ffb1,LiveImageTool.StartEVFMovVGA_HS_FW
0xe056ffbf,LiveImageTool.StopEVF_FW
0xe056ffc9,LiveImageTool.DzoomTele_FW
0xe056ffdb,LiveImageTool.DzoomWide_FW
0xe056ffed,LiveImageTool.StopDzoom_FW
0xe056fff7,LiveImageTool.Pause_FW
0xe056fffb,LiveImageTool.Resume_FW
0xe056ffff,LiveImageTool.ChangeDzoom_FW
0xe0570021,j_LiveImageTool.GetDzoomPosition_FW
0xe0570025,LiveImageTool.Jump_FW
0xe0570033,LiveImageTool.Dister_FW
0xe0573357,task_SAlbumPlay
0xe057ae85,InitializeMechaDevice_FW
0xe057aea7,TerminateMechaDevice_FW
0xe057af49,CreateJumptable
0xe057e4d9,task_ExpDrvSubTask
0xe057ef45,CamInfo_Debug_FW
0xe058272d,Bat_Calc_FW
0xe058272d,CalculateBatSenseOffset_FW
0xe058279b,Bat_CalcSubCPU_FW
0xe058279b,CalculateBatSenseOffsetSubCPU_FW
0xe0582a55,StopCaptureDrive_FW
0xe0583219,CancelImageDrive_FW
0xe05832b1,StartCaptureDrive_FW
0xe05832b5,CaptureWithParam_FW
0xe05832dd,ChangeImageDrive_FW
0xe05832e9,GetCrwImageInfo_FW
0xe0583343,GetRawBufferAdd_FW
0xe058335d,ActivateImageDrive_FW
0xe058338f,QuietImageDrive_FW
0xe05833b3,j_ClearImageDrive_FW
0xe05833b7,GetCrwInfoData_FW
0xe05833bd,DoMemToMemDarkSubtraction_FW
0xe05833c1,SetSafImageReadOutType_FW
0xe05833c3,SetSafImagePredictMode_FW
0xe05833c7,SetSafImageWindowHArea_FW
0xe05833cb,EnableHeadDirectCapturePath_FW
0xe05833cd,DisableHeadDirectCapturePath_FW
0xe05833d1,SetLtkidsCorrectThroughMode_FW
0xe05833d3,SetLtkidsRealtimeCorrectThroughMode_FW
0xe05833d5,SetSafPPPBypassMode_FW
0xe05833d7,SetSafFPGABypassMode_FW
0xe05833d9,CorrectMvFrMem2MemAfterDefMark_FW
0xe05833dd,SetLvMagSkipNum_FW
0xe05833e1,SetLvMagCenterWindow_FW
0xe05833e9,GetLvMagWindowInfo_FW
0xe0583b93,CalculatePeakFromLeastSquareResult_FW
0xe0583bab,CalculateLog2ToApex_FW
0xe0583bb5,CalculatePow2FromApex_FW
0xe0583bbb,CalcLog10
0xe0583be7,CalcLog10_FW
0xe0583c01,ConvertApexToApexStd_FW
0xe0583c1b,ConvertApexStdToApex_FW
0xe0583c5d,CalcSqrt
0xe0583c85,CalcSqrt_FW
0xe0583cbb,ReloadColorAdjustment_FW
0xe0583d37,RegistColorMatrix_FW
0xe0583d59,j_RegistColorMatrix_FW
0xe0583d5b,UnregistColorMatrix_FW
0xe0583d63,j_UnregistColorMatrix_FW
0xe0583e6f,ShowCurrentExp_FW
0xe0583e9d,SetAE_ShutterSpeed
0xe0583e9d,SetAE_ShutterSpeed_FW
0xe0583f11,FocusAEWithCompensation_FW
0xe0583f5f,SetAE_CdsGainValue_FW
0xe0583f85,FixAEWithCompensation_FW
0xe0583fc3,SetAdj_AEMode_FW
0xe0583ff7,CancelAdj_AEMode_FW
0xe058401d,PreFixAE_FW
0xe0584125,AfAEWithAperturePriority_FW
0xe0584153,AdjAEWithAperturePriority_FW
0xe058421d,SleepAE_FW
0xe0584301,AfAEWithCompensation_FW
0xe05843a3,GetVideoOutType
0xe05843a3,GetVideoOutType_FW
0xe05843e5,SwitchOffDisplay_FW
0xe058440b,SwitchOnDisplay_FW
0xe0584415,j_GetVideoOutType_FW
0xe0584417,SetVideoOutType
0xe0584443,SetVideoOutType_FW
0xe058444f,IsEVFDrive_FW
0xe0584467,j_IsEVFDrive_FW
0xe058448d,StopEVFDrive_FW
0xe05846cd,StartEVFDriveWithMode_FW
0xe05846f5,StartEVFDrive_FW
0xe058472d,IsEvfDriveMode_FW
0xe0584a7d,GetSumYOfVRAMCenterLine_FW
0xe0584ac1,j_GetVRAMHPixelsSize_FW
0xe0584ac9,j_GetVRAMVPixelsSize_FW
0xe0584ad1,StopContinuousVRAMData_FW
0xe0584b25,GetContinuousVRAMData_FW
0xe0584ff3,GetPixelsOfViewangle_FW
0xe0585051,GetContinuousVRAMDataWithRingBuffer_FW
0xe05850ad,j_GetMovieJpegVRAMHPixelsSize_FW
0xe05850b5,j_GetMovieJpegVRAMVPixelsSize_FW
0xe0585119,GetContinuousMovieJpegVRAMData_FW
0xe0585165,ChangeDistortionSetForLiveImage_FW
0xe058517f,ChangeElectronicRollISSetting_FW
0xe05853ab,Bat_VIN_FW
0xe05853ab,SetInputVoltage_FW
0xe05853b7,Bat_Save_FW
0xe05853b7,SaveBatSenseOffsetAdjustmentTable_FW
0xe05853c1,SetImageMode_FW
0xe05853c5,CalcLowBatteryOffsetValue_FW
0xe05853ed,SetDate
0xe05853ed,SetDate_FW
0xe0585479,SetYear_FW
0xe05854b1,SetMonth_FW
0xe05854e5,SetDay_FW
0xe058551f,SetHour_FW
0xe0585557,SetMinute_FW
0xe058558f,SetSecond_FW
0xe05855c7,GetYear_FW
0xe05855e3,GetMonth_FW
0xe05855fb,GetDay_FW
0xe0585611,GetHour_FW
0xe0585627,GetMinute_FW
0xe058563d,GetSecond_FW
0xe0585653,SetLangMenuType_FW
0xe0585745,SaveFromImage_FW
0xe0585753,GetFromCountOfRom_FW
0xe0585881,SetFactorySerialNumber_FW
0xe058588f,LoadFactoryNumber_FW
0xe058591d,j_LoadFactoryNumber_FW
0xe058591f,LoadSerialNumber_FW
0xe05859a7,j_LoadSerialNumber_FW
0xe05859a9,GetLastVBatADLevel_FW
0xe05859af,j_GetLastVBatADLevel_FW
0xe05859b1,j_GetVBatVoltage_FW
0xe05859b5,SaveFactoryReserveData_FW
0xe05859e7,j_GetDCPAdjOffset_FW
0xe05859eb,SetWindowSystemDrawSetting_FW
0xe05859f7,GetEFUSEData_FW
0xe0585a03,j_GetEFUSEData_FW
0xe0585a09,TurnOffCamera_FW
0xe0585a13,task_FAPowerOff
0xe0585a43,FactoryPowerOffWithTimer_FW
0xe0585a4f,RegistFirmVer_FW
0xe0585a8b,j_RegistFirmVer_FW
0xe0585a8d,task_ResetFactoryWithShutdownTimer
0xe0585abf,FactoryResetWithShutdownTimer_FW
0xe0585daf,ReloadDefectAdjustmentData_FW
0xe0585db9,ReloadFROMDefectAdjustmentData_FW
0xe0585dc3,ReloadShadingAdjustmentData_FW
0xe0585dcd,SetWBTemperature_FW
0xe0585e77,DevelopStillPicture_FW
0xe05864db,SetScanLensIndex_FW
0xe0586573,SetScanWindowMode_FW
0xe05866f3,SelectAdjBPFilter_FW
0xe0586711,SetAdjAFWinPos_FW
0xe0586827,SetBPFilterForBP_FW
0xe0586847,CancelBPFilterForBP_FW
0xe05868ed,StartAdjAFService_FW
0xe0586995,StopAdjAFService_FW
0xe0586af9,GetAdjAFInteg_FW
0xe0586b31,StopAdjAFInteg_FW
0xe0586b3b,StartAdjAFInteg_FW
0xe0586b49,SetAdjAFIntegCrwAdd_FW
0xe0586fb1,StopCustomScan_FW
0xe0586fbb,StartCustomScan_FW
0xe0586ffd,StartCrwCustomScan_FW
0xe05876a5,CalculatePeakPosByLS_FW
0xe05876c9,CalculateInterpolationByLS_FW
0xe05876eb,ReloadAFAdjustment_FW
0xe0587769,PrintScanTable_FW
0xe05878a1,PrintMultiWinScanTable_FW
0xe058805d,HitISLensAgainstTopEdge_FW
0xe0588069,HitISLensAgainstBottomEdge_FW
0xe0588075,HitISLensAgainstLeftEdge_FW
0xe0588081,HitISLensAgainstRightEdge_FW
0xe058808d,HitISLensToMechaEdge_FW
0xe0588099,MoveISLensToRightLimitPosition_FW
0xe05880a5,MoveISLensToLeftLimitPosition_FW
0xe05880b1,MoveISLensToBottomLimitPosition_FW
0xe05880bd,MoveISLensToTopLimitPosition_FW
0xe05880c9,MoveISLensToLimitPosition_FW
0xe05880d5,SearchBCentralPosition_FW
0xe05880d5,SearchISLensCentralPosition_FW
0xe05880df,StopBDrive_FW
0xe05880df,StopISAdjustmentDrive_FW
0xe05880df,StopISDrive_FW
0xe05880e9,StartBDrive_FW
0xe05880e9,StartISAdjustmentDrive_FW
0xe05880e9,StartISDrive_FW
0xe05880f3,StopBPanDrive_FW
0xe05880f3,StopISPanDrive_FW
0xe05880fd,SetISControllMode_FW
0xe0588109,StartBPanDrive_FW
0xe0588109,StartISPanDrive_FW
0xe0588113,WriteHallDeviceAdjustment_FW
0xe058811d,WriteGyroAdjustment_FW
0xe0588169,WritePWMAdjustment_FW
0xe0588173,SetISPitchPWM_FW
0xe058817b,SetISYawPWM_FW
0xe0588183,SetISLensDriveValue_FW
0xe058818d,SetISGyroYawGain_FW
0xe0588195,SetISGyroPitchGain_FW
0xe058819d,SetISLensGyroGain_FW
0xe05881a7,SetISHallDeviceYawGain_FW
0xe05881af,SetISHallDevicePitchGain_FW
0xe05881b7,SetISLensHallGain_FW
0xe05881c1,SetISHallDeviceYawOffset_FW
0xe05881c9,SetISHallDevicePitchOffset_FW
0xe05881d1,SetISLensHallOffset_FW
0xe05881db,SetZoomPointToIS_FW
0xe05881f7,GetISLens1stHallAmpValue_FW
0xe0588207,GetISHallOffsetDACValue_FW
0xe058820b,GetISLensEViAaxis_FW
0xe0588211,GetISLensEViBaxis_FW
0xe0588217,GetISLensCorrectedEViAaxis_FW
0xe058821d,GetISLensCorrectedEViBaxis_FW
0xe0588223,GetISLensDampAaxis_FW
0xe0588227,GetISLensDampBaxis_FW
0xe058822b,SetISLPFCutOffFreqAaxis_FW
0xe0588231,SetISLPFCutOffFreqBaxis_FW
0xe0588237,SetLPFForParallelFilter_FW
0xe0588245,SetISCutOffFreqIndex_FW
0xe0588245,SetISHPFCutOffFreqIndex_FW
0xe0588251,ChangeFilterMode_FW
0xe058825d,HitISMechaEdgeInOpenControl_FW
0xe0588269,ChangeToISCloseControl_FW
0xe0588273,SetISGyroHPFINOffsetPitch_FW
0xe0588279,SetISGyroHPFINOffsetYaw_FW
0xe058827f,SetISGyroOffsetHPFINData_FW
0xe0588285,SetISGyro10BitDACPitch_FW
0xe058828b,SetISGyro10BitDACYaw_FW
0xe0588291,SetISGyroOffset10BitDACData_FW
0xe0588297,GetISGyroDataPitch_FW
0xe058829b,GetISGyroDataYaw_FW
0xe058829f,GetISGyroData_FW
0xe05882a3,GetISGyroHPFINPitch_FW
0xe05882a7,GetISGyroHPFINYaw_FW
0xe05882ab,GetISHPFINGyroData_FW
0xe05882af,GetISGyro10BitDACPitch_FW
0xe05882b3,GetISGyro10BitDACYaw_FW
0xe05882b7,GetISGyroOffset10BitDACData_FW
0xe05882bb,GetISGyroHPFINOffsetPitch_FW
0xe05882bf,GetISGyroHPFINOffsetYaw_FW
0xe05882c3,GetISGyroOffsetHPFINData_FW
0xe05882c7,SetISGyroFilterCharge_FW
0xe05882e5,SetISTuningMode_FW
0xe05882f1,SetISTuningOff_FW
0xe05882fd,SetISGyroCompensationMode_FW
0xe058830f,CalcLoopGain_FW
0xe058834d,GetLoopGainCalcData_FW
0xe0588371,SetLoopGain_FW
0xe0588383,GetLoopGain_FW
0xe0588387,SetISLensPWMMode_FW
0xe0588393,SetDISModeParameter_FW
0xe058839f,GetGyroFilterChargeStatus_FW
0xe05883ad,j_GetDISModeParameter_FW
0xe05883b1,SetISCrossTalkCompCoeff_FW
0xe05883c3,GetISCrossTalkCompCoeff_FW
0xe05883c7,StartISAdjustMacro_FW
0xe05883d1,StopISAdjustMacro_FW
0xe05883db,GetMacroISGain_FW
0xe05883df,SetMacroISGain_FW
0xe05883f1,GetMacroISEstimateRadius_FW
0xe05883f5,GetMacroISEstimateVelocity_FW
0xe0588417,SetISMacroMode_FW
0xe0588423,NotifyISMacroDistance_FW
0xe058842d,GetISHallDevicePitchOffset_FW
0xe0588433,GetISHallDeviceYawOffset_FW
0xe0588439,GetISLensHallOffset_FW
0xe058843f,GetISHallDevicePitchGain_FW
0xe0588445,GetISHallDeviceYawGain_FW
0xe058844b,GetISLensHallGain_FW
0xe0588451,GetISPitchPWM_FW
0xe0588457,GetISYawPWM_FW
0xe058845d,GetISLensDriveValue_FW
0xe0588463,GetISShiftLensPitchPosition_FW
0xe0588467,GetISShiftLensYawPosition_FW
0xe058846b,GetISLensPositionValue_FW
0xe058846f,GetISGyroPitchGain_FW
0xe0588475,GetISGyroYawGain_FW
0xe058847b,GetISLensGyroGain_FW
0xe0588481,ClearISCalcZData_FW
0xe058848b,CancelLoopGainCalc_FW
0xe0588495,ReloadISAdjustment_FW
0xe058849f,MoveISLensToCentralPosition_FW
0xe05884a9,GetISHallOffsetDAConvertValue_FW
0xe05884af,SetISPWMFreqData_FW
0xe05884bb,j_GetISPWMFreqData_FW
0xe0589d25,GetMemInfo
0xe058c85b,task__cntFlashTask
0xe058cba9,GetCurrentAdjImgDriveType_FW
0xe058cbb5,GetCurrentImgDrvMode_FW
0xe058cbcf,ConvertAEIntegDrvTypeToAdjImgDriveType_FW
0xe058cbf9,ConvertAdjImgDrvModeToAdjImgDriveType_FW
0xe058cc35,ChangeAdjImgDrvMode_FW
0xe058cc55,ChangeAEIntegDrvTypeToAdjImgDriveType_FW
0xe058cd27,GetZoomLensResetPlus_FW
0xe058cea9,j_GetCurrentZoomLensPosition_FW
0xe058cea9,j_GetCurrentZoomPosition_FW
0xe058ceb1,j_GetCurrentZoomLensPoint_FW
0xe058ceb1,j_GetCurrentZoomPoint_FW
0xe058ceb5,GetCurrentZoomLensDirection_FW
0xe058cec9,j_GetCurrentZoomLensDirection_FW
0xe058cecf,ReloadZoomAdjustment_FW
0xe058cf49,j_GetZoomTelePoint_FW
0xe058cf51,j_GetZoomResetSensorLevel_FW
0xe058cf83,j_GetZoomDrivingTime_FW
0xe058d04b,ClearZoomDriveParam_FW
0xe058d2af,j_IsZoomLensOutSidePosition_FW
0xe058d2b9,StopZoomEmergency_FW
0xe058d2c1,SetZoomResetState_FW
0xe058d2f3,ResetZoom_FW
0xe058d315,ResetZoomToFirst_FW
0xe058d315,ResetZoomToFirstPoint_FW
0xe058d337,ResetZoomToTerminate_FW
0xe058d337,ResetZoomToTerminatePoint_FW
0xe058d359,MoveZoomLensToPosition_FW
0xe058d359,MoveZoomPosition_FW
0xe058d37f,MoveZoomLensToPoint_FW
0xe058d37f,MoveZoomPoint_FW
0xe058d3a5,MoveComputerZoomToPoint_FW
0xe058d3cb,MoveComputerZoomToPointWithSpeed_FW
0xe058d3f7,ResetZoomToAdjFirstPoint_FW
0xe058d425,ResetZoomToAdjTerminatePoint_FW
0xe058d453,SetZoomLensEncoderPowerControl_FW
0xe058d45f,SetZoomSpeedMode_FW
0xe058d4ab,GetZoomDefaultDriveParam_FW
0xe058d4c1,SetZoomDriveParam_FW
0xe058d4e7,GetZoomResetDriveParam_FW
0xe058d4fb,SetZoomResetDriveParam_FW
0xe058d521,GetZoomNormalDriveParam_FW
0xe058d535,SetZoomNormalDriveParam_FW
0xe058d55b,GetZoomDefaultCommonDriveParam_FW
0xe058d57b,SetZoomCommonDriveParam_FW
0xe058d5db,ClearZoomCommonDriveParam_FW
0xe058d5fb,j_GetZoomLensResetPlus_FW
0xe058d661,MoveZoomLensToMechaEnd_FW
0xe058d87b,MoveZoomLensToPositionByManual_FW
0xe058d907,SetZoomAmpereLimitOffTimeForAdjustZoom_FW
0xe058d911,j_GetZoomPiDefaultPosition_FW
0xe058d915,j_GetZoomPiChangePosition_FW
0xe05917ed,ConvertTvToExposureTime_FW
0xe0591801,j_GetCurrentExposureTime_FW
0xe059180d,j_GetCurrentShutterSpeed_FW
0xe059182b,SetShutterSpeedWithMecha_FW
0xe0591863,SetShutterSpeed_FW
0xe0591895,GetUserSetShutterSPeed_FW
0xe05918a1,GetShutterSpeedRegularMaxLimit_FW
0xe05918b1,j_GetShutterSpeedRegularMaxLimit_FW
0xe05918b3,GetShutterSpeedRegularMinLimit_FW
0xe05918c3,j_GetShutterSpeedRegularMinLimit_FW
0xe05918df,GetFrameRateWithApex_FW
0xe059194b,SetOneShotWBParam_FW
0xe059194b,SetOneTypeWBParam_FW
0xe05919a1,OneShotWhigeBalance_FW
0xe05919a1,OneTypeWhiteBalance_FW
0xe05919d9,SetWBYlStandardWidth_FW
0xe0591a01,SetReferenceWBGainForCalibration_FW
0xe0591a1f,SetToolCorrectCoefficient_FW
0xe0591a65,ReloadWBAdjustment_FW
0xe0591c0f,ConvertCxCyToWBGain_FW
0xe0591cfb,GetExStrobeID_FW
0xe0591d03,IsExStrobeChargeComp_FW
0xe0591d09,SetExStrobeMode_FW
0xe0591d0f,CancelExStrobeMode_FW
0xe0591d17,ReloadEfAdjustment_FW
0xe0591d43,ChargeStrobe_FW
0xe0591d65,ChargeStrobeForFA_FW
0xe0591d93,StopStrobeChargeForFA_FW
0xe0591da7,ExecuteInternalPreFlash_FW
0xe0591e27,CloseMShutter_FW
0xe0591e4d,OpenMShutter_FW
0xe0591e73,SetMShutterDacValue_FW
0xe0591e7b,GetMShutterDacValue_FW
0xe0591e83,j_ReloadMechaShutterAdjustment_FW
0xe0591e87,GetMShutterStatus_FW
0xe0591e8b,j_GetMShutterStatus_FW
0xe0591ecb,GetCdsGainValue_FW
0xe0591ee3,SetDeltaCDSGain_FW
0xe0591f11,ReloadCdsAdjustment_FW
0xe0591f1f,GetObClampValue_FW
0xe0591f27,SetObClamp_FW
0xe0591f27,SetObClampValue_FW
0xe0591f2b,j_GetCdsGainValue_FW
0xe0591f2d,SetCDSGain_FW
0xe0591f2d,SetCdsGainValue_FW
0xe0591f49,SetCdsPreGainReg_FW
0xe0591f5f,GetCdsPreGainReg_FW
0xe0591f63,j_GetCdsPreGainReg_FW
0xe0591f65,SetSensorPreGain_FW
0xe0591f6b,GetSensorPreGain_FW
0xe0591f6f,GetCurrentDriveBaseSvValue_FW
0xe0591f83,j_GetCurrentDriveBaseSvValue_FW
0xe0591f9b,SetCDSGainStep_FW
0xe0591fb7,SetAdjCdsMode_FW
0xe0591fd3,CancelAdjCdsMode_FW
0xe0591fe3,IsAdjCdsMode_FW
0xe05920e7,ConvertToPositionWithDistanceAndZoomPoint_FW
0xe05920fb,ConvertToPositionWithDistance_FW
0xe0592103,ReloadFocusLensAdjustment_FW
0xe0592111,j_GetFocusDefaultResetPosition_FW
0xe0592119,j_GetFocusResetPosition_FW
0xe0592121,j_GetCurrentTargetDistance_FW
0xe059215f,j_GetCurrentFocusLensPosition_FW
0xe059215f,j_GetCurrentFocusPosition_FW
0xe0592183,MoveFocusLensToTerminatePosition_FW
0xe0592183,MoveFocusToTerminate_FW
0xe0592213,MoveFocusLensToPositionWithMaxSpeed_FW
0xe059223b,MoveFocusLensToPositionWithSpeed_FW
0xe05922b7,MoveFocusLensToPosition_FW
0xe05922e3,MoveFocusPosition_FW
0xe059235b,MoveFocusDistance_FW
0xe059235b,MoveFocusLensToDistance
0xe059235b,MoveFocusLensToDistance_FW
0xe05923a1,ResetFocus_FW
0xe0592489,j_IsFocusLensOutSidePosition_FW
0xe05924c3,SetFocusResetState_FW
0xe059253d,SaveFocusResetPulse_FW
0xe05925f9,ReloadNdFilterAdjustment_FW
0xe0592611,PutInNdFilter
0xe0592611,PutInNdFilter_FW
0xe0592637,PutOutNdFilter
0xe0592637,PutOutNdFilter_FW
0xe05957b9,task_MovieEditor
0xe05a1c3b,task_SAlbumStillPlayer
0xe05af401,Color.TestSceneBlueSky_FW
0xe05af40b,Color.TestSceneSunset_FW
0xe05af415,Color.TestSceneGreen_FW
0xe05af5bd,PointDefDetect_FW
0xe05af6c5,MergeAndConvertDefect_FW
0xe05af87d,PointKizuCheck_FW
0xe05af8cb,SensDefCrowdCheck_FW
0xe05af8eb,CrossDefDetect_FW
0xe05af983,MixPixDetect_FW
0xe05afad1,GetDefectCrawInfo_FW
0xe05afb23,GetDefectAllResultData_FW
0xe05afb55,GetDefectPartResultData_FW
0xe05afba7,SetDefectDebugInfo_FW
0xe05afbdb,GetDefectHistgramInfo_FW
0xe05afbf9,MarkPointDefData_FW
0xe05afbff,GetDefectTvAdj_FW
0xe05afc61,GetDefectRecParamForCorrelationTest_FW
0xe05afcf5,SetDefectRecParam_FW
0xe05afe21,ChangeDefectRecParam_FW
0xe05afe2d,ExecuteDefectRec_FW
0xe05afe59,ExecuteDefectRecAndSaveImage_FW
0xe05afeb3,ExecuteDefectRecWithGrade_FW
0xe05afee5,ExecuteDefectRecAndSaveImageWithGrade_FW
0xe05aff43,InitializeDefectRec_FW
0xe05aff53,TerminateDefectRec_FW
0xe05aff5b,MakeDefectTurnTable_FW
0xe05aff7b,ClearDefectTurnTable_FW
0xe05aff85,GetDefectTurnTableParam_FW
0xe05affd3,GetWaitTemperatureDriveType_FW
0xe05affef,ChangeDefectSpecParam_FW
0xe05affff,GetDefectErrorInfo_FW
0xe05b0025,DevelopTool.DevelopTest_FW
0xe05b0175,EngDrvOut_FW
0xe05b0195,EngDrvIn_FW
0xe05b019b,EngDrvRead_FW
0xe05b01ab,EngDrvBits_FW
0xe05b01d5,EngDrvReadDump_FW
0xe05b0345,ShowTransparentMemory_FW
0xe05b0359,DumpTransparentMemoryItem_FW
0xe05b037d,AddTransparentMemory_FW
0xe05b0399,AttachToTransparentMemory_FW
0xe05b03b5,RemoveTransparentMemory_FW
0xe05b03c7,GetTransparentMemorySize_FW
0xe05b03d3,GetTransparentMemory_FW
0xe05b03f3,GetTransparentMemoryPosition_FW
0xe05b0697,InitializeSoundRec_FW
0xe05b06c3,TerminateSoundRec_FW
0xe05b06dd,j_InitializeSoundRec_FW
0xe05b06df,j_TerminateSoundRec_FW
0xe05b06e1,StartSoundRecord_FW
0xe05b06f7,StartSoundPlay_FW
0xe05b08d7,InitializeFAGeneralTest_FW
0xe05b08e1,TerminateFAGeneralTest_FW
0xe05b08ed,InitializeFAExtendFile_FW
0xe05b08f5,TerminateFAExtendFile_FW
0xe05b0951,NR_SetDoubleNRType_FW
0xe05cf9f3,task_Raw2Ss2YuvTask
