0xffb93fc4,_dadd
0xffb949dc,_dcmp
0xffb94c64,_dcmp_reverse
0xffb942d0,_ddiv
0xffb94868,_dfix
0xffb94918,_dfixu
0xffb949a0,_dflt
0xffb949d0,_dfltu
0xffb924c0,_divmod_signed_int
0xffb93f7c,_divmod_unsigned_int
0xffb94a64,_dmul
0xffb94d04,_drsb
0xffb94ec8,_dsub
0xffb9527c,_f2d
0xffb95428,_fdiv
0xffb9564c,_ffix
0xffb956c0,_ffixu
0xffb95720,_fflt
0xffb95754,_ffltu
0xffb957d4,_fmul
0xff83b244,_GetSystemTime
0xffb93988,_log
0xffb928cc,_log10
0xffb92a3c,_pow
0xffb938cc,_safe_sqrt
0xffb95d1c,_scalbn
0xffb94d54,_sqrt
0xff81fc4c,_uartr_req
0xff956a08,AbortAEIntegralValue_FW
0xff891a00,AcquireRecursiveLock
0xff83aea0,AcquireRecursiveLockStrictly
0xff95886c,ActivateAdjLog_FW
0xff908efc,ActivateImager_FW
0xff908f88,ActivateImagerXOne_FW
0xff9847ec,ActivateUsmCPU_FW
0xffa8e8d4,add_ptp_handler
0xffa45b20,add_ui_to_dialog
0xff99c098,AdditionAgentRAM_FW
0xffab0a14,AddTransparentMemory_FW
0xffb55f88,AdjAEWithAperturePriority_FW
0xffae94ec,AdjustZoomEncoderPi_FW
0xffb55f44,AfAEWithAperturePriority_FW
0xffb56134,AfAEWithCompensation_FW
0xffa7d664,AFTool.GetEVal_FW
0xffaede88,AllocateMemory
0xffaede88,AllocateMemory_FW
0xff83af98,AllocateUncacheableMemory
0xffa4e6e4,apex2us
0xff8b99e8,atol_FW
0xff95777c,AttachIntegCrawData_FW
0xffab0a4c,AttachToTransparentMemory_FW
0xffb4a20c,Bat_Calc_FW
0xffb575a4,Bat_Save_FW
0xffb57590,Bat_VIN_FW
0xff862bac,BeepDrive_FW
0xff862bcc,BeepDriveComp_FW
0xffb92424,bzero
0xff8107f8,cache_clean_flush_and_disable
0xff810904,cache_clean_flush_range
0xff8109a0,cache_clean_range
0xff810798,cache_flush_and_enable
0xff810880,cache_flush_range
0xffb51374,CalcLog10
0xffb513b0,CalcLog10_FW
0xffb5bcf4,CalcLoopGain_FW
0xffb514a0,CalcSqrt_FW
0xffb4a20c,CalculateBatSenseOffset_FW
0xffb51350,CalculateLog2ToApex_FW
0xffb51314,CalculatePeakFromLeastSquareResult_FW
0xffb51364,CalculatePow2FromApex_FW
0xff870d04,CalculateTestRecYUVData_FW
0xff8a2dd0,cameracon_get_state
0xff8a14d4,cameracon_set_state
0xffb55d60,CancelAdj_AEMode_FW
0xffb4ff30,CancelAdjCdsMode_FW
0xffb541ac,CancelBPFilterForBP_FW
0xffb556bc,CancelExStrobeMode_FW
0xffae899c,CancelFocusLensMaxSpeedLimit_FW
0xff895380,CancelHPTimer
0xff9091e4,CancelImageDrive_FW
0xff909104,CancelImager_FW
0xff88070c,CancelLoopGainCalc_FW
0xff83b460,CancelTimer
0xffb532ec,CancelVcmOpenDriveMode_FW
0xff990df0,Capture.Create_FW
0xffb501c0,CaptureWithParam_FW
0xffab0444,ChangeAdjImgDrvMode_FW
0xffab0470,ChangeAEIntegDrvTypeToAdjImgDriveType_FW
0xffa6cac0,ChangeCrossThresholdTable_FW
0xffa6cd60,ChangeDefectRecParam_FW
0xffb57360,ChangeDistortionSetForLiveImage_FW
0xffb5b94c,ChangeFilterMode_FW
0xffae8b14,ChangeFocusDistanceToPosition_FW
0xffa6c984,ChangeGradeTable_FW
0xffb501d4,ChangeImageDrive_FW
0xff909190,ChangeImagerToAlternateDraft_FW
0xff909140,ChangeImagerToCombiParallel_FW
0xff909188,ChangeImagerToDigiconMode_FW
0xff9091b0,ChangeImagerToFastBP_FW
0xff909150,ChangeImagerToFocusJet_FW
0xff9091c8,ChangeImagerToFocusJetHD_FW
0xff9091b8,ChangeImagerToHarleyDavidson_FW
0xff909178,ChangeImagerToHoneyFlash_FW
0xff9091d8,ChangeImagerToHoneyFlashHD_FW
0xff909168,ChangeImagerToJetDraft_FW
0xff909170,ChangeImagerToJumboDraft_FW
0xff909158,ChangeImagerToMangoPudding_FW
0xff9091d0,ChangeImagerToMangoPuddingHD_FW
0xff909180,ChangeImagerToMillefeAdjust_FW
0xff9091a8,ChangeImagerToMontblancMillefe_FW
0xff9091a0,ChangeImagerToMontblancWhole_FW
0xff909188,ChangeImagerToOITA_XAVIER_FW
0xff909160,ChangeImagerToSuperWideDraft_FW
0xff909198,ChangeImagerToUltraGhostQ_FW
0xff909128,ChangeImagerToWholeParallel_FW
0xff909130,ChangeImagerToWholeParallelBP_FW
0xff909138,ChangeImagerToWholeParallelBPOne_FW
0xff909148,ChangeImagerToWideDraft_FW
0xff9091c0,ChangeImagerToWideDraftHD_FW
0xffae8e74,ChangeIrisSpeed_FW
0xffaeb344,ChangeParallelMode_FW
0xff8801dc,ChangeToISCloseControl_FW
0xff984934,ChangeUsmSpeed_FW
0xffae94c0,ChangeZoomLensMagnificationToPoint_FW
0xffae94b8,ChangeZoomLensPointToMagnification_FW
0xffb556f8,ChargeStrobe_FW
0xffb5572c,ChargeStrobeForFA_FW
0xff891584,CheckAllEventFlag
0xff89153c,CheckAnyEventFlag
0xff898874,CheckSumAll_FW
0xff836048,ClearDUIDFixFlag_FW
0xff835fd8,ClearDurianMode_FW
0xff8917a4,ClearEventFlag
0xff835fd8,ClearFactoryMode_FW
0xff8804ec,ClearISCalcZData_FW
0xffaeb3b8,ClearISIComponent_FW
0xffaeb3dc,ClearISZData_FW
0xffb52178,ClearZoomCommonDriveParam_FW
0xff98755c,ClearZoomDriveParam_FW
0xff8370dc,Close
0xff81ab8c,close
0xff8370dc,Close_FW
0xff81f734,CloseConsole_FW
0xffacdb7c,closedir
0xffae9198,CloseMechaShutter_FW
0xffae91e0,CloseMechaShutterWithTiming_FW
0xffb509c0,CloseMShutter_FW
0xffb78fb4,CommunicateISCPU_FW
0xffab03dc,ConvertAdjImgDrvModeToAdjImgDriveType_FW
0xffab0390,ConvertAEIntegDrvTypeToAdjImgDriveType_FW
0xffb51408,ConvertApexStdToApex_FW
0xffb513d8,ConvertApexToApexStd_FW
0xffb519a4,ConvertCxCyToWBGain_FW
0xffb528c8,ConvertToPositionWithDistanceAndZoomPoint_FW
0xffb50334,ConvertTvToExposureTime_FW
0xff81f490,CPrintf_FW
0xff81f4ec,CPutChar_FW
0xff86c428,CreateAdjustmentTableMirror_FW
0xff83a778,CreateBinarySemaphore
0xff83ad58,CreateBinarySemaphoreStrictly
0xff89d7a8,CreateController_FW
0xff83a7e0,CreateCountingSemaphore
0xff83a7e0,CreateCountingSemaphore_FW
0xff83ad7c,CreateCountingSemaphoreStrictly
0xff86c438,CreateDefectTableMirror_FW
0xffa4359c,CreateDialogBox
0xff891494,CreateEventFlag
0xff83ad34,CreateEventFlagStrictly
0xff9581ac,CreateFADBGSingalID_FW
0xffb59fe8,CreateJumptable
0xff83a3b4,CreateMessageQueue
0xff83ad10,CreateMessageQueueStrictly
0xff8966dc,CreateProxyOfEventProcedure_FW
0xff891960,CreateRecursiveLock
0xff83ada0,CreateRecursiveLockStrictly
0xff81e8a0,CreateTask
0xff81e8a0,CreateTask_FW
0xff83acdc,CreateTaskStrictly
0xffa6c998,CrossDefDetect_FW
0xff97d7cc,CzDebugPrint_FW
0xff97d7d4,CzDebugPrintToFile_FW
0xff81eb78,DebugAssert
0xffb79018,DelaySet_FW
0xff89d864,DeleteController_FW
0xff836b38,DeleteDirectory_Fut
0xff8914ec,DeleteEventFlag
0xff836a54,DeleteFile_Fut
0xff83a438,DeleteMessageQueue
0xff896734,DeleteProxyOfEventProcedure_FW
0xff8919b0,DeleteRecursiveLock
0xff83a838,DeleteSemaphore
0xff83a838,DeleteSemaphore_FW
0xffb59e48,DevelopStillPicture_FW
0xffa6ce84,DevelopTool.DevelopTest_FW
0xff957f14,DeviceUniqueIDCheckSum_FW
0xff95a924,DisableDebugLogMode_FW
0xff83aa58,DisableDispatch
0xff812aac,DisableDispatch_low
0xffae89f8,DisableFocusLens_FW
0xffae8a78,DisableFocusLensGainLock_FW
0xffae8b94,DisableFocusLensPort_FW
0xffae8aa4,DisableFocusLensWaveLock_FW
0xffae903c,DisableFocusPiCircuit_FW
0xff86446c,DisableHDMIPower
0xffae8e50,DisableIris_FW
0xffadc6c4,DisableIrisActuator_FW
0xffaeb534,DisableISAutoGyroOffset_FW
0xffaeb514,DisableISDriveError
0xffaeb514,DisableISDriveError_FW
0xffae8f88,DisableLensError_FW
0xffae901c,DisableMechaCircuit_FW
0xff984a90,DisableUsmEncErrorDetect_FW
0xff984ae4,DisableUsmEncLed_FW
0xff984b68,DisableUsmEncLevelDetect_FW
0xff984b24,DisableUsmEncPhaseDetect_FW
0xff984ab8,DisableUsmSpeedLog_FW
0xffb795e8,DisableVcmDacOut_FW
0xffb792c0,DisableVcmOpenDrive_FW
0xffb790e8,DisableVcmPiDetectStop_FW
0xffb790bc,DisableVcmSettingWait_FW
0xff989600,DisableVcmSrAmpCorrect_FW
0xffb7928c,DisableVcmSrAmplitudeComp_FW
0xffb7944c,DisableVcmTravelTimeMeasure_FW
0xff985b64,DisableZoomActuatorSpeedControl_FW
0xffb5238c,DisableZoomDriveLog_FW
0xffae9084,DisableZoomEncoderCircuit_FW
0xffb52198,DisableZoomEncPhaseDif_FW
0xffae9488,DisableZoomLensEncoderPowerControl_FW
0xffae94a8,DisableZoomLensResetEscapeMove_FW
0xffae9060,DisableZoomPiCircuit_FW
0xffb522d0,DisableZoomSpeedCont_FW
0xff85f3c4,DispCon_GetLcdGainAdjParameter_FW
0xff85f1e4,DispCon_GetVideoAdjParameter_FW
0xff85f410,DispCon_SaveLcdGainAdjParameter_FW
0xff85f284,DispCon_SaveVideoAdjParameter_FW
0xff85edd0,DispCon_SetDisplayType_FW
0xff85f300,DispCon_SetLcdGainAdjParameter_FW
0xff85f0e8,DispCon_SetMaxBackLightBrightness_FW
0xff85f168,DispCon_SetVideoAdjParameter_FW
0xff85ece8,DispCon_ShowBitmapColorBar
0xff85ece8,DispCon_ShowBitmapColorBar_FW
0xff85eccc,DispCon_ShowBlackChart_FW
0xff85eab8,DispCon_ShowColorBar_FW
0xff85edf0,DispCon_ShowColorChart_FW
0xff85ed5c,DispCon_ShowCustomColorBar_FW
0xff85eb44,DispCon_ShowFiveStep_FW
0xff85f42c,DispCon_ShowHdChart_FW
0xff85f400,DispCon_ShowLcdGainAdjParameter_FW
0xff85f24c,DispCon_ShowVideoAdjParameter_FW
0xff85ec78,DispCon_ShowWhiteChart_FW
0xff85ee14,DispCon_ShowWhiteLine_FW
0xff85f0d8,DispCon_TurnOffBackLight_FW
0xff85f0b8,DispCon_TurnOffDisplay_FW
0xff85f0c8,DispCon_TurnOnBackLight_FW
0xff85f0a8,DispCon_TurnOnDisplay_FW
0xff990d80,DispDev.Create_FW
0xff98eb34,DispDev_EnableEventProc_FW
0xff8b39b8,DisplayBusyOnScreen
0xffa44028,DisplayDialogBox
0xff835b9c,DisplayFactoryMode_FW
0xff838de8,DoAELock
0xff838ab8,DoAFLock
0xff8c61d8,DoMovieFrameCapture
0xff98ec34,Driver.Create_FW
0xff98ec34,Driver_EnableEventProc_FW
0xffb535dc,DriveVcmOpenDrive_FW
0xffb92330,dry_memcpy
0xffb9247c,dry_memzero
0xff815f58,drysh_FW
0xff98efbc,Dump32_FW
0xff98efac,Dump_FW
0xff86bbb4,DumpAdjMirror_FW
0xffab09d4,DumpTransparentMemoryItem_FW
0xff908c0c,E2LatOn_FW
0xff86412c,EdidDump_FW
0xffa7aa2c,EF.AdjPreFlash_FW
0xff8ec140,EF.IsChargeFull_FW
0xffa7aa70,EF.SetChargeMode_FW
0xffa7a93c,EF.SetEFChargeTimeOut_FW
0xffa7aa84,EF.SetFlashTime_FW
0xffa7aa14,EF.SetMainFlashTime_FW
0xffa7a8dc,EF.StartEFCharge_FW
0xffa7a98c,EF.StartInternalMainFlash_FW
0xffa7a950,EF.StartInternalPreFlash_FW
0xffa7a92c,EF.StopEFCharge_FW
0xff95a910,EnableDebugLogMode_FW
0xff83ac88,EnableDispatch
0xff812ad8,EnableDispatch_low
0xffae89ac,EnableFocusLens_FW
0xffae8a44,EnableFocusLensGainLockWithVoltage_FW
0xffae8b84,EnableFocusLensPort_FW
0xffae8a88,EnableFocusLensWaveLock_FW
0xffae902c,EnableFocusPiCircuit_FW
0xff864464,EnableHDMIPower
0xff81e898,EnableInterrupt
0xffae8e2c,EnableIris_FW
0xffadc6a0,EnableIrisActuator_FW
0xffaeb524,EnableISAutoGyroOffset_FW
0xffaeb504,EnableISDriveError_FW
0xffae8f78,EnableLensError_FW
0xffae900c,EnableMechaCircuit_FW
0xff984a7c,EnableUsmEncErrorDetect_FW
0xff984ad0,EnableUsmEncLed_FW
0xff984b58,EnableUsmEncLevelDetect_FW
0xff984b10,EnableUsmEncPhaseDetect_FW
0xff984aa4,EnableUsmSpeedLog_FW
0xffb795d8,EnableVcmDacOut_FW
0xffb792b0,EnableVcmOpenDrive_FW
0xffb790d4,EnableVcmPiDetectStop_FW
0xffb790ac,EnableVcmSettingWait_FW
0xff9895e8,EnableVcmSrAmpCorrect_FW
0xffb7927c,EnableVcmSrAmplitudeComp_FW
0xffb7943c,EnableVcmTravelTimeMeasure_FW
0xff985b50,EnableZoomActuatorSpeedControl_FW
0xffb52674,EnableZoomDriveLog_FW
0xffae9074,EnableZoomEncoderCircuit_FW
0xffb52180,EnableZoomEncPhaseDif_FW
0xffae9478,EnableZoomLensEncoderPowerControl_FW
0xffae9498,EnableZoomLensResetEscapeMove_FW
0xffae9050,EnableZoomPiCircuit_FW
0xffb522bc,EnableZoomSpeedCont_FW
0xff934c54,EngApp.Create_FW
0xff934c28,EngApp.Delete_FW
0xff8358d4,EngDrvBits
0xffaa7340,EngDrvBits_FW
0xff8358b8,EngDrvIn
0xffaa7330,EngDrvIn_FW
0xff8358a0,EngDrvOut
0xffaa7314,EngDrvOut_FW
0xff8358c0,EngDrvRead
0xffaa7338,EngDrvRead_FW
0xffaa7364,EngDrvReadDump_FW
0xff990e30,EngineDriver.Create_FW
0xff838d44,EnterToCompensationEVF
0xff86bba8,EraseAdjustmentArea_FW
0xff99737c,EraseLogSector_FW
0xff892ae4,EraseSectorOfRom_FW
0xff98ef98,EraseSignature_FW
0xff815fd4,err_init_task
0xffae823c,EscapeFocusLens_FW
0xffaedef4,exec_FW
0xff871600,Executedccd_FW
0xffa6cd70,ExecuteDefectRec_FW
0xffa6cd84,ExecuteDefectRecAndSaveImage_FW
0xff870f00,ExecuteDigicon_FW
0xff895c98,ExecuteEventProcedure
0xff895d10,ExecuteEventProcedure_FW
0xffb55798,ExecuteInternalPreFlash_FW
0xff9c2808,ExecuteResetFactoryWithRomWrite_FW
0xff870544,ExecuteTestRec_FW
0xff870558,ExecuteTestRecCF_FW
0xff8705d4,ExecuteTestRecDevelopProcess_FW
0xff870558,ExecuteTestRecSD_FW
0xff870588,ExecuteTestRecSw1_FW
0xff870570,ExecuteTestRecWithInteg_FW
0xffb79008,ExecVcmFirm_FW
0xff838d88,ExitFromCompensationEVF
0xff81eb30,ExitTask
0xff81eb30,ExitTask_FW
0xff894534,ExMem.AllocCacheable_FW
0xff894378,ExMem.AllocUncacheable_FW
0xff8945bc,ExMem.FreeCacheable_FW
0xff8944b8,ExMem.FreeUncacheable_FW
0xff893e8c,ExMem.View_FW
0xff8944cc,exmem_alloc
0xff894544,exmem_free
0xff83765c,ExMem_FW
0xff89431c,exmem_ualloc
0xff89446c,exmem_ufree
0xff8cc5ec,ExpCtrlTool.SetExpMode_FW
0xff8474fc,ExpCtrlTool_StartContiAE
0xff847688,ExpCtrlTool_StopContiAE
0xff8966d0,ExportToEventProcedure_FW
0xff990d5c,FA.Create_FW
0xff990d48,FA.Delete_FW
0xff95825c,FADBGPrintf_FW
0xff9581bc,FADBGSingal_FW
0xff9583dc,FAPrintf_FW
0xff836bd0,Fclose_Fut
0xff836bd0,Fclose_Fut_FW
0xff836dbc,Feof_Fut
0xff836df8,Fflush_Fut
0xff836d24,Fgets_Fut
0xffb55cc8,FixAEWithCompensation_FW
0xff9b26dc,FmtMenu_ExecuteQuickFormat_FW
0xffb55b9c,FocusAEWithCompensation_FW
0xff836b90,Fopen_Fut
0xff836b90,Fopen_Fut_FW
0xff836c7c,Fread_Fut
0xff836c7c,Fread_Fut_FW
0xff814244,free
0xffaede80,FreeMemory
0xffaede80,FreeMemory_FW
0xff83afd8,FreeUncacheableMemory
0xff836d70,Fseek_Fut
0xff836d70,Fseek_Fut_FW
0xff836cd0,Fwrite_Fut
0xff836cd0,Fwrite_Fut_FW
0xff8bf2a4,get_current_deltasv
0xff8d21b8,get_current_exp
0xff8772d0,get_fstype
0xff91c6e8,get_ptp_buf_size
0xffa902fc,get_ptp_file_buf
0xff892798,get_resource_pointer
0xff819d94,get_self_task_errno_pointer
0xff812b2c,get_self_task_id
0xffa46258,get_string_by_id
0xff813aec,get_task_properties
0xff860bd4,GetAdChValue
0xff860bd4,GetAdChValue_FW
0xffb545f8,GetAdjAFInteg_FW
0xff86bc0c,GetAdjTableMapVersion_FW
0xff86bc1c,GetAdjTableValueVersion_FW
0xff86bbd8,GetAdjTableVersion_FW
0xff860bcc,GetAdVBattBottom_FW
0xff9573f8,GetAEIntegralServiceMode_FW
0xff957098,GetAEIntegralValueWithFix_FW
0xff9573ec,GetAEIntegValueBit_FW
0xff956d10,GetAEIntegWinData_FW
0xff956fb0,GetAEIntegWinDataWithMode_FW
0xff9571bc,GetAllAEIntegralAllValueWithFix_FW
0xffa80374,GetBaseSv
0xff8349e4,GetBatteryCoverClose_FW
0xff8697ac,GetBatteryTemperature
0xff8697ac,GetBatteryTemperature_FW
0xff86cb94,GetBpDBAdjustmentOffset_FW
0xff898758,GetBuildDate_FW
0xff898760,GetBuildTime_FW
0xffab0504,GetCameraInformationData_FW
0xffb59a74,GetCaptureInfoData_FW
0xff869738,GetCCDTemperature
0xff869738,GetCCDTemperature_FW
0xffb4fd6c,GetCdsGainValue_FW
0xffb4fe5c,GetCdsPreGain_FW
0xffb4feb4,GetCdsPreGainReg_FW
0xff81f518,GetCh_FW
0xffb572e8,GetContinuousMovieJpegVRAMData_FW
0xffb5698c,GetContinuousVRAMData_FW
0xffb57128,GetContinuousVRAMDataWithRingBuffer_FW
0xffb501dc,GetCrwImageInfo_FW
0xffab0364,GetCurrentAdjImgDriveType_FW
0xff98060c,GetCurrentAvValue
0xff98060c,GetCurrentAvValue_FW
0xff8a923c,GetCurrentCaptureModeType_FW
0xffab04bc,GetCurrentCcdTemp_FW
0xff8c4f98,GetCurrentDriveBaseSvValue
0xff8bea38,GetCurrentExposureTime_FW
0xff97ea74,GetCurrentFocusLensPosition_FW
0xff97ea74,GetCurrentFocusPosition_FW
0xffab0370,GetCurrentImgDrvMode_FW
0xff980854,GetCurrentIrisPosition_FW
0xff890630,GetCurrentMachineTime
0xff9588b8,GetCurrentMaximumLogSize_FW
0xffab04d8,GetCurrentOptTemp_FW
0xff8be760,GetCurrentShutterSpeed
0xff8be760,GetCurrentShutterSpeed_FW
0xff97ea0c,GetCurrentTargetDistance_FW
0xffb51bc0,GetCurrentZoomLensDirection_FW
0xff87efd4,GetCurrentZoomLensPoint_FW
0xff87e67c,GetCurrentZoomLensPosition_FW
0xff87efd4,GetCurrentZoomPoint_FW
0xff87e67c,GetCurrentZoomPosition_FW
0xff98eee4,GetDateAndTime_FW
0xffb579a8,GetDay_FW
0xff86cb9c,GetDccdAdjustmentOffset_FW
0xff87170c,GetdccdFilterValue_FW
0xff871678,GetdccdImage_FW
0xff86c8e0,GetDCPAdjOffset_FW
0xffa6cbf4,GetDefectCrawInfo_FW
0xff8349dc,GetDialEventId_FW
0xff87724c,GetDrive_ClusterSize
0xff8772ac,GetDrive_FreeClusters
0xff877280,GetDrive_TotalClusters
0xff86c978,GetDurianAdjustmentOffset_FW
0xff8917dc,GetEventFlagValue
0xffb556a8,GetExStrobeID_FW
0xff898768,GetFirmwareVersion_FW
0xff97ef78,GetFocusDefaultResetPosition_FW
0xffadb438,GetFocusLensCurrentPosition_FW
0xffae8b1c,GetFocusLensLoadCamTable_FW
0xffae8af4,GetFocusLensLoadSubjectDistance_FW
0xffae8b50,GetFocusLensMoveMaxPosition_FW
0xffae8b68,GetFocusLensMoveMinPosition_FW
0xffae8aec,GetFocusLensPositionRatio_FW
0xff97e7d4,GetFocusLensPullInMaxSpeed_FW
0xffae8ac0,GetFocusLensResetDefaultPosition_FW
0xffae8ab8,GetFocusLensResetPosition_FW
0xff97ea0c,GetFocusLensSubjectDistance
0xffae8ac8,GetFocusLensSubjectDistance_FW
0xff97ee84,GetFocusLensSubjectDistanceFromLens
0xffae8ae4,GetFocusLensSubjectDistanceNumber_FW
0xff9826b0,GetFocusPiSensorLevel_FW
0xff97ef00,GetFocusResetPosition_FW
0xff87dbdc,GetFocusStartZoomPosition_FW
0xffb50488,GetFrameRateWithApex_FW
0xff8803b0,GetGyro10BitDACPitch_FW
0xff8803bc,GetGyro10BitDACYaw_FW
0xff880360,GetGyroDataPitch_FW
0xff88037c,GetGyroDataYaw_FW
0xffaeb224,GetGyroFilterCharge_FW
0xffb5bdd8,GetGyroFilterChargeStatus_FW
0xff8803e8,GetGyroHPFINOffsetPitch_FW
0xff880404,GetGyroHPFINOffsetYaw_FW
0xff880420,GetGyroHPFINPitch_FW
0xff88047c,GetGyroHPFINYaw_FW
0xffb579d0,GetHour_FW
0xffab9100,getImageDirName
0xff95f07c,GetImageFolder
0xff98060c,GetIrisAv_FW
0xff980854,GetIrisCurrentPosition_FW
0xffb50780,GetIrisPRResetPosition_FW
0xffaeb728,GetISCenterShiftA_FW
0xffaeb7c4,GetISCenterShiftB_FW
0xffaeb660,GetISCrossTalkComp_FW
0xffb5be88,GetISCrossTalkCompCoeff_FW
0xffaeaf3c,GetISDriveAaxis_FW
0xffaeaf5c,GetISDriveBaxis_FW
0xffaeb244,GetISFirmVersion_FW
0xff8803b0,GetISGyro10BitDACPitch_FW
0xff8803bc,GetISGyro10BitDACYaw_FW
0xff880360,GetISGyroDataPitch_FW
0xff88037c,GetISGyroDataYaw_FW
0xffaeb03c,GetISGyroGainAaxis_FW
0xffaeb05c,GetISGyroGainBaxis_FW
0xff8803e8,GetISGyroHPFINOffsetPitch_FW
0xff880404,GetISGyroHPFINOffsetYaw_FW
0xff880420,GetISGyroHPFINPitch_FW
0xff88047c,GetISGyroHPFINYaw_FW
0xff880318,GetISGyroPitchGain_FW
0xffb5b624,GetISGyroPitchOffset_FW
0xff880324,GetISGyroYawGain_FW
0xffb5b61c,GetISGyroYawOffset_FW
0xffaeb558,GetISHallAmpFirstGain_FW
0xff880300,GetISHallDevicePitchGain_FW
0xff880264,GetISHallDevicePitchOffset_FW
0xff88030c,GetISHallDeviceYawGain_FW
0xff8802f4,GetISHallDeviceYawOffset_FW
0xffaeaffc,GetISHallGainAaxis_FW
0xffaeb01c,GetISHallGainBaxis_FW
0xffaeafbc,GetISHallOffsetAaxis_FW
0xffaeafdc,GetISHallOffsetBaxis_FW
0xffaeb3ec,GetISHallOut1Amp_FW
0xff881128,GetISLensCorrectedEViAaxis_FW
0xff881144,GetISLensCorrectedEViBaxis_FW
0xff881080,GetISLensDampAaxis_FW
0xff88108c,GetISLensDampBaxis_FW
0xff8810b0,GetISLensEViAaxis_FW
0xff8810cc,GetISLensEViBaxis_FW
0xffaeb294,GetISParamVersion_FW
0xff880330,GetISPitchPWM_FW
0xffaeaf7c,GetISPositionAaxis_FW
0xffaeaf9c,GetISPositionBaxis_FW
0xff880348,GetISShiftLensPitchPosition_FW
0xff880354,GetISShiftLensYawPosition_FW
0xff88033c,GetISYawPWM_FW
0xff865a28,GetKbdState
0xffb58428,GetLastVBatADLevel_FW
0xff93453c,GetLatestHVPosition_FW
0xff8349e0,GetLcdPosition_FW
0xff980b54,GetLensErrorStatus_FW
0xff95885c,GetLogData_FW
0xff958864,GetLogDataOnlyAddMemory_FW
0xff997354,GetLogToFile_FW
0xffb5bdb0,GetLoopGain_FW
0xffaeb62c,GetLoopGainAdjValue_FW
0xffaeb5bc,GetLoopGainCalcData_FW
0xffb5bd64,GetLoopGainCalcData_FW
0xffaeb374,GetLPFParallelBest_FW
0xff84cf70,GetMacroSupportZoomPoint_FW
0xffade320,GetMechaDeviceComparatorHysteresis_FW
0xffade398,GetMechaDeviceComparatorThreshold_FW
0xffaeb26c,GetMechaDSPVersion_FW
0xff983c20,GetMechaShutterMoveTime_FW
0xff983c48,GetMechaShutterStatus_FW
0xff81a264,GetMemInfo
0xffb579f8,GetMinute_FW
0xff850590,GetMontblancVSize_FW
0xffb5797c,GetMonth_FW
0xff854154,GetMovieJpegVRAMHPixelsSize_FW
0xff854160,GetMovieJpegVRAMVPixelsSize_FW
0xff83a70c,GetNumberOfPostedMessages
0xffb4fddc,GetObClampValue_FW
0xff957290,GetOnlyAEIntegData_FW
0xff869820,GetOpticalTemperature
0xff869820,GetOpticalTemperature_FW
0xff9c2538,GetParameterData
0xffb57084,GetPixelsOfViewangle_FW
0xff8999a0,GetPropertyCase
0xff8349b8,GetSDDetect_FW
0xff8349c0,GetSDProtect
0xff8349c0,GetSDProtect_FW
0xffb57a20,GetSecond_FW
0xff89db24,GetSelfControllerHandle_FW
0xff83a9ec,GetSemaphoreValue
0xffb50434,GetShutterSpeedRegularMaxLimit_FW
0xffb5044c,GetShutterSpeedRegularMinLimit_FW
0xff81e874,GetSRAndDisableInterrupt
0xff81f568,GetStringWithPrompt_FW
0xffb568a0,GetSumYOfVRAMCenterLine_FW
0xff83494c,GetSwitchStatus_FW
0xffaedee0,GetSystemTime
0xffaedee0,GetSystemTime_FW
0xff86f278,GetTestRecCrawAddress_FW
0xff862614,GetTimeFromRTC
0xff893c10,GetTimeOfSystem_FW
0xffab0ab8,GetTransparentMemory_FW
0xffab0afc,GetTransparentMemoryPosition_FW
0xffab0aa4,GetTransparentMemorySize_FW
0xffb599fc,GetUnpackCrwIntegralMultiValueForShading_FW
0xffb5962c,GetUnpackCrwIntegralValue_FW
0xffb598b4,GetUnpackCrwIntegralValueForColorShading_FW
0xffb5964c,GetUnpackCrwIntegralValueForShading_FW
0xff97f92c,GetUsableAvRange
0xffb50898,GetUsableMaxAv
0xffb50898,GetUsableMaxAv_FW
0xffb50880,GetUsableMinAv
0xffb50880,GetUsableMinAv_FW
0xffb50424,GetUserSetShutterSPeed_FW
0xff984948,GetUsmCurrentPosition_FW
0xff9846cc,GetUsmEncDuty_FW
0xff984b50,GetUsmEncHighTime_FW
0xff984b48,GetUsmEncMultiplyTime_FW
0xff984b40,GetUsmEncPeriodTime_FW
0xff984684,GetUsmEncPhase_FW
0xff984430,GetUsmTargetFreq_FW
0xff984968,GetUsmTargetSpeed_FW
0xff83aabc,GetValidSystemCalender
0xff833178,GetVBatVoltage_FW
0xff989140,GetVcmAlarm_FW
0xffb78ff8,GetVcmCheckSum_FW
0xff988f24,GetVcmCurrentPosition_FW
0xff989c18,GetVcmDacOutData_FW
0xff9897d8,GetVcmDGain_FW
0xff9897f4,GetVcmEViClamp_FW
0xffb7947c,GetVcmFirmVersion_FW
0xff9897bc,GetVcmIGain_FW
0xffb79578,GetVcmLog_FW
0xff989b78,GetVcmLogData_FW
0xff989b94,GetVcmLogSampleTime_FW
0xff989bb0,GetVcmLogTrigger_FW
0xff98966c,GetVcmOpenDriveDuty_FW
0xffb7938c,GetVcmParamLPF2_FW
0xffb793b8,GetVcmParamPLF_FW
0xff9897a0,GetVcmPGain_FW
0xff989938,GetVcmPiAdValue_FW
0xff98902c,GetVcmPiPosition_FW
0xff989054,GetVcmPiStatus_FW
0xff9890d8,GetVcmScaleResetThreshold_FW
0xffb53584,GetVcmSrAD_FW
0xffb794ac,GetVcmSrAd_FW
0xff989234,GetVcmSrAPos_FW
0xffb53294,GetVcmSrAPosition_FW
0xff9892a0,GetVcmSrBPos_FW
0xffb532b4,GetVcmSrBPosition_FW
0xff989560,GetVcmSrCAdValue_FW
0xff989404,GetVcmSrCGain_FW
0xff989528,GetVcmSrCNegPeak_FW
0xff9893c0,GetVcmSrCOffset_FW
0xff98930c,GetVcmSrCompPos_FW
0xff98950c,GetVcmSrCPosPeak_FW
0xffb5323c,GetVcmSrDAC_FW
0xffb5351c,GetVcmSrDigGain_FW
0xffb534fc,GetVcmSrDigOffset_FW
0xff98942c,GetVcmSrHGain_FW
0xff98957c,GetVcmSrPositionOffset_FW
0xff989448,GetVcmSrRefV_FW
0xff989544,GetVcmSrSAdValue_FW
0xff9893dc,GetVcmSrSGain_FW
0xffb5355c,GetVcmSrSignalNegPeak_FW
0xffb53554,GetVcmSrSignalPosPeak_FW
0xff9894f0,GetVcmSrSNegPeak_FW
0xff9893a4,GetVcmSrSOffset_FW
0xff9894d4,GetVcmSrSPosPeak_FW
0xff988ee0,GetVcmTargetPosition_FW
0xff989a2c,GetVcmTravelTime_FW
0xff9891cc,GetVcmVdPosition_FW
0xffb56228,GetVideoOutType
0xffb56228,GetVideoOutType_FW
0xff85413c,GetVRAMHPixelsSize
0xff85413c,GetVRAMHPixelsSize_FW
0xff854148,GetVRAMVPixelsSize
0xff854148,GetVRAMVPixelsSize_FW
0xffb5794c,GetYear_FW
0xff9842c8,GetZoomActuatorCurrentICPosition_FW
0xff9842d0,GetZoomActuatorCurrentPosition_FW
0xffb5212c,GetZoomDefaultCommonDriveParam_FW
0xffb52078,GetZoomDefaultDriveParam_FW
0xffb52700,GetZoomDriveLog_FW
0xffb5267c,GetZoomDriveLogRange_FW
0xff87f3c4,GetZoomDrivingTime_FW
0xffb52248,GetZoomEncPhaseDifMinAngle_FW
0xffb5227c,GetZoomEncPhaseDifMinDuty_FW
0xff987720,GetZoomEncPhaseDifMinTime_FW
0xff987724,GetZoomEncPhaseHighTime_FW
0xff98771c,GetZoomEncPhasePeriodTime_FW
0xff87efd4,GetZoomLensCurrentPoint
0xff87efd4,GetZoomLensCurrentPoint_FW
0xff986428,GetZoomLensCurrentPosition
0xff87e67c,GetZoomLensCurrentPosition_FW
0xff987718,GetZoomLensEncDuty_FW
0xff987714,GetZoomLensEncPhase_FW
0xff87f3bc,GetZoomLensMechaEdgePosition_FW
0xff87ee6c,GetZoomLensTelePoint_FW
0xffb520f0,GetZoomNormalDriveParam_FW
0xff98267c,GetZoomPiSensorLevel_FW
0xffb520b4,GetZoomResetDriveParam_FW
0xff987538,GetZoomResetSensorLevel_FW
0xff87ee6c,GetZoomTelePoint_FW
0xff83a9b4,GiveSemaphore
0xff83a9b4,GiveSemaphore_FW
0xffb794e0,GotoPi_FW
0xff8b78e0,GUISrv_StartGUISystem
0xff8b78e0,GUISrv_StartGUISystem_FW
0xff9292d0,handle_PTP_OC_0x9038
0xff9293c0,handle_PTP_OC_0x9039
0xff9294b4,handle_PTP_OC_0x903a
0xff929574,handle_PTP_OC_0x903b
0xff9295b4,handle_PTP_OC_0x904b
0xff928bb8,handle_PTP_OC_0x904c
0xff92a1e0,handle_PTP_OC_0x9062
0xffa8f338,handle_PTP_OC_CANON_ChangeUSBProtocol
0xff921ce8,handle_PTP_OC_CANON_CheckEvent
0xffa8dcd0,handle_PTP_OC_CANON_ExecuteEventProc
0xff9237e0,handle_PTP_OC_CANON_GetCustomizeData
0xff923924,handle_PTP_OC_CANON_GetCustomizeItemInfo
0xff9239f4,handle_PTP_OC_CANON_GetCustomizeSpec
0xffa8d3fc,handle_PTP_OC_CANON_GetEventProcReturnData
0xff9286fc,handle_PTP_OC_CANON_GetObjectAttributes
0xff928ec4,handle_PTP_OC_CANON_GetObjectHandleByName
0xff929a38,handle_PTP_OC_CANON_GetObjectInfoEx
0xff92841c,handle_PTP_OC_CANON_GetPartialObjectEx
0xff9281c0,handle_PTP_OC_CANON_GetPartialObjectInfo
0xffa8dd6c,handle_PTP_OC_CANON_InitiateEventProc0
0xffa8dd6c,handle_PTP_OC_CANON_InitiateEventProc1
0xffa8d2c4,handle_PTP_OC_CANON_IsEventProcRunning
0xff92a13c,handle_PTP_OC_CANON_IsNeoKabotanProcMode
0xffa8cf5c,handle_PTP_OC_CANON_LoadTransparentMemory
0xffa8d088,handle_PTP_OC_CANON_QuerySizeOfTransparentMemory
0xffa8cc9c,handle_PTP_OC_CANON_QuickLoadTransparentMemory
0xffa8ce04,handle_PTP_OC_CANON_SaveTransparentMemory
0xff929d10,handle_PTP_OC_CANON_SendObjectByPath
0xff928860,handle_PTP_OC_CANON_SendObjectInfoByPath
0xff929f4c,handle_PTP_OC_CANON_SendPartialObject
0xff9236bc,handle_PTP_OC_CANON_SetCustomizeData
0xff9287a0,handle_PTP_OC_CANON_SetObjectArchive
0xff929000,handle_PTP_OC_CANON_SetObjectTime
0xffa8cb98,handle_PTP_OC_CANON_TerminateEventProc_051
0xffa8cb98,handle_PTP_OC_CANON_TerminateEventProc_05D
0xff922ee4,handle_PTP_OC_CloseSession
0xff92907c,handle_PTP_OC_DeleteObject
0xff9291dc,handle_PTP_OC_FormatStore
0xff921244,handle_PTP_OC_GetDevicePropDesc
0xff921128,handle_PTP_OC_GetDevicePropValue
0xff929738,handle_PTP_OC_GetNumObjects
0xff927c18,handle_PTP_OC_GetObject
0xff92982c,handle_PTP_OC_GetObjectHandles
0xff9280e0,handle_PTP_OC_GetObjectInfo
0xff927f0c,handle_PTP_OC_GetPartialObject
0xff927430,handle_PTP_OC_GetStorageIDs
0xff927528,handle_PTP_OC_GetStorageInfo
0xff927e38,handle_PTP_OC_GetThumb
0xff91f210,handle_PTP_OC_MTP_GetObjectPropDesc
0xff91f698,handle_PTP_OC_MTP_GetObjectPropsSupported
0xff91efd0,handle_PTP_OC_MTP_GetObjectPropValue
0xff91e82c,handle_PTP_OC_MTP_GetObjPropList
0xff91eeac,handle_PTP_OC_MTP_SetObjectPropValue
0xff922f9c,handle_PTP_OC_OpenSession
0xff920d50,handle_PTP_OC_ResetDevicePropValue
0xff929d10,handle_PTP_OC_SendObject
0xff928860,handle_PTP_OC_SendObjectInfo
0xff920fa4,handle_PTP_OC_SetDevicePropValue
0xff928038,handle_PTP_OC_SetObjectProtection
0xff8a050c,HardwareDefect_FW
0xff8a04bc,HardwareDefectWithRestart_FW
0xff8640e0,HdmiHpd5VOutput_FW
0xff8641f4,HdmiRegDump_FW
0xff864014,HdmiSimulateModeStart_FW
0xff863fec,HdmiSimulateModeStop_FW
0xffb5b664,HitISLensAgainstBottomEdge_FW
0xffb5b650,HitISLensAgainstLeftEdge_FW
0xffb5b63c,HitISLensAgainstRightEdge_FW
0xffb5b678,HitISLensAgainstTopEdge_FW
0xffb5b974,HitISMechaEdgeInOpenControl_FW
0xff997874,HwOcReadICAPCounter
0xff8640c4,i2c_read_event_FW
0xff86407c,i2c_write_event_FW
0xff84e968,ImagerActivate
0xff958880,InactivateAdjLog_FW
0xff9847fc,InactivateUsmCPU_FW
0xff990d20,InitializeAdjustmentFunction_FW
0xff990cb0,InitializeAdjustmentSystem_FW
0xff870e00,Initializedccd_FW
0xffb59c24,InitializeDefectAdjustment_FW
0xffb45be8,InitializeDefectRec_FW
0xff870e00,InitializeDigicon_FW
0xffb59f40,InitializeMechaDevice_FW
0xffab10b0,InitializeSoundRec_FW
0xff870244,InitializeTestRec_FW
0xffb50014,IsAdjCdsMode_FW
0xffaeae50,ISAutoCenter_FW
0xff869934,IsBatteryTemperature_FW
0xff869900,IsCCDTemperature_FW
0xffaeae8c,ISChangeOPENtoCLOSE_FW
0xff89ff34,IsControlEventActive_FW
0xffaeb2d0,ISControlStart_FW
0xffaeb2e0,ISControlStop_FW
0xff836118,IsDUIDFixFlag_FW
0xffb5635c,IsEVFDrive_FW
0xffb566d0,IsEvfDriveMode_FW
0xffb556b0,IsExStrobeChargeComp_FW
0xff8360bc,IsFactoryMode_FW
0xff97eedc,IsFocusLensOutSidePosition_FW
0xff8349ec,IsHvSensorExist_FW
0xff87f99c,ISInitMotion_FW
0xff83aadc,IsInvalidTime
0xff87c590,IsLensOutside_FW
0xff9588ac,IsLogOutType_FW
0xffaeb4bc,ISMDStart_FW
0xffaeb4cc,ISMDStop_FW
0xffaeae78,ISMoveToMechaEdgeOPEN_FW
0xff836160,IsNormalCameraMode_FW
0xff8698cc,IsOpticalTemperature_FW
0xffaeb2f0,ISPanModeStart_FW
0xffaeb300,ISPanModeStop_FW
0xff8ec140,IsStrobeChargeCompleted
0xff87f1d4,IsZoomLensOutSidePosition_FW
0xff98eba8,j_BeepDrive_FW
0xff98ebac,j_BeepDriveComp_FW
0xffb5009c,j_CancelImageDrive_FW
0xffb5bc84,j_CancelLoopGainCalc_FW
0xffb5b984,j_ChangeToISCloseControl_FW
0xffb5b954,j_ClearISCalcZData_FW
0xffb51d24,j_ClearZoomDriveParam_FW
0xffb534e0,j_DisableVcmSrAmpCorrect_FW
0xff909204,j_E2LatOn_FW
0xffa7aa28,j_EF.IsChargeFull_FW
0xffb534dc,j_EnableVcmSrAmpCorrect_FW
0xff98f01c,j_exec_FW
0xff837654,j_ExMem.AllocCacheable_FW
0xff83764c,j_ExMem.AllocUncacheable_FW
0xff837658,j_ExMem.FreeCacheable_FW
0xff837650,j_ExMem.FreeUncacheable_FW
0xff837648,j_ExMem.View_FW
0xff98eba4,j_GetAdChValue_FW
0xff98eba0,j_GetAdVBattBottom_FW
0xff956fac,j_GetAEIntegWinData_FW
0xff90848c,j_GetBaseSv
0xff98ec2c,j_GetBatteryCoverClose_FW
0xff86998c,j_GetBatteryTemperature_FW
0xffab0540,j_GetCameraInformationData_FW
0xff869988,j_GetCCDTemperature_FW
0xffb4fe84,j_GetCdsPreGain_FW
0xffb4fedc,j_GetCdsPreGainReg_FW
0xffb5060c,j_GetCurrentAvValue_FW
0xffb50354,j_GetCurrentExposureTime_FW
0xffb52950,j_GetCurrentFocusLensPosition_FW
0xffb52950,j_GetCurrentFocusPosition_FW
0xffb506d8,j_GetCurrentIrisPosition_FW
0xffb5035c,j_GetCurrentShutterSpeed_FW
0xffb528f8,j_GetCurrentTargetDistance_FW
0xffb51bbc,j_GetCurrentZoomLensPoint_FW
0xffb51bb8,j_GetCurrentZoomLensPosition_FW
0xffb51bbc,j_GetCurrentZoomPoint_FW
0xffb51bb8,j_GetCurrentZoomPosition_FW
0xffb585ac,j_GetDCPAdjOffset_FW
0xff98ec24,j_GetDialEventId_FW
0xffb528f0,j_GetFocusDefaultResetPosition_FW
0xffae8ab4,j_GetFocusLensCurrentPosition_FW
0xffae8b80,j_GetFocusLensPullInMaxSpeed_FW
0xffae904c,j_GetFocusPiSensorLevel_FW
0xffb528f4,j_GetFocusResetPosition_FW
0xffae8f74,j_GetFocusStartZoomPosition_FW
0xffaeb0ac,j_GetGyro10BitDACPitch_FW
0xffaeb0b0,j_GetGyro10BitDACYaw_FW
0xffaeb07c,j_GetGyroDataPitch_FW
0xffaeb080,j_GetGyroDataYaw_FW
0xffaeb0dc,j_GetGyroHPFINOffsetPitch_FW
0xffaeb0e0,j_GetGyroHPFINOffsetYaw_FW
0xffaeb0e4,j_GetGyroHPFINPitch_FW
0xffaeb0e8,j_GetGyroHPFINYaw_FW
0xffae8d98,j_GetIrisAv_FW
0xffae8d9c,j_GetIrisCurrentPosition_FW
0xffb5bb48,j_GetISGyro10BitDACPitch_FW
0xffb5bb50,j_GetISGyro10BitDACYaw_FW
0xffb5bb28,j_GetISGyroDataPitch_FW
0xffb5bb30,j_GetISGyroDataYaw_FW
0xffb5bb58,j_GetISGyroHPFINOffsetPitch_FW
0xffb5bb60,j_GetISGyroHPFINOffsetYaw_FW
0xffb5bb38,j_GetISGyroHPFINPitch_FW
0xffb5bb40,j_GetISGyroHPFINYaw_FW
0xffb5b740,j_GetISGyroPitchGain_FW
0xffb5b73c,j_GetISGyroYawGain_FW
0xffb5b6f8,j_GetISHallDevicePitchGain_FW
0xffb5b700,j_GetISHallDevicePitchOffset_FW
0xffb5b6f4,j_GetISHallDeviceYawGain_FW
0xffb5b6fc,j_GetISHallDeviceYawOffset_FW
0xffb5b8e4,j_GetISLensCorrectedEViAaxis_FW
0xffb5b8e8,j_GetISLensCorrectedEViBaxis_FW
0xffb5b8ec,j_GetISLensDampAaxis_FW
0xffb5b8f0,j_GetISLensDampBaxis_FW
0xffb5b8dc,j_GetISLensEViAaxis_FW
0xffb5b8e0,j_GetISLensEViBaxis_FW
0xffb5b7bc,j_GetISPitchPWM_FW
0xffb5b8d4,j_GetISShiftLensPitchPosition_FW
0xffb5b8d8,j_GetISShiftLensYawPosition_FW
0xffb5b7b8,j_GetISYawPWM_FW
0xff98ec28,j_GetLcdPosition_FW
0xffae8f70,j_GetLensErrorStatus_FW
0xffae90ac,j_GetMechaDeviceComparatorHysteresis_FW
0xffae9094,j_GetMechaDeviceComparatorThreshold_FW
0xffae9268,j_GetMechaShutterMoveTime_FW
0xffae9264,j_GetMechaShutterStatus_FW
0xffb571bc,j_GetMovieJpegVRAMHPixelsSize_FW
0xffb571c0,j_GetMovieJpegVRAMVPixelsSize_FW
0xff869984,j_GetOpticalTemperature_FW
0xff98ec0c,j_GetSDDetect_FW
0xff98ec10,j_GetSDProtect_FW
0xff98ebf8,j_GetSwitchStatus_FW
0xff984b3c,j_GetUsmEncDuty_FW
0xff984b38,j_GetUsmEncPhase_FW
0xff984988,j_GetUsmTargetFreq_FW
0xffb58430,j_GetVBatVoltage_FW
0xffb790f8,j_GetVcmAlarm_FW
0xffb79068,j_GetVcmCurrentPosition_FW
0xffb7960c,j_GetVcmDacOutData_FW
0xffb79354,j_GetVcmDGain_FW
0xffb7936c,j_GetVcmEViClamp_FW
0xffb79350,j_GetVcmIGain_FW
0xffb795cc,j_GetVcmLogData_FW
0xffb795d0,j_GetVcmLogSampleTime_FW
0xffb795d4,j_GetVcmLogTrigger_FW
0xffb792e4,j_GetVcmOpenDriveDuty_FW
0xffb7934c,j_GetVcmPGain_FW
0xffb79418,j_GetVcmPiAdValue_FW
0xffb790cc,j_GetVcmPiPosition_FW
0xffb790d0,j_GetVcmPiStatus_FW
0xffb79438,j_GetVcmScaleResetThreshold_FW
0xffb79128,j_GetVcmSrAPos_FW
0xffb79178,j_GetVcmSrBPos_FW
0xffb79274,j_GetVcmSrCAdValue_FW
0xffb791f0,j_GetVcmSrCGain_FW
0xffb7926c,j_GetVcmSrCNegPeak_FW
0xffb791ac,j_GetVcmSrCOffset_FW
0xffb7917c,j_GetVcmSrCompPos_FW
0xffb79268,j_GetVcmSrCPosPeak_FW
0xffb791f4,j_GetVcmSrHGain_FW
0xffb79278,j_GetVcmSrPositionOffset_FW
0xffb7920c,j_GetVcmSrRefV_FW
0xffb79270,j_GetVcmSrSAdValue_FW
0xffb791ec,j_GetVcmSrSGain_FW
0xffb79264,j_GetVcmSrSNegPeak_FW
0xffb791a8,j_GetVcmSrSOffset_FW
0xffb79260,j_GetVcmSrSPosPeak_FW
0xffb79050,j_GetVcmTargetPosition_FW
0xffb79478,j_GetVcmTravelTime_FW
0xffb790fc,j_GetVcmVdPosition_FW
0xffb56908,j_GetVRAMHPixelsSize_FW
0xffb5690c,j_GetVRAMVPixelsSize_FW
0xff985b4c,j_GetZoomActuatorCurrentICPosition_FW
0xff985b48,j_GetZoomActuatorCurrentPosition_FW
0xffb51ce0,j_GetZoomDrivingTime_FW
0xffb522b4,j_GetZoomEncPhaseDifMinTime_FW
0xffb522b8,j_GetZoomEncPhaseHighTime_FW
0xffb522b0,j_GetZoomEncPhasePeriodTime_FW
0xffae9468,j_GetZoomLensCurrentPoint_FW
0xffae946c,j_GetZoomLensCurrentPosition_FW
0xffae94f8,j_GetZoomLensEncDuty_FW
0xffae94f4,j_GetZoomLensEncPhase_FW
0xffae9474,j_GetZoomLensMechaEdgePosition_FW
0xffae9470,j_GetZoomLensTelePoint_FW
0xffae9070,j_GetZoomPiSensorLevel_FW
0xffb51ca0,j_GetZoomResetSensorLevel_FW
0xffb51c9c,j_GetZoomTelePoint_FW
0xffa6cdd4,j_InitializeDefectRec_FW
0xff869998,j_IsBatteryTemperature_FW
0xff869994,j_IsCCDTemperature_FW
0xffb52ed0,j_IsFocusLensOutSidePosition_FW
0xff98ec30,j_IsHvSensorExist_FW
0xffae8f6c,j_IsLensOutside_FW
0xff869990,j_IsOpticalTemperature_FW
0xffb51e7c,j_IsZoomLensOutSidePosition_FW
0xff98ebb4,j_LEDDrive_FW
0xffa837f4,j_LiveImageTool.GetDzoomPosition_FW
0xff98ef90,j_MemoryChecker_FW
0xff98ef8c,j_MonSelEvent_FW
0xffb5b8d0,j_MoveISLensToCentralPosition_FW
0xff837644,j_NewTaskShell_FW
0xff897308,j_OpLog.WriteToROM_FW
0xff98f004,j_Peek16_FW
0xff98f000,j_Peek32_FW
0xff98f008,j_Peek8_FW
0xff98ef88,j_Printf_FW
0xff883c3c,j_PT_GetDigitalZoomPosition_FW
0xff8a073c,j_PTM_AllReset_FW
0xff8a0ba0,j_PTM_BackupUIProperty_FW
0xff8a0af0,j_PTM_GetWorkingCaptureMode_FW
0xff8a0b84,j_PTM_IsEnableItem_FW
0xff8a0b70,j_PTM_NextItem_FW
0xff8a0b74,j_PTM_PrevItem_FW
0xff8a0af8,j_PTM_SetCurrentItem_FW
0xff8a0b88,j_PTM_SetProprietyEnable_FW
0xff8375dc,j_PutsCameraLogEvent_FW
0xff837168,j_Read_FW
0xffb5511c,j_ReloadAFAdjustment_FW
0xffb4fdd8,j_ReloadCdsAdjustment_FW
0xffb55820,j_ReloadColorAdjustment_FW
0xffb556c0,j_ReloadEfAdjustment_FW
0xffb50608,j_ReloadGetaAdjustment_FW
0xffb51684,j_ReloadWBAdjustment_FW
0xff98efa8,j_SDump_FW
0xffb5b8cc,j_SearchBCentralPosition_FW
0xffb5b8cc,j_SearchISLensCentralPosition_FW
0xffb52f08,j_SetFocusResetState_FW
0xffb51e88,j_SetZoomResetState_FW
0xff8375d0,j_ShowCameraLog_FW
0xff8375d4,j_ShowCameraLogInfo_FW
0xffb5b6f0,j_StartBDrive_FW
0xffb5b8c4,j_StartBPanDrive_FW
0xff8375cc,j_StartCameraLog_FW
0xffb5b8bc,j_StartISAdjustmentDrive_FW
0xffb5b6f0,j_StartISDrive_FW
0xffaeae74,j_StartISLocalAutoCenter_FW
0xffaeae70,j_StartISLocalHallAdjust_FW
0xffb5b8c4,j_StartISPanDrive_FW
0xffb5b6ec,j_StopBDrive_FW
0xffb5b8c8,j_StopBPanDrive_FW
0xff8375d8,j_StopCameraLog_FW
0xffb56910,j_StopContinuousVRAMData_FW
0xffb5b8c0,j_StopISAdjustmentDrive_FW
0xffb5b6ec,j_StopISDrive_FW
0xffb5b8c8,j_StopISPanDrive_FW
0xffb51e84,j_StopZoomEmergency_FW
0xff82068c,j_strcmp_FW
0xffa6cdd8,j_TerminateDefectRec_FW
0xff98fd20,j_UIFS_Capture_FW
0xff98fd24,j_UIFS_CaptureNoneStop_FW
0xff990178,j_UIFS_GetNumberOfDisplayedImage_FW
0xff990174,j_UIFS_IsAvailableShots_FW
0xff98fcec,j_UIFS_MoveZoomTo_FW
0xff99017c,j_UIFS_PlayTrimExecuteAllImageSize_FW
0xff98fd28,j_UIFS_StartMovieRecord_FW
0xff98fd2c,j_UIFS_StopMovieRecord_FW
0xff98fd54,j_UIFS_WriteFirmInfoToFile_FW
0xff98ebb0,j_VbattGet_FW
0xff98ef94,j_VerifyByte_FW
0xff834a68,kbd_p1_f
0xff834a74,kbd_p1_f_cont
0xff8342b8,kbd_p2_f
0xff8349f0,kbd_read_keys
0xff8651a4,kbd_read_keys_r2
0xff933a4c,LcdCon_GetCvfAdjParameter_FW
0xff9336a4,LcdCon_GetCvfBackLightParameter_FW
0xff933c54,LcdCon_GetCvfParameter_FW
0xff930f1c,LcdCon_GetLcdAdjParameter_FW
0xff930b90,LcdCon_GetLcdBackLightParameter_FW
0xff931128,LcdCon_GetLcdParameter_FW
0xff933ad4,LcdCon_SaveCvfAdjParameter_FW
0xff933728,LcdCon_SaveCvfBackLightParameter_FW
0xff933cdc,LcdCon_SaveCvfParameter_FW
0xff930fa4,LcdCon_SaveLcdAdjParameter_FW
0xff930c14,LcdCon_SaveLcdBackLightParameter_FW
0xff9311b0,LcdCon_SaveLcdParameter_FW
0xff9339ac,LcdCon_SetCvfAdjParameter_FW
0xff93361c,LcdCon_SetCvfBackLightBrightness_FW
0xff93364c,LcdCon_SetCvfBackLightParameter_FW
0xff933958,LcdCon_SetCvfDriver_FW
0xff933af0,LcdCon_SetCvfParameter_FW
0xff930e7c,LcdCon_SetLcdAdjParameter_FW
0xff930b08,LcdCon_SetLcdBackLightBrightness_FW
0xff930b38,LcdCon_SetLcdBackLightParameter_FW
0xff930e28,LcdCon_SetLcdDriver_FW
0xff930fc0,LcdCon_SetLcdParameter_FW
0xff930a5c,LcdCon_SetLcdType_FW
0xff933a94,LcdCon_ShowCvfAdjParameter_FW
0xff9336e8,LcdCon_ShowCvfBackLightParameter_FW
0xff933c9c,LcdCon_ShowCvfParameter_FW
0xff930f64,LcdCon_ShowLcdAdjParameter_FW
0xff930bd4,LcdCon_ShowLcdBackLightParameter_FW
0xff931170,LcdCon_ShowLcdParameter_FW
0xff85fd20,LcdCon_StartLcdPeriodicalSetting_FW
0xff85fd70,LcdCon_StopLcdPeriodicalSetting_FW
0xffb1d10c,LCDMsg_ChangeColor_FW
0xffb1cf44,LCDMsg_Create_FW
0xffb1cc44,LCDMsg_Delete_FW
0xffb1cc04,LCDMsg_Move_FW
0xffb1d034,LCDMsg_SetNum_FW
0xffb1d044,LCDMsg_SetStr_FW
0xffb1cfe4,LCDMsg_SwDisp_FW
0xff864bd4,LEDDrive
0xff864c9c,LEDDrive_FW
0xffa6cad4,LineDefDetect_FW
0xffa6cbbc,LineKizuCheck_FW
0xffa83784,LiveImageTool.ChangeDzoom_FW
0xffa8380c,LiveImageTool.Dister_FW
0xffa83714,LiveImageTool.DzoomTele_FW
0xffa83734,LiveImageTool.DzoomWide_FW
0xff8532d8,LiveImageTool.GetDzoomPosition_FW
0xffa837f8,LiveImageTool.Jump_FW
0xffa83764,LiveImageTool.Pause_FW
0xffa83774,LiveImageTool.Resume_FW
0xffa83508,LiveImageTool.StartEVF_FW
0xffa83514,LiveImageTool.StartEVFFocusJet_FW
0xffa83520,LiveImageTool.StartEVFMF_FW
0xffa83658,LiveImageTool.StartEVFMovHD_FW
0xffa83688,LiveImageTool.StartEVFMovQQVGA_FW
0xffa83674,LiveImageTool.StartEVFMovQVGA60_FW
0xffa8363c,LiveImageTool.StartEVFMovQVGA_FW
0xffa83628,LiveImageTool.StartEVFMovVGA_FW
0xffa8369c,LiveImageTool.StartEVFMovXGA_FW
0xffa836e4,LiveImageTool.StartMjpegMaking_FW
0xffa83754,LiveImageTool.StopDzoom_FW
0xffa836b0,LiveImageTool.StopEVF_FW
0xffa83704,LiveImageTool.StopMjpegMaking_FW
0xff86bcd4,LoadAdjustmentTable_FW
0xff86c130,LoadAdjustmentValue_FW
0xff957e18,LoadDataFromAdjTableBin_FW
0xff86bd0c,LoadDefectAdjTable_FW
0xffb58264,LoadFactoryNumber_FW
0xff957d14,LoadParamDataFromAdjTableBin_FW
0xff892da4,LoadScript_FW
0xffb58344,LoadSerialNumber_FW
0xff893580,LocalTime
0xff8640e4,LockHdmiState_FW
0xff8a0268,LockMainPower
0xff8a0268,LockMainPower_FW
0xff896c70,LogCameraEvent
0xff8371f8,Lseek
0xff8371f8,lseek
0xff8371f8,Lseek_FW
0xffaee43c,MakeBootDisk_FW
0xff836ac8,MakeDirectory_Fut
0xffaee450,MakeScriptDisk_FW
0xff8141e8,malloc
0xff83aeec,malloc_strictly
0xffb5358c,MeasureVcmDriveTimeWithPosition_FW
0xff98e9d0,Mecha.Create_FW
0xff98ea28,MechaReset_FW
0xff98ea34,MechaTerminate_FW
0xff98e994,MechaUnRegisterEventProcedure_FW
0xff8206d0,memcmp
0xff8206d0,memcmp_FW
0xff840750,memcpy
0xff840750,memcpy_FW
0xffaed948,MemoryChecker_FW
0xffa4d6e0,memset
0xffa4d6e0,memset_FW
0xff810dc8,memShow_FW
0xff8395a8,MenuIn
0xff8395d4,MenuOut
0xffa6c5d4,MergeAndConvertDefect_FW
0xff837578,mkdir
0xff8ba238,mktime_ext
0xffaedf68,MonSelEvent_FW
0xffb51fac,MoveComputerZoomToPoint_FW
0xff89d9e4,MoveControllerToTopOfZOrder_FW
0xff97d7c4,MoveCzPeakPositon_FW
0xffae8098,MoveCZToPoint_FW
0xffae8130,MoveCZToPointByOVF_FW
0xffae8100,MoveCZToTele_FW
0xffae80d0,MoveCZToWide_FW
0xffae8624,MoveFocusActuator_FW
0xffb52c90,MoveFocusDistance_FW
0xffb52c90,MoveFocusLensToDistance
0xffb52c90,MoveFocusLensToDistance_FW
0xffb52b78,MoveFocusLensToPosition_FW
0xffb52a64,MoveFocusLensToPositionWithMaxSpeed_FW
0xffb52aa8,MoveFocusLensToPositionWithSpeed_FW
0xffae82b4,MoveFocusLensToTerminate_FW
0xffb52980,MoveFocusLensToTerminatePosition_FW
0xffae8310,MoveFocusLensWithDistance_FW
0xffae8414,MoveFocusLensWithPosition_FW
0xffae851c,MoveFocusLensWithPositionWithoutBacklash_FW
0xffb52bc8,MoveFocusPosition_FW
0xffb52980,MoveFocusToTerminate_FW
0xffb50718,MoveIrisFullClose_FW
0xffb506e4,MoveIrisFullOpen_FW
0xffb507bc,MoveIrisMechaPositionWithBacklash_FW
0xffb507f8,MoveIrisMechaPositionWithoutBacklash_FW
0xffb5055c,MoveIrisToAv_FW
0xffb50834,MoveIrisToAvWithoutBacklash_FW
0xffae8d70,MoveIrisToFullClose_FW
0xffae8d48,MoveIrisToFullOpen_FW
0xffae8cf4,MoveIrisToPositionWithBacklash_FW
0xffae8dcc,MoveIrisToPositionWithoutBacklash_FW
0xffae8c6c,MoveIrisToStandbyPosition_FW
0xffae8d20,MoveIrisToTerminatePosition_FW
0xffae8c94,MoveIrisWithAv
0xffae8c94,MoveIrisWithAv_FW
0xffae8cc0,MoveIrisWithAvAndSpeed_FW
0xffae8df8,MoveIrisWithAvAndSpeedWithoutBacklash_FW
0xffae8da0,MoveIrisWithAvWithoutBacklash_FW
0xffb50788,MoveIrisWithTerminatePosition_FW
0xffb5b6c4,MoveISLensToBottomLimitPosition_FW
0xff880194,MoveISLensToCentralPosition_FW
0xffb5b6b0,MoveISLensToLeftLimitPosition_FW
0xffb5b69c,MoveISLensToRightLimitPosition_FW
0xffb5b6d8,MoveISLensToTopLimitPosition_FW
0xffae8eec,MoveLensToFirstPoint_FW
0xffae8f34,MoveLensToTerminatePoint_FW
0xff83831c,MoveOpticalZoomAt
0xff984830,MoveUsm_FW
0xff9848a0,MoveUsmWithFreq_FW
0xffb7906c,MoveVcm_FW
0xffb7907c,MoveVcmWithTrigger_FW
0xff985b04,MoveZoomActuator_FW
0xffb51f70,MoveZoomLensToPoint_FW
0xffb51f34,MoveZoomLensToPosition_FW
0xffae9414,MoveZoomLensToTerminatePosition_FW
0xffae938c,MoveZoomLensWithPoint
0xffae938c,MoveZoomLensWithPoint_FW
0xffae93d0,MoveZoomLensWithPosition_FW
0xffb51f70,MoveZoomPoint_FW
0xffb51f34,MoveZoomPosition_FW
0xff8993bc,NewTaskShell
0xff89941c,NewTaskShell_FW
0xff9955a0,NR_GetDarkSubType
0xff9955a0,NR_GetDarkSubType_FW
0xff995610,NR_GetDefectCorrectType_FW
0xff9954f0,NR_SetDarkSubType
0xff9954f0,NR_SetDarkSubType_FW
0xff995574,NR_SetDefectCorrectType_FW
0xff995664,NR_SetDoubleNRType_FW
0xff995650,NR_SetLotasPonyType_FW
0xff9955e0,NR_SetTassenType_FW
0xff98ebe8,OffPrintPhySw_FW
0xffb5154c,OneShotWhigeBalance_FW
0xffb5154c,OneTypeWhiteBalance_FW
0xff98ebd8,OnPrintPhySw_FW
0xff837070,Open
0xff81aadc,open
0xff837070,Open_FW
0xff81f5c8,OpenConsole_FW
0xffacdbcc,OpenFastDir
0xff837218,OpenForScrip_FW
0xffae91bc,OpenMechaShutter_FW
0xffb509f8,OpenMShutter_FW
0xff8375e0,OpLog.Create_FW
0xff897bf8,OpLog.Get_FW
0xff897c18,OpLog.Play_FW
0xff897318,OpLog.ReadFromROM_FW
0xff897364,OpLog.ReadFromSD_FW
0xff897d48,OpLog.Start_FW
0xff8972ac,OpLog.Stop_FW
0xff8972d8,OpLog.WriteToROM_FW
0xff8977a4,OpLog.WriteToSD_FW
0xff95842c,OutputLogToFile_FW
0xff83aaf4,PauseTimeOfSystem
0xff8a30d0,PB2Rec
0xffaedeb0,Peek16_FW
0xffaedea8,Peek32_FW
0xffaedeb8,Peek8_FW
0xffa6c438,PointDefDetect_FW
0xffa6c8f4,PointKizuCheck_FW
0xff98efe0,Poke16_FW
0xff98efd0,Poke32_FW
0xff98eff0,Poke8_FW
0xff89e0c4,PostEventShootSeqToUI_FW
0xff89e000,PostLogicalEventForNotPowerType
0xff89e000,PostLogicalEventForNotPowerType_FW
0xff89e04c,PostLogicalEventToUI
0xff89e04c,PostLogicalEventToUI_FW
0xff83a614,PostMessageQueue
0xff83ae1c,PostMessageQueueStrictly
0xffb55db0,PreFixAE_FW
0xff86c448,PrintAdjKabotanInfo_FW
0xff86c154,PrintAdjTableMap_FW
0xff956164,PrintAllAEIntegData_FW
0xff892d98,Printf_FW
0xff95819c,PrintFaexeVersioin_FW
0xff958168,PrintFirmVersion_FW
0xffb551ec,PrintMultiWinScanTable_FW
0xffb55158,PrintScanTable_FW
0xff883c40,PT_ChangeZoomSpeed_FW
0xff883a98,PT_CompleteCaptModeChange_FW
0xff883aa8,PT_CompleteCharge_FW
0xff883ab0,PT_CompleteFileWrite_FW
0xff883a60,PT_CompletePreCapt_FW
0xff883a80,PT_CompleteStopDigZoom_FW
0xff883a78,PT_CompleteStopZoom_FW
0xff883a88,PT_CompleteStoreLens_FW
0xff883aa0,PT_CompleteSynchroWrite_FW
0xff883c74,PT_DoAELock_FW
0xff883c54,PT_DoAFLock_FW
0xff883ac0,PT_EraseAllFile_FW
0xff838554,PT_GetDigitalZoomPosition_FW
0xff883c28,PT_GetDigitalZoomTele_FW
0xff883b3c,PT_GetPropertyCaseInt_FW
0xff883ca4,PT_MFOff
0xff883ca4,PT_MFOff_FW
0xff883c94,PT_MFOn
0xff883c94,PT_MFOn_FW
0xff883ae8,PT_mod_FW
0xff883c14,PT_MoveDigitalZoomAt_FW
0xff883bf4,PT_MoveDigitalZoomToTele_FW
0xff883c04,PT_MoveDigitalZoomToWide
0xff883c04,PT_MoveDigitalZoomToWide_FW
0xff883bdc,PT_MoveOpticalZoomAt
0xff883bdc,PT_MoveOpticalZoomAt_FW
0xff883bb4,PT_MoveOpticalZoomToTele_FW
0xff883bc8,PT_MoveOpticalZoomToWide_FW
0xff883a90,PT_MovieRecordStopped_FW
0xff883a70,PT_NextShootAvailable_FW
0xff88e634,PT_PlaySound
0xff883a68,PT_RecreviewAvailable_FW
0xff883b10,PT_SetPropertyCaseInt_FW
0xff883ab8,PT_ShootPicture_FW
0xff883c84,PT_UnlockAE_FW
0xff883c64,PT_UnlockAF_FW
0xff9c149c,PTM_AllReset_FW
0xff8a072c,PTM_AllResetToFactorySetting_FW
0xff9c2410,PTM_BackupUIProperty_FW
0xff8a0b04,PTM_GetCurrentItem
0xff8a0b04,PTM_GetCurrentItem_FW
0xff9c1934,PTM_GetWorkingCaptureMode_FW
0xff9c2348,PTM_IsEnableItem_FW
0xff9c1ca8,PTM_NextItem
0xff9c1ca8,PTM_NextItem_FW
0xff9c1cb0,PTM_PrevItem
0xff9c1cb0,PTM_PrevItem_FW
0xff8a0ba8,PTM_RestoreUIProperty_FW
0xff8a0a2c,PTM_SetCurrentCaptureMode_FW
0xff9c194c,PTM_SetCurrentItem
0xff9c194c,PTM_SetCurrentItem_FW
0xff9c2060,PTM_SetPropertyEnable
0xff9c2060,PTM_SetProprietyEnable_FW
0xffb50904,PutInNdFilter
0xffb50904,PutInNdFilter_FW
0xffb5093c,PutOutNdFilter
0xffb5093c,PutOutNdFilter_FW
0xff89694c,PutsCameraLogEvent_FW
0xffb404dc,qsort
0xff909058,QuietImager_FW
0xffa4d820,rand
0xff81ad74,Read
0xff81ad74,Read_FW
0xffacdd20,ReadFastDir
0xffa4d75c,realloc
0xffad3140,reboot_fw_update
0xff8a1b14,Rec2PB
0xffae90e8,ReceiveMechaCircuitDataAll_FW
0xff83a4c8,ReceiveMessageQueue
0xff83adf0,ReceiveMessageQueueStrictly
0xff86c430,RefreshAdjustmentTableMirror_FW
0xff86c440,RefreshDefectTableMirror_FW
0xff8b80e8,RefreshPhysicalScreen
0xffb558dc,RegistColorMatrix_FW
0xff895b6c,RegisterEventProcedure
0xff81e838,RegisterInterruptHandler
0xff871900,RegistFirmScanNoticeCBR_FW
0xff891b20,ReleaseRecursiveLock
0xff84e088,ReloadAFAdjustment_FW
0xff908688,ReloadCdsAdjustment_FW
0xff918ca0,ReloadColorAdjustment_FW
0xffb59be0,ReloadDefectAdjustmentData_FW
0xffa74cf4,ReloadEfAdjustment_FW
0xffb528e0,ReloadFocusLensAdjustment_FW
0xff980aa8,ReloadGetaAdjustment_FW
0xffb505a8,ReloadIrisAdjustment_FW
0xffb5bcb8,ReloadISAdjustment_FW
0xffb508ec,ReloadNdFilterAdjustment_FW
0xffb59bc0,ReloadShadingAdjustmentData_FW
0xff8e2740,ReloadWBAdjustment_FW
0xffb51bdc,ReloadZoomAdjustment_FW
0xff837110,Remove
0xffab0a84,RemoveTransparentMemory_FW
0xff8369c0,RenameFile_Fut
0xffb52cf8,ResetFocus_FW
0xffae81dc,ResetFocusLens
0xffae81dc,ResetFocusLens_FW
0xffae8c10,ResetIris_FW
0xffadc6e8,ResetIrisActuator_FW
0xffb5074c,ResetIrisPosition_FW
0xff8710fc,ResetRegistNoticeCBR_FW
0xffb51e98,ResetZoom_FW
0xffae92e0,ResetZoomLens
0xffae92e0,ResetZoomLens_FW
0xffae930c,ResetZoomLensToFirst_FW
0xffae934c,ResetZoomLensToTermiante_FW
0xffb51fe8,ResetZoomToAdjFirstPoint_FW
0xffb5202c,ResetZoomToAdjTerminatePoint_FW
0xffb51ecc,ResetZoomToFirst_FW
0xffb51ecc,ResetZoomToFirstPoint_FW
0xffb51f00,ResetZoomToTerminate_FW
0xffb51f00,ResetZoomToTerminatePoint_FW
0xff83c788,Restart
0xff83ab04,ResumeTimeOfSystem
0xff898a64,RomCheckSum_FW
0xff81f280,RotateConsoleZOder_FW
0xff86c070,SaveAdjustmentTable_FW
0xff86c0f8,SaveAdjustmentValue_FW
0xffb575a4,SaveBatSenseOffsetAdjustmentTable_FW
0xffb57bd4,SaveBmpVRAMData_FW
0xff86c0e0,SaveDefectAdjTable_FW
0xffb58434,SaveFactoryReserveData_FW
0xffb57ffc,SaveFromImage_FW
0xffb57f64,SavePaletteData
0xffb57f64,SavePaletteData_FW
0xff93a9f0,Scene.ForbidContiSceneDetect_FW
0xff93aa1c,Scene.TestSunset_FW
0xff8b9318,ScreenLock
0xff8b937c,ScreenUnlock
0xffaedc60,SDump_FW
0xff88012c,SearchBCentralPosition_FW
0xff88012c,SearchISLensCentralPosition_FW
0xffb5412c,SelectAdjBPFilter_FW
0xffaeb3a4,SelectPositionSignal_FW
0xffae90c4,SendMechaCircuitData_FW
0xffa6c950,SensDefCrowdCheck_FW
0xff89fb94,set_control_event
0xffb55d28,SetAdj_AEMode_FW
0xff95775c,SetAdjAEIntegSmearLimitter_FW
0xffb54670,SetAdjAFIntegCrwAdd_FW
0xffb5414c,SetAdjAFWinPos_FW
0xffb4ff18,SetAdjCdsMode_FW
0xffb55c14,SetAE_CdsGainValue_FW
0xffb55ad8,SetAE_ShutterSpeed
0xffb55ad8,SetAE_ShutterSpeed_FW
0xff957754,SetAEIntegAverageOBData_FW
0xff956ae8,SetAEIntegCorrectProperty_FW
0xff956b8c,SetAEIntegralGetaTime_FW
0xff956b48,SetAEIntegralValueProperty_FW
0xff956a5c,SetAEIntegStrobeProperty_FW
0xff9573d0,SetAEIntegValueBit_FW
0xff95737c,SetAEIntegWindowsMode_FW
0xff8a02dc,SetAutoShutdownTime
0xff8a02dc,SetAutoShutdownTime_FW
0xffb5418c,SetBPFilterForBP_FW
0xffb4fe28,SetCDSGain_FW
0xffb4ff00,SetCDSGainStep_FW
0xffb4fe28,SetCdsGainValue_FW
0xffb4fe54,SetCdsPreGain_FW
0xffb4feac,SetCdsPreGainReg_FW
0xff8a9200,SetCurrentCaptureModeType
0xff8a9200,SetCurrentCaptureModeType_FW
0xffb575bc,SetDate
0xffb575bc,SetDate_FW
0xffb577b8,SetDay_FW
0xff95776c,SetDefaultAEIntegSmearLimitter_FW
0xff95a710,SetDefaultRecParameter_FW
0xffa6cc5c,SetDefectRecParam_FW
0xffb4fd94,SetDeltaCDSGain_FW
0xff836080,SetDUIDFixFlag_FW
0xff835fa0,SetDurianMode_FW
0xff891770,SetEventFlag
0xffb556b8,SetExStrobeMode_FW
0xff836010,SetFactoryMode_FW
0xffb58254,SetFactorySerialNumber_FW
0xffab058c,SetFaexeEventTableActivation_FW
0xff8373d4,SetFileAttributes
0xff837378,SetFileTimeStamp
0xffae87c0,SetFocusLensCondition_FW
0xffae87ac,SetFocusLensDefaultPullOutTable_FW
0xffae898c,SetFocusLensMaxSpeedLimit_FW
0xffae822c,SetFocusLensReseted_FW
0xffae86d4,SetFocusLensSpeed_FW
0xffae86ec,SetFocusLensSpeedTable_FW
0xffadb8d4,SetFocusResetState_FW
0xffaeb084,SetGyro10BitDACPitch_FW
0xffaeb098,SetGyro10BitDACYaw_FW
0xffaeb104,SetGyroFilterChargeStart_FW
0xffaeb11c,SetGyroFilterChargeStop_FW
0xffaeb0b4,SetGyroHPFINOffsetPitch_FW
0xffaeb0c8,SetGyroHPFINOffsetYaw_FW
0xffb57820,SetHour_FW
0xff895278,SetHPTimerAfterNow
0xff8952f8,SetHPTimerAfterTimeout
0xff98ec14,SetIgnoreAVJACK_FW
0xffb574e0,SetImageMode
0xffb575b4,SetImageMode_FW
0xffb57590,SetInputVoltage_FW
0xffaeb700,SetISCenterShiftA_FW
0xffaeb714,SetISCenterShiftB_FW
0xffaeb310,SetISControlType_FW
0xffaeb6b0,SetISCrossTalkCompA1_FW
0xffaeb6c4,SetISCrossTalkCompA2_FW
0xffaeb6d8,SetISCrossTalkCompB1_FW
0xffaeb6ec,SetISCrossTalkCompB2_FW
0xffb5be64,SetISCrossTalkCompCoeff_FW
0xffb5b8fc,SetISCutOffFreqIndex_FW
0xffaeae9c,SetISDriveAaxis_FW
0xffaeaeb0,SetISDriveBaxis_FW
0xffb5bac0,SetISGyro10BitDACPitch_FW
0xffb5badc,SetISGyro10BitDACYaw_FW
0xffb5bbe8,SetISGyroCompensationMode_FW
0xffb5bb70,SetISGyroFilterCharge_FW
0xffaeaf14,SetISGyroGainAaxis_FW
0xffaeaf28,SetISGyroGainBaxis_FW
0xffb5baf8,SetISGyroHPFINOffsetPitch_FW
0xffb5bb14,SetISGyroHPFINOffsetYaw_FW
0xffb5b82c,SetISGyroPitchGain_FW
0xffb5b840,SetISGyroPitchOffset_FW
0xffb5b818,SetISGyroYawGain_FW
0xffb5b83c,SetISGyroYawOffset_FW
0xffaeb544,SetISHallAmpFirstGain_FW
0xffb5b85c,SetISHallDevicePitchGain_FW
0xffb5b884,SetISHallDevicePitchOffset_FW
0xffb5b848,SetISHallDeviceYawGain_FW
0xffb5b870,SetISHallDeviceYawOffset_FW
0xffaeaeec,SetISHallGainAaxis_FW
0xffaeaf00,SetISHallGainBaxis_FW
0xffaeaec4,SetISHallOffsetAaxis_FW
0xffaeaed8,SetISHallOffsetBaxis_FW
0xffaeb3c8,SetISHPFCutoff_FW
0xffb5b8fc,SetISHPFCutOffFreqIndex_FW
0xffb5bdcc,SetISLensPWMMode_FW
0xffaeb4dc,SetISLPFAaxis_FW
0xffaeb4f0,SetISLPFBaxis_FW
0xffb5b90c,SetISLPFCutOffFreqAaxis_FW
0xffb5b91c,SetISLPFCutOffFreqBaxis_FW
0xffaeb334,SetISMovieStatus_FW
0xffb5b7f0,SetISPitchPWM_FW
0xffaeb324,SetISStillStatus_FW
0xffaeb0ec,SetISTuningFlag_FW
0xffb5bbb0,SetISTuningMode_FW
0xffb5bbc8,SetISTuningOff_FW
0xffb5b804,SetISYawPWM_FW
0xffb57a48,SetLangMenuType_FW
0xffae8f98,SetLensOutsideFlag_FW
0xff957728,SetLineDefMarkThroughMode_FW
0xff89ffa4,SetLogicalEventActive
0xffb5bd98,SetLoopGain_FW
0xffaeb610,SetLoopGainAdjValue_FW
0xffb5b930,SetLPFForParallelFilter_FW
0xffaeb358,SetLPFParallelBest_FW
0xffae90b0,SetMechaDeviceComparatorHysteresis_FW
0xffae9098,SetMechaDeviceComparatorThreshold_FW
0xffae9218,SetMechaShutterCloseDacSetting_FW
0xffae9234,SetMechaShutterOpenDacSetting_FW
0xffae9250,SetMechaShutterWaitTimeSetting_FW
0xffb57884,SetMinute_FW
0xff85057c,SetMontblancVSize_FW
0xffb5775c,SetMonth_FW
0xffb4fe20,SetObClamp_FW
0xffb4fe20,SetObClampValue_FW
0xffb514cc,SetOneShotWBParam_FW
0xffb514cc,SetOneTypeWBParam_FW
0xff9c2410,SetParameterData
0xffb58544,SetProductVolume_FW
0xff899878,SetPropertyCase
0xff98ebc8,SetRawSWCheckMode_FW
0xffb515e0,SetReferenceWBGainForCalibration_FW
0xffb53e50,SetScanLensIndex_FW
0xffb53f58,SetScanWindowMode_FW
0xff89fff4,SetScriptMode
0xff89fff4,SetScriptMode_FW
0xff98eb74,SetSDPwrPort_FW
0xffb578e8,SetSecond_FW
0xffb503d8,SetShutterSpeed_FW
0xffb50388,SetShutterSpeedWithMecha_FW
0xff81e878,SetSR
0xff870d6c,SetTestRecSkimmingYUV_FW
0xff83b37c,SetTimerAfter
0xff83b3fc,SetTimerWhen
0xffb5160c,SetToolCorrectCoefficient_FW
0xff984950,SetUsmCurrentPosition_FW
0xff984af8,SetUsmEncLedDuty_FW
0xff984a48,SetUsmEncLPF_FW
0xff9849a0,SetUsmFreqRange_FW
0xff984a24,SetUsmPulseWidth_FW
0xff9849f4,SetUsmStopSpeed_FW
0xff984a10,SetUsmSweepEndMarginSpeed_FW
0xff9849bc,SetUsmSweepFreq_FW
0xff98498c,SetUsmTargetFreq_FW
0xff984974,SetUsmTargetSpeed_FW
0xff83aab0,SetValidSystemCalender
0xffb795f8,SetVcmDacOutData_FW
0xffb79338,SetVcmDGain_FW
0xffb79358,SetVcmEViClamp_FW
0xffb79324,SetVcmIGain_FW
0xffb79588,SetVcmLogData_FW
0xffb7959c,SetVcmLogSampleTime_FW
0xffb795b8,SetVcmLogTrigger_FW
0xffb792d0,SetVcmOpenDriveDuty_FW
0xffb5330c,SetVcmOpenDriveMode_FW
0xffb792fc,SetVcmOpenDriveVoltageToInf_FW
0xffb792e8,SetVcmOpenDriveVoltageToNear_FW
0xffb79370,SetVcmParamLPF2_FW
0xffb7939c,SetVcmParamPLF_FW
0xffb79310,SetVcmPGain_FW
0xffb793c8,SetVcmPiDefaultPosition_FW
0xffb793f0,SetVcmPiFallThresholdLevel_FW
0xffb79404,SetVcmPiOverrunPulse_FW
0xffb793dc,SetVcmPiRiseThresholdLevel_FW
0xffb7929c,SetVcmPwmFrequency_FW
0xffb7941c,SetVcmScaleResetThreshold_FW
0xffb79100,SetVcmSrAPos_FW
0xffb53574,SetVcmSrAPosition_FW
0xffb79114,SetVcmSrBPos_FW
0xffb5357c,SetVcmSrBPosition_FW
0xffb791c4,SetVcmSrCGain_FW
0xffb7924c,SetVcmSrCNegPeak_FW
0xffb79194,SetVcmSrCOffset_FW
0xffb79238,SetVcmSrCPosPeak_FW
0xffb53564,SetVcmSrDAC_FW
0xffb53504,SetVcmSrDigGain_FW
0xffb534e4,SetVcmSrDigOffset_FW
0xffb791d8,SetVcmSrHGain_FW
0xffb791f8,SetVcmSrRefV_FW
0xffb791b0,SetVcmSrSGain_FW
0xffb5353c,SetVcmSrSignalNegPeak_FW
0xffb53524,SetVcmSrSignalPosPeak_FW
0xffb79224,SetVcmSrSNegPeak_FW
0xffb79180,SetVcmSrSOffset_FW
0xffb79210,SetVcmSrSPosPeak_FW
0xffb7903c,SetVcmTargetPosition_FW
0xffb79054,SetVcmTargetSpeed_FW
0xffb7945c,SetVcmTravelTimeMeasurePosition_FW
0xffb562f8,SetVideoOutType
0xffb56354,SetVideoOutType_FW
0xffb515a0,SetWBYlStandardWidth_FW
0xff957304,SetWhiteCoefficient_FW
0xffb576fc,SetYear_FW
0xffb5213c,SetZoomCommonDriveParam_FW
0xffb52088,SetZoomDriveParam_FW
0xffb52664,SetZoomEncComparatorHysterisis_FW
0xffb52654,SetZoomEncComparatorThreshold_FW
0xffb5270c,SetZoomLensCounter_FW
0xffae94fc,SetZoomLensEncLedDuty_FW
0xffb52070,SetZoomLensEncoderPowerControl_FW
0xffadef50,SetZoomLensICDriveData_FW
0xffae9454,SetZoomLensSpeedMode_FW
0xffb52100,SetZoomNormalDriveParam_FW
0xffb5b894,SetZoomPointToIS_FW
0xffaeb2bc,SetZoomPosition_FW
0xffb520c4,SetZoomResetDriveParam_FW
0xff987760,SetZoomResetState_FW
0xff98f020,ShowAllTaskInfo_FW
0xff8969fc,ShowCameraLog_FW
0xff896990,ShowCameraLogInfo_FW
0xffb55a80,ShowCurrentExp_FW
0xff86bc30,ShowDefaultAdjTableVersion_FW
0xffae88b8,ShowFocusLensCurrentSpeedTable_FW
0xff89e120,ShowLogicalEventName_FW
0xff98ea40,ShowMechaMacro_FW
0xff98ebb8,ShowPhySwStatus_FW
0xff98ebfc,ShowSDStatus_FW
0xffab09b4,ShowTransparentMemory_FW
0xff89a820,ShutdownPlayModeMenu_FW
0xff89a9a4,ShutdownPlayModeMenuWithoutPbRedraw_FW
0xff89a5cc,ShutdownRecModeMenu_FW
0xffb55fe0,SleepAE_FW
0xff83ac1c,SleepTask
0xff83ac1c,SleepTask_FW
0xff8205f4,sprintf_FW
0xffa4d814,srand
0xff883cb4,SS.Create_FW
0xffa4d850,sscanf_FW
0xffb54660,StartAdjAFInteg_FW
0xffb542ac,StartAdjAFService_FW
0xff95771c,StartAEIntegralService_FW
0xff880044,StartBDrive_FW
0xff88005c,StartBPanDrive_FW
0xff896a4c,StartCameraLog_FW
0xffb501b8,StartCaptureDrive_FW
0xffb54b28,StartCrwCustomScan_FW
0xffb54ab0,StartCustomScan_FW
0xff97d7bc,StartCzTuning_FW
0xffb56680,StartEVFDrive_FW
0xffb5663c,StartEVFDriveWithMode_FW
0xff836178,StartFactoryModeController_FW
0xffaeb7e0,StartImStEventProc_FW
0xff880044,StartISAdjustmentDrive_FW
0xff880044,StartISDrive_FW
0xffaeae60,StartISLocalAdjust_FW
0xff880080,StartISLocalAutoCenter_FW
0xff8800c0,StartISLocalHallAdjust_FW
0xff88005c,StartISPanDrive_FW
0xff958894,StartLogOut_FW
0xffaeb580,StartLoopGainCalc_FW
0xff89a524,StartPlayModeMenu_FW
0xff89a540,StartRecModeMenu
0xff89a540,StartRecModeMenu_FW
0xff81fe30,StartRedirectUART_FW
0xffab1078,StartSoundPlay_FW
0xffab1040,StartSoundRecord_FW
0xffb78f48,StartVcmClk_FW
0xffb7902c,StartVcmControl_FW
0xff898604,StartWDT_FW
0xff837240,stat
0xffb54604,StopAdjAFInteg_FW
0xffb5442c,StopAdjAFService_FW
0xff957404,StopAEIntegralService_FW
0xff880050,StopBDrive_FW
0xff880068,StopBPanDrive_FW
0xff896c10,StopCameraLog_FW
0xffb50058,StopCaptureDrive_FW
0xff854238,StopContinuousVRAMData_FW
0xffb54a48,StopCustomScan_FW
0xffb56384,StopEVFDrive_FW
0xff880050,StopISAdjustmentDrive_FW
0xff880050,StopISDrive_FW
0xff880068,StopISPanDrive_FW
0xff958538,StopLogOut_FW
0xffaeb650,StopLoopGainCalc_FW
0xffb55778,StopStrobeChargeForFA_FW
0xff984910,StopUsm_FW
0xff984920,StopUsmEmergency_FW
0xffb7908c,StopVcm_FW
0xffb7909c,StopVcmEmergency_FW
0xffb78f64,StopVcmvClk_FW
0xff898668,StopWDT_FW
0xff87ed4c,StopZoomEmergency_FW
0xff8b99f4,strcat
0xff8140b4,strchr
0xff82068c,strcmp
0xff8206b4,strcmp_FW
0xff820674,strcpy
0xff820674,strcpy_FW
0xff8b9c40,strftime
0xff814100,strlen
0xff814100,strlen_FW
0xff814068,strncmp
0xff81402c,strncpy
0xff8140d8,strrchr
0xff840a30,strtol
0xff840834,strtolx
0xffb56284,SwitchOffDisplay_FW
0xffb562bc,SwitchOnDisplay_FW
0xff98f6ec,System.Create_FW
0xff98f030,System.Delete_FW
0xff83a8e4,TakeSemaphore
0xff83a8e4,TakeSemaphore_FW
0xff83adc4,TakeSemaphoreStrictly
0xff84fcb8,task__ImageSensorTask
0x000c9a0c,task_AdditionAgent
0xff8ee758,task_AfIntSrvTask
0xff84bf88,task_AFTask
0xff868bd0,task_ASIF
0xff934908,task_AudioLvl
0xff93c1b4,task_AutoShutterMan
0xffb7a354,task_AviRead
0xff832b9c,task_BatteryTask
0xff862828,task_BeepTask
0xff8c9504,task_BrtMsrTask
0xff83c5e8,task_Bye
0xff886898,task_CaptSeq
0xff886898,task_CaptSeqTask
0xff8e57d0,task_ChaseFrame
0xff816124,task_ClockSave
0xffa75c20,task_CntFlashTask
0xff8a3b5c,task_CommonDrivers
0xff81ec58,task_ConsoleSvr
0xffaae1e4,task_CorrectLiveTassenTask
0xff993a98,task_CreateHeaderTask
0xffb5dfd0,task_CtgTotalTask
0xff89d018,task_CtrlSrv
0xff95c914,task_dccdCalcTask
0xffad08ac,task_DecJpgRd
0xff8e446c,task_DetectMoveTask
0xff8e8d5c,task_DevelopModule
0xff8e6614,task_DispFace
0xff9656e4,task_DPOFTask
0xff8aec50,task_DSITask
0xff8882c8,task_DvlpSeqTask
0xff8ebc48,task_EFChargeT
0xffb755dc,task_EfctConLowTask
0xffb75440,task_EfctConTask
0xff899308,task_EvShel
0xff8d07f0,task_ExpDrv
0xff8d07f0,task_ExpDrvTask
0xff8ae7bc,task_FaceFrame
0xff954398,task_Fencing
0xff9697e4,task_FileManMarkAllTask
0xffacabf8,task_FileScheduleTask
0xffacbbf4,task_FileWrite
0xffacbbf4,task_FileWriteTask
0xffacfac0,task_FilYuvMaker
0xffad9580,task_FocusEvent
0xffacd2fc,task_FORMAT_TASK_NAME
0xffacd114,task_FORMAT_TASK_PROGRESS
0xff873c14,task_FsIoNotifyTask
0xff863598,task_HdmiDriverTask
0xffad7d94,task_ImgDLight
0xff97437c,task_ImgEdt
0xff87ad54,task_ImgPlayDrv
0xff9752c4,task_ImgTrim
0xff8a3b24,task_InitFileModules
0xffadb91c,task_IrisEvent
0xff87f674,task_ISMainTask
0xff85f564,task_LcdConTask
0xff8647f4,task_LEDCon
0xff87c5b4,task_LensController
0xff87d068,task_LensController
0xff913f10,task_LiveImageTask
0xff81f310,task_LowConsole
0xff9833cc,task_MechaAlarm
0xff980e34,task_MechaCom
0xff87de90,task_MechaLog
0xffade440,task_MechaShutter
0xff960208,task_MetaCtg
0xffabd534,task_MetaCtgPrsTask
0xffabe4ec,task_MetaInspiTask
0xff937110,task_MotionVector
0xffae748c,task_MovEdit
0xff883320,task_MovieRecord
0xffae3564,task_MovPlay
0xffae1268,task_MovRead
0xff98c4e0,task_MovWrite
0xff926d78,task_NormalThumbCache
0xff8e2f50,task_OBCtrlTask
0xff897104,task_OpePlay
0xff8345e8,task_PhySw
0xff854330,task_PrcssFil
0xff922848,task_PTPSessionTASK
0xffa8de94,task_PTPtoFAPI_EventProcTask
0xffb8a604,task_ReadFileTask
0xffb0ab18,task_ReadMultiConTask
0xffb6e464,task_ReadScheduleTask
0xff9cb544,task_RealTimeHist
0xff87c10c,task_RedEyeCapt
0xff977510,task_RedEyePly
0xff865d08,task_RotaryEncoder
0xff939eb8,task_SceneDetectTask
0xff877614,task_SD1stInit
0xffaec63c,task_ShutterSoundTask
0xff90a0e4,task_SsgMainTask
0xff90a2dc,task_SsgPeriodTask
0xff8856ec,task_SsStartupTask
0xff88dea0,task_SsTask
0xff81faf0,task_Startup
0xff83d078,task_StartupImage
0xff91aac4,task_SynchTask
0xff91aa3c,task_SyncPeriod
0xff90dc18,task_TgTask
0xff869540,task_Thermometer
0xff91ccd8,task_TimerUtility
0xff983db0,task_TmgGen
0xff92ab34,task_TrnsCtrlTask
0xff81fcdc,task_UartLog
0xff988c9c,task_VcmMainTask
0xff8493b0,task_WBCtrl
0xff8c2e08,task_WBIntegTask
0xff8e06ac,task_WBLPFace
0xff898490,task_WdtPrint
0xff898544,task_WdtReset
0xff984dc8,task_ZoomEvent
0xff990ce8,TerminateAdjustmentSystem_FW
0xff870eac,Terminatedccd_FW
0xffb59c34,TerminateDefectAdjustment_FW
0xffb45c54,TerminateDefectRec_FW
0xff870eac,TerminateDigicon_FW
0xffb59f78,TerminateMechaDevice_FW
0xffab1100,TerminateSoundRec_FW
0xff8702ac,TerminateTestRec_FW
0xff893b60,time
0xff83a6cc,TryPostMessageQueue
0xff83a590,TryReceiveMessageQueue
0xff83a890,TryTakeSemaphore
0xff8b0570,TurnOffBackLight
0xff85f0b8,TurnOffDisplay
0xff83c534,TurnOffE1_FW
0xff8673e0,TurnOffVideoOutMode_FW
0xff8b0558,TurnOnBackLight
0xff85f0a8,TurnOnDisplay
0xff8673a8,TurnOnVideoOutMode_FW
0xff990bc0,UI.Create_FW
0xff990bc0,UI_RegistDebugEventProc_FW
0xff990bac,UI_ShowStateOfRecMode_FW
0xff89ffa4,UiEvnt_SetLogicalEventActive_FW
0xff8a0064,UiEvnt_StartDisguiseCradleStatus_FW
0xff8a0074,UiEvnt_StopDisguiseCradleStatus_FW
0xff9c8dd8,UIFS_Capture_FW
0xff9c8eac,UIFS_CaptureNoneStop_FW
0xff98fde8,UIFS_ChangeShootState_FW
0xff98fbfc,UIFS_ClosePopupStrobe_FW
0xff98fc8c,UIFS_ConnectVideo_FW
0xff98fcbc,UIFS_DisconnectVideo_FW
0xff98fd40,UIFS_EndClockMode_FW
0xff98ff18,UIFS_GetAvItem_FW
0xff98fe68,UIFS_GetAvItemCount_FW
0xff990070,UIFS_GetCurrentAvString_FW
0xff9900f0,UIFS_GetCurrentTvString_FW
0xff98fe30,UIFS_GetLastPath_FW
0xff98fd58,UIFS_GetMovieRecoadableNumber_FW
0xffa08a68,UIFS_GetNumberOfDisplayedImage_FW
0xff98fda0,UIFS_GetStillShotableNumber_FW
0xff990034,UIFS_GetTvItem_FW
0xff98fec0,UIFS_GetTvItemCount_FW
0xff98f980,UIFS_IsAutoPopupDownStrobe_FW
0xff98f988,UIFS_IsAvailableAvTvMode_FW
0xff98f968,UIFS_IsAvailableMovieRecDigZoom_FW
0xff98f960,UIFS_IsAvailableMovieRecOptZoom_FW
0xff98f978,UIFS_IsAvailableRecMenuAFMode_FW
0xff98f970,UIFS_IsAvailableServoAF_FW
0xff8ac2f0,UIFS_IsAvailableShots_FW
0xff98fc2c,UIFS_MountExtFlash_FW
0xff9ca054,UIFS_MoveZoomTo_FW
0xff98fbcc,UIFS_OpenPopupStrobe_FW
0xffb11c58,UIFS_PlayTrimExecuteAllImageSize_FW
0xff98fcf8,UIFS_PostModeDial_FW
0xff98fcf4,UIFS_RestartPostingUIEvent_FW
0xff98fb2c,UIFS_SetCaptureModeToP_FW
0xff98fd50,UIFS_SetCradleSetting_FW
0xff98fb6c,UIFS_SetDialMovieRec_FW
0xff98fbac,UIFS_SetDialPlay_FW
0xff98fb0c,UIFS_SetDialStillRec_FW
0xff98fe0c,UIFS_ShootSeqToUI_FW
0xff98fd30,UIFS_StartClockMode_FW
0xff8adc88,UIFS_StartMovieRecord_FW
0xff8adcac,UIFS_StopMovieRecord_FW
0xff98fcf0,UIFS_StopPostingUIEvent_FW
0xff98fc5c,UIFS_UnmountExtFlash_FW
0xff9aebdc,UIFS_WriteFirmInfoToFile
0xff9aebdc,UIFS_WriteFirmInfoToFile_FW
0xff8b3b30,UndisplayBusyOnScreen
0xff835ba8,UndisplayFactoryMode_FW
0xff892cac,UnLoadScript_FW
0xff838e0c,UnlockAE
0xff838af0,UnlockAF
0xff8a01bc,UnlockMainPower
0xff8a01bc,UnlockMainPower_FW
0xffb55914,UnregistColorMatrix_FW
0xff81e85c,UnregisterInterruptHandler
0xff8770cc,UpdateMBROnFlash
0xffaeabc8,UsmEnc_FW
0xffae99ec,UsmEncLevel_FW
0xffaea4f0,UsmFN_FW
0xffaea828,UsmFNForSD_FW
0xffae9938,UsmGainChangeSpeedGet_FW
0xffae996c,UsmGainChangeSpeedSet_FW
0xffae986c,UsmGainGet_FW
0xffae98d0,UsmGainSet_FW
0xffae99a4,UsmLGainGet_FW
0xffae99c0,UsmLGainSet_FW
0xffae9510,UsmMenu_FW
0xffaea20c,UsmTuning_FW
0xffae9c80,UsmWowFla_FW
0xffae9e5c,UsmWowFlaForSD_FW
0xff833178,VbattGet
0xff833178,VbattGet_FW
0xffb78fa4,VcmFirmTransfer_FW
0xffb78f7c,VcmResetHigh_FW
0xffb78f90,VcmResetLow_FW
0xffaeda84,VerifyByte_FW
0xff820638,vsprintf
0xff98f00c,Wait_FW
0xff8916b0,WaitForAllEventFlag
0xff83ae74,WaitForAllEventFlagStrictly
0xff8915cc,WaitForAnyEventFlag
0xff83ae48,WaitForAnyEventFlagStrictly
0xff83716c,Write
0xff83716c,Write_FW
0xff86c4d4,WRITEADJTABLETOFROM_FW
0xff86c4f8,WRITEADJUSTMENTDATATOFROM_FW
0xffb5b744,WriteGyroAdjustment_FW
0xffb5b704,WriteHallDeviceAdjustment_FW
0xffae8fe8,WriteMechaLogToFile_FW
0xffae8fc8,WriteMechaLogToRom_FW
0xffb5b7c0,WritePWMAdjustment_FW
0xff96da40,WriteSDCard
0xff892a54,WriteToRom_FW
